Name,Team,Bye,Pos,PosRank,Name&Team,Projected Score,QB Score,RB Score,WR Score,TE Score,Undrafted Players ADP Rank,ADP,Joe Bond's Undrafted Players Rank,Joe Bond's Rank,Undrafted Players Overall Value Rank,Overall value,QB Value,RB Value,WR Value,TE Value,,new overall value
Puka Nacua,LAR,11,WR,1,Puka NacuaLAR,633.3762835,-999,-999,633.3762835,-999,1,3.37,4,4,1,15.968,-999.000,-999.000,3.109,-999.000,1,15.968
Jaxon Smith-Njigba,SEA,11,WR,2,Jaxon Smith-NjigbaSEA,612.7830927,-999,-999,612.7830927,-999,7,6.6,5,5,2,15.238,-999.000,-999.000,2.959,-999.000,2,15.238
Ja'Marr Chase,CIN,6,WR,3,Ja'Marr ChaseCIN,597.8163766,-999,-999,597.8163766,-999,3,3.57,3,3,3,14.707,-999.000,-999.000,2.850,-999.000,3,14.707
Josh Allen,BUF,7,QB,1,Josh AllenBUF,616.9793497,616.9793497,-999,-999,-999,5,4.3,29,29,4,14.498,1.895,-999.000,-999.000,-999.000,11,11.078
Bijan Robinson,ATL,11,RB,1,Bijan RobinsonATL,564.0201718,-999,564.0201718,-999,-999,4,3.63,1,1,5,13.959,-999.000,2.748,-999.000,-999.000,4,13.959
Trey McBride,ARI,14,TE,1,Trey McBrideARI,558.507227,-999,-999,-999,558.507227,8,9.6,23,23,6,13.269,-999.000,-999.000,-999.000,3.249,5,13.269
Jahmyr Gibbs,DET,6,RB,2,Jahmyr GibbsDET,531.2942179,-999,531.2942179,-999,-999,2,3.46,2,2,7,12.760,-999.000,2.503,-999.000,-999.000,6,12.760
Amon-Ra St. Brown,DET,6,WR,4,Amon-Ra St. BrownDET,537.3034176,-999,-999,537.3034176,-999,10,11.09,8,8,8,12.561,-999.000,-999.000,2.410,-999.000,7,12.561
Brock Bowers,LV,13,TE,2,Brock BowersLV,520.5244186,-999,-999,-999,520.5244186,6,5.82,21,21,9,12.126,-999.000,-999.000,-999.000,2.955,8,11.926
Christian McCaffrey,SF,8,RB,3,Christian McCaffreySF,505.2101843,-999,505.2101843,-999,-999,9,10.66,7,7,10,11.804,-999.000,2.307,-999.000,-999.000,9,11.804
CeeDee Lamb,DAL,14,WR,5,CeeDee LambDAL,500.7956558,-999,-999,500.7956558,-999,12,13.22,9,9,11,11.267,-999.000,-999.000,2.144,-999.000,10,11.267
Justin Jefferson,MIN,6,WR,6,Justin JeffersonMIN,486.6703497,-999,-999,486.6703497,-999,11,12.27,12,12,12,10.766,-999.000,-999.000,2.042,-999.000,12,10.766
Drake London,ATL,11,WR,7,Drake LondonATL,486.4067282,-999,-999,486.4067282,-999,19,19.51,15,15,13,10.756,-999.000,-999.000,2.040,-999.000,13,10.756
Drake Maye,NE,11,QB,2,Drake MayeNE,589.303549,589.303549,-999,-999,-999,16,16.57,57,57,14,10.372,1.772,-999.000,-999.000,-999.000,14,10.372
Lamar Jackson,BAL,13,QB,3,Lamar JacksonBAL,586.0415465,586.0415465,-999,-999,-999,15,16.52,44,44,15,10.289,1.758,-999.000,-999.000,-999.000,15,10.289
Jonathan Taylor,IND,13,RB,4,Jonathan TaylorIND,460.5581493,-999,460.5581493,-999,-999,13,14.52,6,6,16,10.168,-999.000,1.973,-999.000,-999.000,16,10.168
Colston Loveland,CHI,10,TE,3,Colston LovelandCHI,467.5427173,-999,-999,-999,467.5427173,21,21.97,41,41,17,10.159,-999.000,-999.000,-999.000,2.544,18,10.054
George Pickens,DAL,14,WR,8,George PickensDAL,466.7172634,-999,-999,466.7172634,-999,26,28.19,26,26,18,10.058,-999.000,-999.000,1.896,-999.000,17,10.058
A.J. Brown,NE,11,WR,9,A.J. BrownNE,463.1659888,-999,-999,463.1659888,-999,22,23.22,22,22,19,9.932,-999.000,-999.000,1.871,-999.000,19,9.932
Nico Collins,HOU,8,WR,10,Nico CollinsHOU,459.0524055,-999,-999,459.0524055,-999,23,23.37,19,19,20,9.786,-999.000,-999.000,1.841,-999.000,20,9.786
Joe Burrow,CIN,6,QB,4,Joe BurrowCIN,565.2549971,565.2549971,-999,-999,-999,14,16.07,63,63,21,9.758,1.665,-999.000,-999.000,-999.000,21,9.758
Dak Prescott,DAL,14,QB,5,Dak PrescottDAL,561.2610429,561.2610429,-999,-999,-999,33,35.36,97,97,22,9.656,1.648,-999.000,-999.000,-999.000,22,9.656
Jayden Daniels,WAS,7,QB,6,Jayden DanielsWAS,557.6895223,557.6895223,-999,-999,-999,24,25.61,62,62,23,9.565,1.632,-999.000,-999.000,-999.000,23,9.565
Tyler Warren,IND,13,TE,4,Tyler WarrenIND,449.7593853,-999,-999,-999,449.7593853,28,28.93,55,55,24,9.524,-999.000,-999.000,-999.000,2.406,25,9.425
Zay Flowers,BAL,13,WR,11,Zay FlowersBAL,450.9035297,-999,-999,450.9035297,-999,42,44.03,39,39,25,9.497,-999.000,-999.000,1.781,-999.000,24,9.497
Brock Purdy,SF,8,QB,7,Brock PurdySF,550.0672003,550.0672003,-999,-999,-999,62,62.82,100,100,26,9.370,1.598,-999.000,-999.000,-999.000,26,9.370
Jared Goff,DET,6,QB,8,Jared GoffDET,549.8455928,549.8455928,-999,-999,-999,65,65.96,134,134,27,9.364,1.597,-999.000,-999.000,-999.000,27,9.364
Justin Herbert,LAC,7,QB,9,Justin HerbertLAC,546.7920007,546.7920007,-999,-999,-999,35,35.88,81,81,28,9.286,1.583,-999.000,-999.000,-999.000,28,9.286
De'Von Achane,MIA,6,RB,5,De'Von AchaneMIA,435.3967189,-999,435.3967189,-999,-999,18,19.18,13,13,29,9.246,-999.000,1.784,-999.000,-999.000,29,9.246
Matthew Stafford,LAR,11,QB,10,Matthew StaffordLAR,536.1910131,536.1910131,-999,-999,-999,59,60.24,125,125,30,9.016,1.536,-999.000,-999.000,-999.000,30,9.016
Trevor Lawrence,JAC,7,QB,11,Trevor LawrenceJAC,531.5007473,531.5007473,-999,-999,-999,51,52.01,92,92,31,8.896,1.515,-999.000,-999.000,-999.000,31,8.896
Caleb Williams,CHI,10,QB,12,Caleb WilliamsCHI,529.3901967,529.3901967,-999,-999,-999,30,33.93,79,79,32,8.842,1.506,-999.000,-999.000,-999.000,32,8.842
Patrick Mahomes,KC,5,QB,13,Patrick MahomesKC,528.8368499,528.8368499,-999,-999,-999,56,58.7,115,115,33,8.828,1.504,-999.000,-999.000,-999.000,33,8.828
Jalen Hurts,PHI,10,QB,14,Jalen HurtsPHI,522.7779011,522.7779011,-999,-999,-999,34,35.42,75,75,34,8.673,1.477,-999.000,-999.000,-999.000,34,8.673
James Cook III,BUF,7,RB,6,James Cook IIIBUF,415.2910954,-999,415.2910954,-999,-999,17,18.82,10,10,35,8.509,-999.000,1.633,-999.000,-999.000,35,8.509
DeVonta Smith,PHI,10,WR,12,DeVonta SmithPHI,422.9057082,-999,-999,422.9057082,-999,39,39.21,31,31,36,8.504,-999.000,-999.000,1.578,-999.000,36,8.504
Jaxson Dart,NYG,8,QB,15,Jaxson DartNYG,513.7680168,513.7680168,-999,-999,-999,61,62.01,87,87,37,8.443,1.437,-999.000,-999.000,-999.000,37,8.443
Baker Mayfield,TB,10,QB,16,Baker MayfieldTB,509.3613308,509.3613308,-999,-999,-999,86,86.87,139,139,38,8.331,1.417,-999.000,-999.000,-999.000,38,8.331
Chris Olave,NO,8,WR,13,Chris OlaveNO,416.0327841,-999,-999,416.0327841,-999,37,38.72,30,30,39,8.261,-999.000,-999.000,1.528,-999.000,39,8.261
Kyle Pitts Sr.,ATL,11,TE,5,Kyle Pitts Sr.ATL,412.7089661,-999,-999,-999,412.7089661,53,54.33,88,88,40,8.201,-999.000,-999.000,-999.000,2.119,41,8.116
Bo Nix,DEN,10,QB,17,Bo NixDEN,504.1746861,504.1746861,-999,-999,-999,70,69.18,110,110,41,8.198,1.394,-999.000,-999.000,-999.000,40,8.198
Tucker Kraft,GB,11,TE,6,Tucker KraftGB,412.3105612,-999,-999,-999,412.3105612,45,47.52,70,70,42,8.186,-999.000,-999.000,-999.000,2.116,42,8.102
Sam LaPorta,DET,6,TE,7,Sam LaPortaDET,409.4042797,-999,-999,-999,409.4042797,58,59.46,80,80,43,8.083,-999.000,-999.000,-999.000,2.093,45,7.999
Jordan Love,GB,11,QB,18,Jordan LoveGB,497.8493566,497.8493566,-999,-999,-999,82,83.7,140,140,44,8.037,1.366,-999.000,-999.000,-999.000,43,8.037
Rashee Rice,KC,5,WR,14,Rashee RiceKC,409.4289265,-999,-999,409.4289265,-999,40,40.49,25,25,45,8.026,-999.000,-999.000,1.480,-999.000,44,8.026
Sam Darnold,SEA,11,QB,19,Sam DarnoldSEA,495.3819993,495.3819993,-999,-999,-999,103,104.67,167,172,46,7.974,1.355,-999.000,-999.000,-999.000,46,7.974
Jameson Williams,DET,6,WR,15,Jameson WilliamsDET,406.0582439,-999,-999,406.0582439,-999,49,50.82,52,52,47,7.907,-999.000,-999.000,1.455,-999.000,47,7.907
Derrick Henry,BAL,13,RB,7,Derrick HenryBAL,398.7787556,-999,398.7787556,-999,-999,36,38.22,20,20,48,7.904,-999.000,1.510,-999.000,-999.000,48,7.904
Tetairoa McMillan,CAR,5,WR,16,Tetairoa McMillanCAR,404.3938422,-999,-999,404.3938422,-999,41,43.19,38,38,49,7.848,-999.000,-999.000,1.443,-999.000,49,7.848
Kyler Murray,MIN,6,QB,20,Kyler MurrayMIN,490.4071225,490.4071225,-999,-999,-999,96,96.88,120,120,50,7.847,1.333,-999.000,-999.000,-999.000,50,7.847
Tyler Shough,NO,8,QB,21,Tyler ShoughNO,483.9388591,483.9388591,-999,-999,-999,94,95.31,133,133,51,7.682,1.304,-999.000,-999.000,-999.000,51,7.682
Harold Fannin Jr.,CLE,11,TE,8,Harold Fannin Jr.CLE,396.6078999,-999,-999,-999,396.6078999,50,51.49,71,71,52,7.626,-999.000,-999.000,-999.000,1.994,52,7.547
C.J. Stroud,HOU,8,QB,22,C.J. StroudHOU,477.3552688,477.3552688,-999,-999,-999,109,110.4,160,164,53,7.513,1.275,-999.000,-999.000,-999.000,53,7.513
Saquon Barkley,PHI,10,RB,8,Saquon BarkleyPHI,384.0024645,-999,384.0024645,-999,-999,25,28.09,14,14,54,7.362,-999.000,1.399,-999.000,-999.000,54,7.362
Travis Kelce,KC,5,TE,9,Travis KelceKC,387.230159,-999,-999,-999,387.230159,77,78.12,101,101,55,7.291,-999.000,-999.000,-999.000,1.922,58,7.215
Tee Higgins,CIN,6,WR,17,Tee HigginsCIN,387.9886162,-999,-999,387.9886162,-999,44,46.97,32,32,56,7.266,-999.000,-999.000,1.324,-999.000,55,7.266
Garrett Wilson,NYJ,13,WR,18,Garrett WilsonNYJ,387.7178514,-999,-999,387.7178514,-999,43,45.22,34,34,57,7.256,-999.000,-999.000,1.322,-999.000,56,7.256
Ashton Jeanty,LV,13,RB,9,Ashton JeantyLV,380.211903,-999,380.211903,-999,-999,20,21.51,11,11,58,7.223,-999.000,1.370,-999.000,-999.000,57,7.223
Terry McLaurin,WAS,7,WR,19,Terry McLaurinWAS,379.8436468,-999,-999,379.8436468,-999,60,60.97,47,47,59,6.977,-999.000,-999.000,1.264,-999.000,59,6.977
Breece Hall,NYJ,13,RB,10,Breece HallNYJ,373.4809113,-999,373.4809113,-999,-999,47,48.34,35,35,60,6.977,-999.000,1.320,-999.000,-999.000,60,6.977
Ladd McConkey,LAC,7,WR,20,Ladd McConkeyLAC,376.8779535,-999,-999,376.8779535,-999,46,47.64,42,42,61,6.872,-999.000,-999.000,1.243,-999.000,61,6.872
Chase Brown,CIN,6,RB,11,Chase BrownCIN,370.3104457,-999,370.3104457,-999,-999,31,34.6,16,16,62,6.860,-999.000,1.296,-999.000,-999.000,62,6.860
Daniel Jones,IND,13,QB,23,Daniel JonesIND,449.2536972,449.2536972,-999,-999,-999,126,124.99,173,179,63,6.796,1.150,-999.000,-999.000,-999.000,63,6.796
George Kittle,SF,8,TE,10,George KittleSF,372.665273,-999,-999,-999,372.665273,75,73.45,103,103,64,6.770,-999.000,-999.000,-999.000,1.809,65,6.700
Jaylen Waddle,DEN,10,WR,21,Jaylen WaddleDEN,372.4813163,-999,-999,372.4813163,-999,55,56.22,43,43,65,6.716,-999.000,-999.000,1.211,-999.000,64,6.716
Kenneth Walker III,KC,5,RB,12,Kenneth Walker IIIKC,365.7674965,-999,365.7674965,-999,-999,29,30.79,18,18,66,6.694,-999.000,1.262,-999.000,-999.000,66,6.694
Malik Nabers,NYG,8,WR,22,Malik NabersNYG,370.8853755,-999,-999,370.8853755,-999,32,35.09,28,28,67,6.660,-999.000,-999.000,1.199,-999.000,67,6.660
Jeremiyah Love,ARI,14,RB,13,Jeremiyah LoveARI,364.6610302,-999,364.6610302,-999,-999,38,39.15,27,27,68,6.653,-999.000,1.254,-999.000,-999.000,68,6.653
Alec Pierce,IND,13,WR,23,Alec PierceIND,369.7206362,-999,-999,369.7206362,-999,80,81.39,66,66,69,6.618,-999.000,-999.000,1.191,-999.000,69,6.618
Malik Willis,MIA,6,QB,24,Malik WillisMIA,441.3749733,441.3749733,-999,-999,-999,123,121.14,148,149,70,6.595,1.115,-999.000,-999.000,-999.000,70,6.595
Christian Watson,GB,11,WR,24,Christian WatsonGB,368.1240669,-999,-999,368.1240669,-999,71,69.55,48,48,71,6.562,-999.000,-999.000,1.179,-999.000,71,6.562
Emeka Egbuka,TB,10,WR,25,Emeka EgbukaTB,367.8139402,-999,-999,367.8139402,-999,48,49.52,50,50,72,6.551,-999.000,-999.000,1.177,-999.000,72,6.551
Luther Burden III,CHI,10,WR,26,Luther Burden IIICHI,362.1096862,-999,-999,362.1096862,-999,52,53.87,40,40,73,6.348,-999.000,-999.000,1.135,-999.000,73,6.348
Omarion Hampton,LAC,7,RB,14,Omarion HamptonLAC,355.1766181,-999,355.1766181,-999,-999,27,28.39,17,17,74,6.306,-999.000,1.183,-999.000,-999.000,74,6.306
Josh Jacobs,GB,11,RB,15,Josh JacobsGB,347.2931124,-999,347.2931124,-999,-999,57,58.81,24,24,75,6.017,-999.000,1.124,-999.000,-999.000,75,6.017
Bryce Young,CAR,5,QB,25,Bryce YoungCAR,417.8608753,417.8608753,-999,-999,-999,132,130.92,185,202,76,5.994,1.011,-999.000,-999.000,-999.000,76,5.994
Aaron Rodgers,PIT,9,QB,26,Aaron RodgersPIT,414.5663614,414.5663614,-999,-999,-999,164,165.41,234,272,77,5.910,0.996,-999.000,-999.000,-999.000,77,5.910
Juwan Johnson,NO,8,TE,11,Juwan JohnsonNO,345.6519095,-999,-999,-999,345.6519095,124,121.34,154,158,78,5.806,-999.000,-999.000,-999.000,1.599,79,5.745
Davante Adams,LAR,11,WR,27,Davante AdamsLAR,346.585762,-999,-999,346.585762,-999,67,66.67,46,46,79,5.798,-999.000,-999.000,1.022,-999.000,78,5.798
Dalton Kincaid,BUF,7,TE,12,Dalton KincaidBUF,345.4281887,-999,-999,-999,345.4281887,85,86.43,112,112,80,5.798,-999.000,-999.000,-999.000,1.598,80,5.738
Cameron Ward,TEN,9,QB,27,Cameron WardTEN,406.38398,406.38398,-999,-999,-999,121,120.33,183,199,81,5.701,0.960,-999.000,-999.000,-999.000,81,5.701
Dallas Goedert,PHI,10,TE,13,Dallas GoedertPHI,342.5201801,-999,-999,-999,342.5201801,97,97.81,131,131,82,5.694,-999.000,-999.000,-999.000,1.575,84,5.635
DK Metcalf,PIT,9,WR,28,DK MetcalfPIT,343.2546792,-999,-999,343.2546792,-999,88,88.33,69,69,83,5.680,-999.000,-999.000,0.998,-999.000,82,5.680
Kyren Williams,LAR,11,RB,16,Kyren WilliamsLAR,337.2451516,-999,337.2451516,-999,-999,54,55.16,37,37,84,5.649,-999.000,1.048,-999.000,-999.000,83,5.649
Mike Evans,SF,8,WR,29,Mike EvansSF,339.6687734,-999,-999,339.6687734,-999,68,68.51,53,53,85,5.553,-999.000,-999.000,0.972,-999.000,85,5.553
Rome Odunze,CHI,10,WR,30,Rome OdunzeCHI,339.3905561,-999,-999,339.3905561,-999,73,70.69,59,59,86,5.543,-999.000,-999.000,0.970,-999.000,86,5.543
Cam Skattebo,NYG,8,RB,17,Cam SkatteboNYG,333.9207452,-999,333.9207452,-999,-999,76,73.57,45,45,87,5.527,-999.000,1.024,-999.000,-999.000,87,5.527
Isaiah Likely,NYG,8,TE,14,Isaiah LikelyNYG,336.3010678,-999,-999,-999,336.3010678,93,94.57,123,123,88,5.472,-999.000,-999.000,-999.000,1.527,89,5.415
DJ Moore,BUF,7,WR,31,DJ MooreBUF,336.230189,-999,-999,336.230189,-999,66,66.58,60,60,89,5.431,-999.000,-999.000,0.947,-999.000,88,5.431
Travis Etienne Jr.,NO,8,RB,18,Travis Etienne Jr.NO,330.0195006,-999,330.0195006,-999,-999,63,62.99,36,36,90,5.384,-999.000,0.994,-999.000,-999.000,90,5.384
Hunter Henry,NE,11,TE,15,Hunter HenryNE,332.4014121,-999,-999,-999,332.4014121,117,116.66,145,145,91,5.332,-999.000,-999.000,-999.000,1.497,91,5.277
Geno Smith,NYJ,13,QB,28,Geno SmithNYJ,387.4415329,387.4415329,-999,-999,-999,165,167.05,206,234,92,5.218,0.876,-999.000,-999.000,-999.000,92,5.218
Bucky Irving,TB,10,RB,19,Bucky IrvingTB,324.3211708,-999,324.3211708,-999,-999,74,72.63,49,49,93,5.175,-999.000,0.952,-999.000,-999.000,93,5.175
Jacoby Brissett,ARI,14,QB,29,Jacoby BrissettARI,382.1073821,382.1073821,-999,-999,-999,152,156.84,189,207,94,5.081,0.852,-999.000,-999.000,-999.000,94,5.081
Mark Andrews,BAL,13,TE,16,Mark AndrewsBAL,324.797174,-999,-999,-999,324.797174,95,96.13,119,119,95,5.061,-999.000,-999.000,-999.000,1.438,96,5.008
Courtland Sutton,DEN,10,WR,32,Courtland SuttonDEN,325.0531262,-999,-999,325.0531262,-999,92,92.52,73,73,96,5.034,-999.000,-999.000,0.866,-999.000,95,5.034
Brian Thomas Jr.,JAC,7,WR,33,Brian Thomas Jr.JAC,323.257615,-999,-999,323.257615,-999,78,78.84,83,83,97,4.971,-999.000,-999.000,0.852,-999.000,97,4.971
Parker Washington,JAC,7,WR,34,Parker WashingtonJAC,322.1321749,-999,-999,322.1321749,-999,91,92.39,74,74,98,4.931,-999.000,-999.000,0.844,-999.000,98,4.931
Carnell Tate,TEN,9,WR,35,Carnell TateTEN,317.3338346,-999,-999,317.3338346,-999,69,68.67,64,64,99,4.760,-999.000,-999.000,0.809,-999.000,99,4.760
D'Andre Swift,CHI,10,RB,20,D'Andre SwiftCHI,311.9420444,-999,311.9420444,-999,-999,83,84.78,51,51,100,4.722,-999.000,0.859,-999.000,-999.000,100,4.722
Marvin Harrison Jr.,ARI,14,WR,36,Marvin Harrison Jr.ARI,315.87215,-999,-999,315.87215,-999,84,85.73,67,67,101,4.709,-999.000,-999.000,0.799,-999.000,101,4.709
Javonte Williams,DAL,14,RB,21,Javonte WilliamsDAL,305.8025243,-999,305.8025243,-999,-999,64,65.25,33,33,102,4.497,-999.000,0.813,-999.000,-999.000,102,4.497
Chris Godwin Jr.,TB,10,WR,37,Chris Godwin Jr.TB,305.3314306,-999,-999,305.3314306,-999,101,103.37,84,84,103,4.335,-999.000,-999.000,0.722,-999.000,103,4.335
Michael Wilson,ARI,14,WR,38,Michael WilsonARI,303.3824714,-999,-999,303.3824714,-999,100,102.22,93,93,104,4.266,-999.000,-999.000,0.708,-999.000,104,4.266
Jake Ferguson,DAL,14,TE,17,Jake FergusonDAL,318.9614473,-999,-999,-999,318.9614473,90,90.67,121,121,105,4.106,-999.000,-999.000,-999.000,1.392,105,4.106
Stefon Diggs,FA,,WR,39,Stefon DiggsFA,298.3272772,-999,-999,298.3272772,-999,142,140.39,182,197,106,4.086,-999.000,-999.000,0.671,-999.000,106,4.086
Brenton Strange,JAC,7,TE,18,Brenton StrangeJAC,315.2473022,-999,-999,-999,315.2473022,112,112.33,146,146,107,3.994,-999.000,-999.000,-999.000,1.364,107,3.994
Jordyn Tyson,NO,8,WR,40,Jordyn TysonNO,294.8265571,-999,-999,294.8265571,-999,87,87.07,65,65,108,3.962,-999.000,-999.000,0.646,-999.000,108,3.962
Jayden Reed,GB,11,WR,41,Jayden ReedGB,293.9030866,-999,-999,293.9030866,-999,115,114.55,85,85,109,3.930,-999.000,-999.000,0.639,-999.000,109,3.930
Jakobi Meyers,JAC,7,WR,42,Jakobi MeyersJAC,293.8165459,-999,-999,293.8165459,-999,106,108.45,89,89,110,3.926,-999.000,-999.000,0.638,-999.000,110,3.926
Ricky Pearsall,SF,8,WR,43,Ricky PearsallSF,291.5851656,-999,-999,291.5851656,-999,110,110.7,90,90,111,3.847,-999.000,-999.000,0.622,-999.000,111,3.847
Quinshon Judkins,CLE,11,RB,22,Quinshon JudkinsCLE,287.5078426,-999,287.5078426,-999,-999,79,78.93,54,54,112,3.826,-999.000,0.676,-999.000,-999.000,112,3.826
Jaylen Warren,PIT,9,RB,23,Jaylen WarrenPIT,285.9615535,-999,285.9615535,-999,-999,108,109.54,76,76,113,3.769,-999.000,0.664,-999.000,-999.000,113,3.769
Dalton Schultz,HOU,8,TE,19,Dalton SchultzHOU,307.5237527,-999,-999,-999,307.5237527,130,129.5,176,184,114,3.760,-999.000,-999.000,-999.000,1.304,114,3.760
David Montgomery,HOU,8,RB,24,David MontgomeryHOU,285.3398429,-999,285.3398429,-999,-999,89,88.66,56,56,115,3.747,-999.000,0.659,-999.000,-999.000,115,3.747
Oronde Gadsden,LAC,7,TE,20,Oronde GadsdenLAC,306.850431,-999,-999,-999,306.850431,102,103.88,155,159,116,3.740,-999.000,-999.000,-999.000,1.298,116,3.740
Jordan Addison,MIN,6,WR,44,Jordan AddisonMIN,287.3170157,-999,-999,287.3170157,-999,104,106.52,94,94,117,3.696,-999.000,-999.000,0.591,-999.000,117,3.696
TreVeyon Henderson,NE,11,RB,25,TreVeyon HendersonNE,280.3869885,-999,280.3869885,-999,-999,72,69.87,58,58,118,3.565,-999.000,0.622,-999.000,-999.000,118,3.565
Fernando Mendoza,LV,13,QB,30,Fernando MendozaLV,321.9903203,321.9903203,-999,-999,-999,147,143.08,210,240,119,3.546,0.585,-999.000,-999.000,-999.000,119,3.546
Rhamondre Stevenson,NE,11,RB,26,Rhamondre StevensonNE,277.6381097,-999,277.6381097,-999,-999,119,119.92,78,78,120,3.464,-999.000,0.602,-999.000,-999.000,120,3.464
Bhayshul Tuten,JAC,7,RB,27,Bhayshul TutenJAC,276.2090013,-999,276.2090013,-999,-999,81,83.48,61,61,121,3.412,-999.000,0.591,-999.000,-999.000,121,3.412
Michael Pittman Jr.,PIT,9,WR,45,Michael Pittman Jr.PIT,278.6931871,-999,-999,278.6931871,-999,111,111.19,99,99,122,3.390,-999.000,-999.000,0.528,-999.000,122,3.390
Quentin Johnston,LAC,7,WR,46,Quentin JohnstonLAC,278.5315383,-999,-999,278.5315383,-999,105,106.71,102,102,123,3.384,-999.000,-999.000,0.527,-999.000,123,3.384
Josh Downs,IND,13,WR,47,Josh DownsIND,277.8454271,-999,-999,277.8454271,-999,113,113.09,107,107,124,3.360,-999.000,-999.000,0.522,-999.000,124,3.360
T.J. Hockenson,MIN,6,TE,21,T.J. HockensonMIN,292.7735854,-999,-999,-999,292.7735854,139,134.43,178,187,125,3.315,-999.000,-999.000,-999.000,1.189,125,3.315
Romeo Doubs,NE,11,WR,48,Romeo DoubsNE,276.3605717,-999,-999,276.3605717,-999,136,132.85,109,109,126,3.307,-999.000,-999.000,0.511,-999.000,126,3.307
Kenyon Sadiq,NYJ,13,TE,22,Kenyon SadiqNYJ,292.2724737,-999,-999,-999,292.2724737,125,123.28,164,169,127,3.300,-999.000,-999.000,-999.000,1.185,127,3.300
Chigoziem Okonkwo,WAS,7,TE,23,Chigoziem OkonkwoWAS,291.8992871,-999,-999,-999,291.8992871,128,126.6,156,160,128,3.288,-999.000,-999.000,-999.000,1.183,128,3.288
Khalil Shakir,BUF,7,WR,49,Khalil ShakirBUF,274.3842608,-999,-999,274.3842608,-999,129,129.29,126,126,129,3.237,-999.000,-999.000,0.497,-999.000,129,3.237
Xavier Worthy,KC,5,WR,50,Xavier WorthyKC,271.472596,-999,-999,271.472596,-999,120,119.99,111,111,130,3.134,-999.000,-999.000,0.476,-999.000,130,3.134
Tony Pollard,TEN,9,RB,28,Tony PollardTEN,266.2912536,-999,266.2912536,-999,-999,118,118.62,77,77,131,3.049,-999.000,0.517,-999.000,-999.000,131,3.049
Greg Dulcich,MIA,6,TE,24,Greg DulcichMIA,278.7426473,-999,-999,-999,278.7426473,156,160.43,228,265,132,2.891,-999.000,-999.000,-999.000,1.081,132,2.891
Wan'Dale Robinson,TEN,9,WR,51,Wan'Dale RobinsonTEN,263.7400405,-999,-999,263.7400405,-999,116,115.94,106,106,133,2.860,-999.000,-999.000,0.419,-999.000,133,2.860
Rico Dowdle,PIT,9,RB,29,Rico DowdlePIT,258.8082877,-999,258.8082877,-999,-999,122,121.08,86,86,134,2.774,-999.000,0.461,-999.000,-999.000,134,2.774
Makai Lemon,PHI,10,WR,52,Makai LemonPHI,259.7913209,-999,-999,259.7913209,-999,99,100.28,82,82,135,2.720,-999.000,-999.000,0.391,-999.000,135,2.720
Cade Otton,TB,10,TE,25,Cade OttonTB,272.4070939,-999,-999,-999,272.4070939,150,154.08,217,253,136,2.699,-999.000,-999.000,-999.000,1.031,136,2.699
Jadarian Price,SEA,11,RB,30,Jadarian PriceSEA,256.6650281,-999,256.6650281,-999,-999,98,98.96,72,72,137,2.696,-999.000,0.445,-999.000,-999.000,137,2.696
Pat Freiermuth,PIT,9,TE,26,Pat FreiermuthPIT,271.2152143,-999,-999,-999,271.2152143,172,173.6,216,251,138,2.663,-999.000,-999.000,-999.000,1.022,138,2.663
Chuba Hubbard,CAR,5,RB,31,Chuba HubbardCAR,252.9963454,-999,252.9963454,-999,-999,114,114,68,68,139,2.561,-999.000,0.417,-999.000,-999.000,139,2.561
Matthew Golden,GB,11,WR,53,Matthew GoldenGB,249.3322144,-999,-999,249.3322144,-999,131,129.78,124,124,140,2.349,-999.000,-999.000,0.315,-999.000,140,2.349
KC Concepcion,CLE,11,WR,54,KC ConcepcionCLE,245.5441263,-999,-999,245.5441263,-999,135,132.7,172,178,141,2.215,-999.000,-999.000,0.287,-999.000,141,2.215
AJ Barner,SEA,11,TE,27,AJ BarnerSEA,256.2829723,-999,-999,-999,256.2829723,143,140.44,190,209,142,2.212,-999.000,-999.000,-999.000,0.907,142,2.212
Deebo Samuel,FA,,WR,55,Deebo SamuelFA,243.3177304,-999,-999,243.3177304,-999,185,186.34,291,350,143,2.136,-999.000,-999.000,0.271,-999.000,143,2.136
Jayden Higgins,HOU,8,WR,56,Jayden HigginsHOU,237.8724212,-999,-999,237.8724212,-999,138,134.42,118,118,144,1.942,-999.000,-999.000,0.231,-999.000,144,1.942
Jalen Coker,CAR,5,WR,57,Jalen CokerCAR,235.0912286,-999,-999,235.0912286,-999,137,133.83,122,122,145,1.844,-999.000,-999.000,0.211,-999.000,145,1.844
Rashid Shaheed,SEA,11,WR,58,Rashid ShaheedSEA,232.4778512,-999,-999,232.4778512,-999,145,142,135,135,146,1.751,-999.000,-999.000,0.192,-999.000,146,1.751
Gunnar Helm,TEN,9,TE,28,Gunnar HelmTEN,235.841377,-999,-999,-999,235.841377,151,156.26,198,221,147,1.594,-999.000,-999.000,-999.000,0.748,147,1.594
J.K. Dobbins,DEN,10,RB,32,J.K. DobbinsDEN,225.2576377,-999,225.2576377,-999,-999,127,125.92,91,91,148,1.545,-999.000,0.209,-999.000,-999.000,148,1.545
Kenneth Gainwell,TB,10,RB,33,Kenneth GainwellTB,224.9395577,-999,224.9395577,-999,-999,133,130.97,113,113,149,1.533,-999.000,0.207,-999.000,-999.000,149,1.533
RJ Harvey,DEN,10,RB,34,RJ HarveyDEN,223.6992738,-999,223.6992738,-999,-999,107,108.7,95,95,150,1.488,-999.000,0.198,-999.000,-999.000,150,1.488
Aaron Jones Sr.,MIN,6,RB,35,Aaron Jones Sr.MIN,221.8021277,-999,221.8021277,-999,-999,141,140.38,108,108,151,1.418,-999.000,0.183,-999.000,-999.000,151,1.418
Kyle Monangai,CHI,10,RB,36,Kyle MonangaiCHI,220.9904375,-999,220.9904375,-999,-999,134,131.06,96,96,152,1.389,-999.000,0.177,-999.000,-999.000,152,1.389
Tua Tagovailoa,ATL,11,QB,31,Tua TagovailoaATL,237.2618451,237.2618451,-999,-999,-999,162,164.38,261,306,153,1.383,0.209,-999.000,-999.000,-999.000,153,1.383
Tre Tucker,LV,13,WR,59,Tre TuckerLV,218.4836202,-999,-999,218.4836202,-999,175,175.77,159,163,154,1.255,-999.000,-999.000,0.090,-999.000,154,1.255
Jerry Jeudy,CLE,11,WR,60,Jerry JeudyCLE,218.4614355,-999,-999,218.4614355,-999,177,180.03,152,156,155,1.254,-999.000,-999.000,0.090,-999.000,155,1.254
Mike Gesicki,CIN,6,TE,29,Mike GesickiCIN,218.644392,-999,-999,-999,218.644392,195,191.75,246,287,156,1.074,-999.000,-999.000,-999.000,0.615,156,1.074
Calvin Ridley,TEN,9,WR,61,Calvin RidleyTEN,210.8039511,-999,-999,210.8039511,-999,205,202.24,162,167,157,0.983,-999.000,-999.000,0.034,-999.000,157,0.983
Rachaad White,WAS,7,RB,37,Rachaad WhiteWAS,209.0268029,-999,209.0268029,-999,-999,149,148.17,104,104,158,0.950,-999.000,0.088,-999.000,-999.000,158,0.950
Jalen McMillan,TB,10,WR,62,Jalen McMillanTB,209.440382,-999,-999,209.440382,-999,158,162.4,142,142,159,0.934,-999.000,-999.000,0.024,-999.000,159,0.934
Evan Engram,DEN,10,TE,30,Evan EngramDEN,211.9558406,-999,-999,-999,211.9558406,203,199.23,265,311,160,0.872,-999.000,-999.000,-999.000,0.563,160,0.872
Deshaun Watson,CLE,11,QB,32,Deshaun WatsonCLE,212.6859145,212.6859145,-999,-999,-999,210,205.96,244,284,161,0.755,0.100,-999.000,-999.000,-999.000,161,0.755
David Njoku,LAC,7,TE,31,David NjokuLAC,204.279731,-999,-999,-999,204.279731,167,169.34,215,247,162,0.640,-999.000,-999.000,-999.000,0.503,162,0.640
Colby Parkinson,LAR,11,TE,32,Colby ParkinsonLAR,199.8174599,-999,-999,-999,199.8174599,174,174.56,276,325,163,0.505,-999.000,-999.000,-999.000,0.469,163,0.505
Jauan Jennings,MIN,6,WR,63,Jauan JenningsMIN,197.3448572,-999,-999,197.3448572,-999,159,163.1,150,154,164,0.505,-999.000,-999.000,-0.064,-999.000,164,0.505
Terrance Ferguson,LAR,11,TE,33,Terrance FergusonLAR,195.2834786,-999,-999,-999,195.2834786,169,172.05,227,264,165,0.368,-999.000,-999.000,-999.000,0.434,165,0.368
Michael Penix Jr.,ATL,11,QB,33,Michael Penix Jr.ATL,196.3430408,196.3430408,-999,-999,-999,199,196.58,258,303,166,0.338,0.027,-999.000,-999.000,-999.000,166,0.338
Blake Corum,LAR,11,RB,38,Blake CorumLAR,191.2062618,-999,191.2062618,-999,-999,140,135.97,98,98,167,0.297,-999.000,-0.046,-999.000,-999.000,167,0.297
Jalen Nailor,LV,13,WR,64,Jalen NailorLV,191.3026987,-999,-999,191.3026987,-999,160,163.71,170,176,168,0.291,-999.000,-999.000,-0.108,-999.000,168,0.291
Denzel Boston,CLE,11,WR,65,Denzel BostonCLE,189.0946709,-999,-999,189.0946709,-999,154,158.58,136,136,169,0.213,-999.000,-999.000,-0.124,-999.000,169,0.213
Omar Cooper Jr.,NYJ,13,WR,66,Omar Cooper Jr.NYJ,187.365614,-999,-999,187.365614,-999,153,158.21,128,128,170,0.151,-999.000,-999.000,-0.136,-999.000,170,0.151
Jacory Croskey-Merritt,WAS,7,RB,39,Jacory Croskey-MerrittWAS,184.3335838,-999,184.3335838,-999,-999,148,147.89,105,105,171,0.045,-999.000,-0.097,-999.000,-999.000,171,0.045
Adonai Mitchell,NYJ,13,WR,67,Adonai MitchellNYJ,182.9332351,-999,-999,182.9332351,-999,181,183.2,171,177,172,-0.006,-999.000,-999.000,-0.169,-999.000,172,-0.006
Cooper Kupp,SEA,11,WR,68,Cooper KuppSEA,180.9386875,-999,-999,180.9386875,-999,214,207.97,223,260,173,-0.077,-999.000,-999.000,-0.183,-999.000,173,-0.077
Mason Taylor,NYJ,13,TE,34,Mason TaylorNYJ,179.5520342,-999,-999,-999,179.5520342,204,199.54,289,347,174,-0.107,-999.000,-999.000,-999.000,0.312,174,-0.107
Jonathon Brooks,CAR,5,RB,40,Jonathon BrooksCAR,179.1192857,-999,179.1192857,-999,-999,144,141.6,116,116,175,-0.146,-999.000,-0.137,-999.000,-999.000,175,-0.146
Antonio Williams,WAS,7,WR,69,Antonio WilliamsWAS,178.9368663,-999,-999,178.9368663,-999,166,167.45,158,162,176,-0.148,-999.000,-999.000,-0.198,-999.000,176,-0.148
Jordan Mason,MIN,6,RB,41,Jordan MasonMIN,175.9373939,-999,175.9373939,-999,-999,155,159.13,114,114,177,-0.262,-999.000,-0.160,-999.000,-999.000,177,-0.262
Darnell Washington,PIT,9,TE,35,Darnell WashingtonPIT,174.4080112,-999,-999,-999,174.4080112,232,212.29,277,329,178,-0.263,-999.000,-999.000,-999.000,0.272,178,-0.263
Ryan Flournoy,DAL,14,WR,70,Ryan FlournoyDAL,175.430677,-999,-999,175.430677,-999,183,184.57,181,194,179,-0.272,-999.000,-999.000,-0.223,-999.000,179,-0.272
Michael Mayer,LV,13,TE,36,Michael MayerLV,173.3343617,-999,-999,-999,173.3343617,276,221.26,291,350,180,-0.295,-999.000,-999.000,-999.000,0.264,180,-0.295
Rashod Bateman,BAL,13,WR,71,Rashod BatemanBAL,174.5434859,-999,-999,174.5434859,-999,254,216.67,220,257,181,-0.303,-999.000,-999.000,-0.230,-999.000,181,-0.303
Shedeur Sanders,CLE,11,QB,34,Shedeur SandersCLE,169.7847237,169.7847237,-999,-999,-999,193,191.15,274,322,182,-0.340,-0.091,-999.000,-999.000,-999.000,182,-0.340
Germie Bernard,PIT,9,WR,72,Germie BernardPIT,169.8466027,-999,-999,169.8466027,-999,216,208.5,177,186,183,-0.470,-999.000,-999.000,-0.264,-999.000,183,-0.470
Tyjae Spears,TEN,9,RB,42,Tyjae SpearsTEN,169.9163927,-999,169.9163927,-999,-999,176,176.02,141,141,184,-0.483,-999.000,-0.206,-999.000,-999.000,184,-0.483
Darius Slayton,NYG,8,WR,73,Darius SlaytonNYG,167.5599524,-999,-999,167.5599524,-999,319,234.6,238,276,185,-0.551,-999.000,-999.000,-0.280,-999.000,185,-0.551
Malik Washington,MIA,6,WR,74,Malik WashingtonMIA,166.7464446,-999,-999,166.7464446,-999,189,189.27,204,230,186,-0.580,-999.000,-999.000,-0.286,-999.000,186,-0.580
Dawson Knox,BUF,7,TE,37,Dawson KnoxBUF,163.130194,-999,-999,-999,163.130194,244,213.83,291,350,187,-0.603,-999.000,-999.000,-999.000,0.184,187,-0.603
Kayshon Boutte,NE,11,WR,75,Kayshon BoutteNE,166.0592115,-999,-999,166.0592115,-999,198,196.23,174,181,188,-0.604,-999.000,-999.000,-0.291,-999.000,188,-0.604
Tyquan Thornton,KC,5,WR,76,Tyquan ThorntonKC,165.5032509,-999,-999,165.5032509,-999,238,213.17,249,291,189,-0.624,-999.000,-999.000,-0.295,-999.000,189,-0.624
Woody Marks,HOU,8,RB,43,Woody MarksHOU,165.0640686,-999,165.0640686,-999,-999,173,173.85,147,147,190,-0.661,-999.000,-0.242,-999.000,-999.000,190,-0.661
Keenan Allen,LAC,7,WR,77,Keenan AllenLAC,163.3776032,-999,-999,163.3776032,-999,278,221.63,233,271,191,-0.699,-999.000,-999.000,-0.311,-999.000,191,-0.699
Theo Johnson,NYG,8,TE,38,Theo JohnsonNYG,154.0732378,-999,-999,-999,154.0732378,206,203.26,291,350,192,-0.877,-999.000,-999.000,-999.000,0.114,192,-0.877
Jonnu Smith,FA,,TE,39,Jonnu SmithFA,152.2578663,-999,-999,-999,152.2578663,333,241,291,350,193,-0.932,-999.000,-999.000,-999.000,0.100,193,-0.932
Tyrone Tracy Jr.,NYG,8,RB,44,Tyrone Tracy Jr.NYG,157.3058771,-999,157.3058771,-999,-999,163,165.13,127,127,194,-0.945,-999.000,-0.300,-999.000,-999.000,194,-0.945
Tre' Harris,LAC,7,WR,78,Tre' HarrisLAC,155.4048895,-999,-999,155.4048895,-999,190,189.79,180,193,195,-0.982,-999.000,-999.000,-0.369,-999.000,195,-0.982
Cole Kmet,CHI,10,TE,40,Cole KmetCHI,149.2415243,-999,-999,-999,149.2415243,312,232.5,291,350,196,-1.023,-999.000,-999.000,-999.000,0.077,196,-1.023
Isaac TeSlaa,DET,6,WR,79,Isaac TeSlaaDET,152.891841,-999,-999,152.891841,-999,180,182.82,188,206,197,-1.071,-999.000,-999.000,-0.387,-999.000,197,-1.071
Tyreek Hill,FA,,WR,80,Tyreek HillFA,152.2267215,-999,-999,152.2267215,-999,188,188.82,213,244,198,-1.095,-999.000,-999.000,-0.392,-999.000,198,-1.095
Darren Waller,MIA,6,TE,41,Darren WallerMIA,145.8884065,-999,-999,-999,145.8884065,296,228.83,287,345,199,-1.125,-999.000,-999.000,-999.000,0.051,199,-1.125
Nathaniel Dell,HOU,8,WR,81,Nathaniel DellHOU,150.9182792,-999,-999,150.9182792,-999,197,193.98,207,235,200,-1.141,-999.000,-999.000,-0.402,-999.000,200,-1.141
Brandon Aiyuk,SF,8,WR,82,Brandon AiyukSF,148.1593339,-999,-999,148.1593339,-999,186,186.36,137,137,201,-1.239,-999.000,-999.000,-0.422,-999.000,201,-1.239
Tyler Higbee,LAR,11,TE,42,Tyler HigbeeLAR,140.4176556,-999,-999,-999,140.4176556,320,235,291,350,202,-1.290,-999.000,-999.000,-999.000,0.008,202,-1.290
Isiah Pacheco,DET,6,RB,45,Isiah PachecoDET,144.3929589,-999,144.3929589,-999,-999,187,187.89,138,138,203,-1.418,-999.000,-0.397,-999.000,-999.000,203,-1.418
Jake Tonges,SF,8,TE,43,Jake TongesSF,133.0277739,-999,-999,-999,133.0277739,200,196.88,291,350,204,-1.513,-999.000,-999.000,-999.000,-0.049,204,-1.513
Andrei Iosivas,CIN,6,WR,83,Andrei IosivasCIN,140.3429411,-999,-999,140.3429411,-999,292,228.06,263,308,205,-1.516,-999.000,-999.000,-0.478,-999.000,205,-1.516
Dylan Sampson,CLE,11,RB,46,Dylan SampsonCLE,141.1115866,-999,141.1115866,-999,-999,194,191.4,144,144,206,-1.539,-999.000,-0.421,-999.000,-999.000,206,-1.539
Darnell Mooney,NYG,8,WR,84,Darnell MooneyNYG,139.5903859,-999,-999,139.5903859,-999,236,212.98,191,212,207,-1.543,-999.000,-999.000,-0.484,-999.000,207,-1.543
Chris Rodriguez Jr.,JAC,7,RB,47,Chris Rodriguez Jr.JAC,139.7993566,-999,139.7993566,-999,-999,182,183.5,117,117,208,-1.587,-999.000,-0.431,-999.000,-999.000,208,-1.587
Zach Charbonnet,SEA,11,RB,48,Zach CharbonnetSEA,139.512836,-999,139.512836,-999,-999,157,161.44,132,132,209,-1.597,-999.000,-0.433,-999.000,-999.000,209,-1.597
Travis Hunter,JAC,7,WR,85,Travis HunterJAC,137.4371029,-999,-999,137.4371029,-999,161,164.25,163,168,210,-1.619,-999.000,-999.000,-0.500,-999.000,210,-1.619
Jack Bech,LV,13,WR,86,Jack BechLV,136.74685,-999,-999,136.74685,-999,263,219.21,211,242,211,-1.644,-999.000,-999.000,-0.505,-999.000,211,-1.644
Troy Franklin,DEN,10,WR,87,Troy FranklinDEN,136.1023629,-999,-999,136.1023629,-999,207,203.91,203,228,212,-1.667,-999.000,-999.000,-0.509,-999.000,212,-1.667
Jaylin Noel,HOU,8,WR,88,Jaylin NoelHOU,134.5617054,-999,-999,134.5617054,-999,230,211.8,200,225,213,-1.721,-999.000,-999.000,-0.521,-999.000,213,-1.721
Ja'Tavion Sanders,CAR,5,TE,44,Ja'Tavion SandersCAR,123.8767963,-999,-999,-999,123.8767963,293,228.5,291,350,214,-1.790,-999.000,-999.000,-999.000,-0.120,214,-1.790
Devaughn Vele,NO,8,WR,89,Devaughn VeleNO,131.9780558,-999,-999,131.9780558,-999,289,225.62,250,292,215,-1.813,-999.000,-999.000,-0.539,-999.000,215,-1.813
Taysom Hill,NO,8,TE,45,Taysom HillNO,120.4464476,-999,-999,-999,120.4464476,333,241,291,350,216,-1.893,-999.000,-999.000,-999.000,-0.146,216,-1.893
Alvin Kamara,NO,8,RB,49,Alvin KamaraNO,129.9998663,-999,129.9998663,-999,-999,179,181.29,157,161,217,-1.946,-999.000,-0.505,-999.000,-999.000,217,-1.946
Noah Gray,KC,5,TE,46,Noah GrayKC,118.5006892,-999,-999,-999,118.5006892,266,219.8,291,350,218,-1.952,-999.000,-999.000,-999.000,-0.161,218,-1.952
Austin Hooper,ATL,11,TE,47,Austin HooperATL,117.5766905,-999,-999,-999,117.5766905,333,241,291,350,219,-1.980,-999.000,-999.000,-999.000,-0.169,219,-1.980
Eli Stowers,PHI,10,TE,48,Eli StowersPHI,117.3327078,-999,-999,-999,117.3327078,170,172.29,251,293,220,-1.988,-999.000,-999.000,-999.000,-0.171,220,-1.988
Pat Bryant,DEN,10,WR,90,Pat BryantDEN,126.9923447,-999,-999,126.9923447,-999,240,213.52,199,224,221,-1.990,-999.000,-999.000,-0.576,-999.000,221,-1.990
Justice Hill,BAL,13,RB,50,Justice HillBAL,128.723011,-999,128.723011,-999,-999,291,227.11,195,218,222,-1.993,-999.000,-0.514,-999.000,-999.000,222,-1.993
Noah Fant,NO,8,TE,49,Noah FantNO,115.2301705,-999,-999,-999,115.2301705,327,238,291,350,223,-2.051,-999.000,-999.000,-999.000,-0.187,223,-2.051
KaVontae Turpin,DAL,14,WR,91,KaVontae TurpinDAL,125.0615797,-999,-999,125.0615797,-999,333,241,262,307,224,-2.058,-999.000,-999.000,-0.590,-999.000,224,-2.058
Tommy Tremble,CAR,5,TE,50,Tommy TrembleCAR,114.7785591,-999,-999,-999,114.7785591,333,241,291,350,225,-2.065,-999.000,-999.000,-999.000,-0.190,225,-2.065
Elijah Arroyo,SEA,11,TE,51,Elijah ArroyoSEA,113.8108343,-999,-999,-999,113.8108343,274,221,291,350,226,-2.094,-999.000,-999.000,-999.000,-0.198,226,-2.094
Caleb Douglas,MIA,6,WR,92,Caleb DouglasMIA,123.1729177,-999,-999,123.1729177,-999,323,235.2,256,300,227,-2.125,-999.000,-999.000,-0.603,-999.000,227,-2.125
Tyler Allgeier,ARI,14,RB,51,Tyler AllgeierARI,124.5375549,-999,124.5375549,-999,-999,171,172.81,129,129,228,-2.146,-999.000,-0.546,-999.000,-999.000,228,-2.146
Kirk Cousins,LV,13,QB,35,Kirk CousinsLV,98.48447141,98.48447141,-999,-999,-999,220,208.98,291,350,229,-2.160,-0.407,-999.000,-999.000,-999.000,229,-2.160
Chris Bell,MIA,6,WR,93,Chris BellMIA,120.2627881,-999,-999,120.2627881,-999,228,211.76,205,233,230,-2.228,-999.000,-999.000,-0.625,-999.000,230,-2.228
Brian Robinson Jr.,ATL,11,RB,52,Brian Robinson Jr.ATL,120.4396288,-999,120.4396288,-999,-999,168,169.37,149,153,231,-2.296,-999.000,-0.576,-999.000,-999.000,231,-2.296
Christian Kirk,SF,8,WR,94,Christian KirkSF,117.2543567,-999,-999,117.2543567,-999,248,215.5,226,263,232,-2.335,-999.000,-999.000,-0.646,-999.000,232,-2.335
Dontayvion Wicks,PHI,10,WR,95,Dontayvion WicksPHI,116.8437226,-999,-999,116.8437226,-999,249,215.72,201,226,233,-2.350,-999.000,-999.000,-0.649,-999.000,233,-2.350
Ty Johnson,BUF,7,RB,53,Ty JohnsonBUF,117.9711311,-999,117.9711311,-999,-999,333,241,224,261,234,-2.387,-999.000,-0.595,-999.000,-999.000,234,-2.387
Kendrick Bourne,ARI,14,WR,96,Kendrick BourneARI,114.5140335,-999,-999,114.5140335,-999,333,241,279,331,235,-2.432,-999.000,-999.000,-0.666,-999.000,235,-2.432
Josh Oliver,MIN,6,TE,52,Josh OliverMIN,101.7562144,-999,-999,-999,101.7562144,333,241,291,350,236,-2.458,-999.000,-999.000,-999.000,-0.291,236,-2.458
Ashton Dulin,IND,13,WR,97,Ashton DulinIND,113.4178475,-999,-999,113.4178475,-999,333,241,291,350,237,-2.471,-999.000,-999.000,-0.674,-999.000,237,-2.471
Marvin Mims Jr.,DEN,10,WR,98,Marvin Mims Jr.DEN,112.9736468,-999,-999,112.9736468,-999,260,218.11,245,285,238,-2.487,-999.000,-999.000,-0.678,-999.000,238,-2.487
Erick All Jr.,CIN,6,TE,53,Erick All Jr.CIN,100.5949837,-999,-999,-999,100.5949837,274,221,291,350,239,-2.493,-999.000,-999.000,-999.000,-0.300,239,-2.493
De'Zhaun Stribling,SF,8,WR,99,De'Zhaun StriblingSF,112.5108759,-999,-999,112.5108759,-999,196,191.97,208,236,240,-2.503,-999.000,-999.000,-0.681,-999.000,240,-2.503
Luke Musgrave,GB,11,TE,54,Luke MusgraveGB,100.0357178,-999,-999,-999,100.0357178,307,231,291,350,241,-2.510,-999.000,-999.000,-999.000,-0.305,241,-2.510
Jahan Dotson,ATL,11,WR,100,Jahan DotsonATL,109.8031535,-999,-999,109.8031535,-999,286,224.5,242,282,242,-2.599,-999.000,-999.000,-0.701,-999.000,242,-2.599
Ja'Kobi Lane,BAL,13,WR,101,Ja'Kobi LaneBAL,108.7442044,-999,-999,108.7442044,-999,224,210.16,236,274,243,-2.637,-999.000,-999.000,-0.708,-999.000,243,-2.637
Samaje Perine,CIN,6,RB,54,Samaje PerineCIN,109.4386727,-999,109.4386727,-999,-999,329,238.5,209,239,244,-2.699,-999.000,-0.659,-999.000,-999.000,244,-2.699
Zachariah Branch,ATL,11,WR,102,Zachariah BranchATL,106.0734095,-999,-999,106.0734095,-999,191,190.55,212,243,245,-2.732,-999.000,-999.000,-0.728,-999.000,245,-2.732
Charlie Kolar,LAC,7,TE,55,Charlie KolarLAC,92.43345951,-999,-999,-999,92.43345951,333,241,291,350,246,-2.740,-999.000,-999.000,-999.000,-0.364,246,-2.740
Elijah Higgins,ARI,14,TE,56,Elijah HigginsARI,91.33670098,-999,-999,-999,91.33670098,333,241,291,350,247,-2.773,-999.000,-999.000,-999.000,-0.372,247,-2.773
Tory Horton,SEA,11,WR,103,Tory HortonSEA,104.687359,-999,-999,104.687359,-999,226,211.6,225,262,248,-2.781,-999.000,-999.000,-0.738,-999.000,248,-2.781
Daniel Bellinger,TEN,9,TE,57,Daniel BellingerTEN,91.06539502,-999,-999,-999,91.06539502,324,236,291,350,249,-2.781,-999.000,-999.000,-999.000,-0.374,249,-2.781
Jalen Tolbert,MIA,6,WR,104,Jalen TolbertMIA,104.43336,-999,-999,104.43336,-999,288,225.55,257,302,250,-2.790,-999.000,-999.000,-0.740,-999.000,250,-2.790
Keon Coleman,BUF,7,WR,105,Keon ColemanBUF,103.5923607,-999,-999,103.5923607,-999,241,213.67,231,268,251,-2.819,-999.000,-999.000,-0.746,-999.000,251,-2.819
Josh Palmer,BUF,7,WR,106,Josh PalmerBUF,103.2298043,-999,-999,103.2298043,-999,333,241,291,350,252,-2.832,-999.000,-999.000,-0.749,-999.000,252,-2.832
Eli Raridon,NE,11,TE,58,Eli RaridonNE,88.82483179,-999,-999,-999,88.82483179,255,216.83,291,350,253,-2.849,-999.000,-999.000,-999.000,-0.392,253,-2.849
Xavier Legette,CAR,5,WR,107,Xavier LegetteCAR,102.5014639,-999,-999,102.5014639,-999,256,217,283,340,254,-2.858,-999.000,-999.000,-0.754,-999.000,254,-2.858
Elijah Sarratt,BAL,13,WR,108,Elijah SarrattBAL,102.4485305,-999,-999,102.4485305,-999,245,214.05,219,255,255,-2.860,-999.000,-999.000,-0.754,-999.000,255,-2.860
Mitchell Evans,CAR,5,TE,59,Mitchell EvansCAR,87.73511064,-999,-999,-999,87.73511064,333,241,291,350,256,-2.882,-999.000,-999.000,-999.000,-0.400,256,-2.882
Olamide Zaccheaus,ATL,11,WR,109,Olamide ZaccheausATL,101.1331844,-999,-999,101.1331844,-999,316,234,282,336,257,-2.907,-999.000,-999.000,-0.764,-999.000,257,-2.907
Adam Trautman,DEN,10,TE,60,Adam TrautmanDEN,86.70582983,-999,-999,-999,86.70582983,333,241,291,350,258,-2.913,-999.000,-999.000,-999.000,-0.408,258,-2.913
Chris Brazzell II,CAR,5,WR,110,Chris Brazzell IICAR,99.94230951,-999,-999,99.94230951,-999,267,219.89,232,270,259,-2.949,-999.000,-999.000,-0.772,-999.000,259,-2.949
Braelon Allen,NYJ,13,RB,55,Braelon AllenNYJ,100.8162486,-999,100.8162486,-999,-999,218,208.63,166,171,260,-3.015,-999.000,-0.723,-999.000,-999.000,260,-3.015
Ted Hurst,TB,10,WR,111,Ted HurstTB,97.75892186,-999,-999,97.75892186,-999,233,212.59,291,350,261,-3.026,-999.000,-999.000,-0.788,-999.000,261,-3.026
Marquise Brown,PHI,10,WR,112,Marquise BrownPHI,97.36663161,-999,-999,97.36663161,-999,327,238,253,296,262,-3.040,-999.000,-999.000,-0.791,-999.000,262,-3.040
Keaton Mitchell,LAC,7,RB,56,Keaton MitchellLAC,99.46722616,-999,99.46722616,-999,-999,184,186.18,143,143,263,-3.065,-999.000,-0.733,-999.000,-999.000,263,-3.065
Elic Ayomanor,TEN,9,WR,113,Elic AyomanorTEN,95.78827861,-999,-999,95.78827861,-999,212,207.48,270,318,264,-3.096,-999.000,-999.000,-0.803,-999.000,264,-3.096
Will Kacmarek,MIA,6,TE,61,Will KacmarekMIA,79.97282259,-999,-999,-999,79.97282259,307,231,291,350,265,-3.117,-999.000,-999.000,-999.000,-0.460,265,-3.117
Kalif Raymond,CHI,10,WR,114,Kalif RaymondCHI,94.92903491,-999,-999,94.92903491,-999,333,241,291,350,266,-3.127,-999.000,-999.000,-0.809,-999.000,266,-3.127
Brock Wright,DET,6,TE,62,Brock WrightDET,79.49761838,-999,-999,-999,79.49761838,333,241,291,350,267,-3.131,-999.000,-999.000,-999.000,-0.464,267,-3.131
J.J. McCarthy,MIN,6,QB,36,J.J. McCarthyMIN,58.63044944,58.63044944,-999,-999,-999,215,208.23,291,350,268,-3.178,-0.584,-999.000,-999.000,-999.000,268,-3.178
Tanner Hudson,CIN,6,TE,63,Tanner HudsonCIN,77.08376916,-999,-999,-999,77.08376916,333,241,291,350,269,-3.204,-999.000,-999.000,-999.000,-0.483,269,-3.204
Tutu Atwell,MIA,6,WR,115,Tutu AtwellMIA,92.67508245,-999,-999,92.67508245,-999,270,220.5,278,330,270,-3.207,-999.000,-999.000,-0.825,-999.000,270,-3.207
DeAndre Hopkins,FA,,WR,116,DeAndre HopkinsFA,92.3938203,-999,-999,92.3938203,-999,333,241,291,350,271,-3.217,-999.000,-999.000,-0.827,-999.000,271,-3.217
Hollywood Brown,PHI,10,WR,117,Hollywood BrownPHI,91.36708644,-999,-999,91.36708644,-999,333,241,291,350,272,-3.253,-999.000,-999.000,-0.835,-999.000,272,-3.253
Ben Sinnott,WAS,7,TE,64,Ben SinnottWAS,75.18081978,-999,-999,-999,75.18081978,333,241,291,350,273,-3.261,-999.000,-999.000,-999.000,-0.497,273,-3.261
Mack Hollins,NE,11,WR,118,Mack HollinsNE,90.64872235,-999,-999,90.64872235,-999,280,222,275,324,274,-3.279,-999.000,-999.000,-0.840,-999.000,274,-3.279
Dyami Brown,WAS,7,WR,119,Dyami BrownWAS,90.44223525,-999,-999,90.44223525,-999,333,241,291,350,275,-3.286,-999.000,-999.000,-0.842,-999.000,275,-3.286
Max Klare,LAR,11,TE,65,Max KlareLAR,72.81559736,-999,-999,-999,72.81559736,270,220.5,291,350,276,-3.333,-999.000,-999.000,-999.000,-0.516,276,-3.333
Luke McCaffrey,WAS,7,WR,120,Luke McCaffreyWAS,88.74641977,-999,-999,88.74641977,-999,333,241,291,350,277,-3.346,-999.000,-999.000,-0.854,-999.000,277,-3.346
Will Dissly,FA,,TE,66,Will DisslyFA,71.78030944,-999,-999,-999,71.78030944,333,241,291,350,278,-3.364,-999.000,-999.000,-999.000,-0.524,278,-3.364
Chimere Dike,TEN,9,WR,121,Chimere DikeTEN,86.55406251,-999,-999,86.55406251,-999,209,205.19,268,314,279,-3.424,-999.000,-999.000,-0.870,-999.000,279,-3.424
Mike Washington Jr.,LV,13,RB,57,Mike Washington Jr.LV,89.50080591,-999,89.50080591,-999,-999,221,209.38,168,173,280,-3.430,-999.000,-0.808,-999.000,-999.000,280,-3.430
Curtis Samuel,FA,,WR,122,Curtis SamuelFA,86.08809296,-999,-999,86.08809296,-999,333,241,291,350,281,-3.440,-999.000,-999.000,-0.873,-999.000,281,-3.440
Jackson Hawes,BUF,7,TE,67,Jackson HawesBUF,69.13195324,-999,-999,-999,69.13195324,333,241,291,350,282,-3.444,-999.000,-999.000,-999.000,-0.544,282,-3.444
Kimani Vidal,LAC,7,RB,58,Kimani VidalLAC,87.43236257,-999,87.43236257,-999,-999,234,212.74,196,219,283,-3.506,-999.000,-0.824,-999.000,-999.000,283,-3.506
Carson Beck,ARI,14,QB,37,Carson BeckARI,45.60272358,45.60272358,-999,-999,-999,278,221.63,291,350,284,-3.511,-0.642,-999.000,-999.000,-999.000,284,-3.511
Luke Schoonmaker,DAL,14,TE,68,Luke SchoonmakerDAL,66.68822586,-999,-999,-999,66.68822586,333,241,291,350,285,-3.518,-999.000,-999.000,-999.000,-0.563,285,-3.518
Drew Sample,CIN,6,TE,69,Drew SampleCIN,66.5098727,-999,-999,-999,66.5098727,333,241,291,350,286,-3.524,-999.000,-999.000,-999.000,-0.564,286,-3.524
Taylen Green,CLE,11,QB,38,Taylen GreenCLE,44.92000395,44.92000395,-999,-999,-999,222,210,291,350,287,-3.528,-0.645,-999.000,-999.000,-999.000,287,-3.528
Cade Stover,HOU,8,TE,70,Cade StoverHOU,65.95279559,-999,-999,-999,65.95279559,333,241,291,350,288,-3.540,-999.000,-999.000,-999.000,-0.569,288,-3.540
Nate Boerkircher,JAC,7,TE,71,Nate BoerkircherJAC,65.68906153,-999,-999,-999,65.68906153,333,241,291,350,289,-3.548,-999.000,-999.000,-999.000,-0.571,289,-3.548
Theo Wease Jr.,MIA,6,WR,123,Theo Wease Jr.MIA,82.97372426,-999,-999,82.97372426,-999,333,241,291,350,290,-3.551,-999.000,-999.000,-0.896,-999.000,290,-3.551
Tank Bigsby,PHI,10,RB,59,Tank BigsbyPHI,86.0739629,-999,86.0739629,-999,-999,201,197.04,169,175,291,-3.555,-999.000,-0.834,-999.000,-999.000,291,-3.555
Mac Jones,SF,8,QB,39,Mac JonesSF,43.41912352,43.41912352,-999,-999,-999,243,213.78,291,350,292,-3.566,-0.652,-999.000,-999.000,-999.000,292,-3.566
DeMario Douglas,NE,11,WR,124,DeMario DouglasNE,82.047348,-999,-999,82.047348,-999,325,236.33,280,334,293,-3.584,-999.000,-999.000,-0.903,-999.000,293,-3.584
Jameis Winston,NYG,8,QB,40,Jameis WinstonNYG,42.23089448,42.23089448,-999,-999,-999,295,228.75,291,350,294,-3.597,-0.657,-999.000,-999.000,-999.000,294,-3.597
Marlin Klein,HOU,8,TE,72,Marlin KleinHOU,63.93485595,-999,-999,-999,63.93485595,146,143,291,350,295,-3.601,-999.000,-999.000,-999.000,-0.584,295,-3.601
Treylon Burks,WAS,7,WR,125,Treylon BurksWAS,80.62490273,-999,-999,80.62490273,-999,293,228.5,281,335,296,-3.634,-999.000,-999.000,-0.913,-999.000,296,-3.634
Marcus Mariota,WAS,7,QB,41,Marcus MariotaWAS,40.32005142,40.32005142,-999,-999,-999,301,229.5,291,350,297,-3.646,-0.665,-999.000,-999.000,-999.000,297,-3.646
Davis Allen,LAR,11,TE,73,Davis AllenLAR,62.31578189,-999,-999,-999,62.31578189,333,241,291,350,298,-3.650,-999.000,-999.000,-999.000,-0.597,298,-3.650
Spencer Rattler,NO,8,QB,42,Spencer RattlerNO,40.09960772,40.09960772,-999,-999,-999,333,241,291,350,299,-3.651,-0.666,-999.000,-999.000,-999.000,299,-3.651
Devontez Walker,BAL,13,WR,126,Devontez WalkerBAL,79.96602141,-999,-999,79.96602141,-999,333,241,291,350,300,-3.657,-999.000,-999.000,-0.918,-999.000,300,-3.657
Justin Fields,KC,5,QB,43,Justin FieldsKC,38.64611645,38.64611645,-999,-999,-999,258,217.25,291,350,301,-3.688,-0.673,-999.000,-999.000,-999.000,301,-3.688
Xavier Hutchinson,HOU,8,WR,127,Xavier HutchinsonHOU,78.6669409,-999,-999,78.6669409,-999,333,241,291,350,302,-3.703,-999.000,-999.000,-0.927,-999.000,302,-3.703
Nick Westbrook-Ikhine,IND,13,WR,128,Nick Westbrook-IkhineIND,78.47399813,-999,-999,78.47399813,-999,333,241,291,350,303,-3.710,-999.000,-999.000,-0.929,-999.000,303,-3.710
Justin Joly,DEN,10,TE,74,Justin JolyDEN,60.12525357,-999,-999,-999,60.12525357,265,219.67,291,350,304,-3.717,-999.000,-999.000,-999.000,-0.614,304,-3.717
Connor Heyward,LV,13,TE,75,Connor HeywardLV,60.06225015,-999,-999,-999,60.06225015,333,241,291,350,305,-3.718,-999.000,-999.000,-999.000,-0.614,305,-3.718
Anthony Richardson,IND,13,QB,44,Anthony RichardsonIND,36.87937082,36.87937082,-999,-999,-999,287,224.6,291,350,306,-3.733,-0.681,-999.000,-999.000,-999.000,306,-3.733
Davis Mills,HOU,8,QB,45,Davis MillsHOU,35.89937829,35.89937829,-999,-999,-999,333,241,291,350,307,-3.758,-0.685,-999.000,-999.000,-999.000,307,-3.758
Oscar Delp,NO,8,TE,76,Oscar DelpNO,57.95677724,-999,-999,-999,57.95677724,239,213.33,291,350,308,-3.782,-999.000,-999.000,-999.000,-0.631,308,-3.782
John Bates,WAS,7,TE,77,John BatesWAS,57.84137372,-999,-999,-999,57.84137372,333,241,291,350,309,-3.786,-999.000,-999.000,-999.000,-0.632,309,-3.786
Joe Milton III,DAL,14,QB,46,Joe Milton IIIDAL,34.63171409,34.63171409,-999,-999,-999,330,239,291,350,310,-3.791,-0.691,-999.000,-999.000,-999.000,310,-3.791
Ray Davis,BUF,7,RB,60,Ray DavisBUF,79.62591315,-999,79.62591315,-999,-999,247,214.57,186,203,311,-3.792,-999.000,-0.882,-999.000,-999.000,311,-3.792
Joe Flacco,CIN,6,QB,47,Joe FlaccoCIN,33.96717513,33.96717513,-999,-999,-999,250,215.75,291,350,312,-3.808,-0.694,-999.000,-999.000,-999.000,312,-3.808
Cade Klubnik,NYJ,13,QB,48,Cade KlubnikNYJ,33.96320776,33.96320776,-999,-999,-999,231,212,291,350,313,-3.808,-0.694,-999.000,-999.000,-999.000,313,-3.808
Noah Brown,WAS,7,WR,129,Noah BrownWAS,75.68063356,-999,-999,75.68063356,-999,333,241,291,350,314,-3.809,-999.000,-999.000,-0.949,-999.000,314,-3.809
Tyrod Taylor,GB,11,QB,49,Tyrod TaylorGB,33.38267732,33.38267732,-999,-999,-999,333,241,291,350,315,-3.823,-0.696,-999.000,-999.000,-999.000,315,-3.823
Mason Rudolph,PIT,9,QB,50,Mason RudolphPIT,33.3724013,33.3724013,-999,-999,-999,333,241,291,350,316,-3.823,-0.696,-999.000,-999.000,-999.000,316,-3.823
Mo Alie-Cox,IND,13,TE,78,Mo Alie-CoxIND,56.56136656,-999,-999,-999,56.56136656,333,241,291,350,317,-3.824,-999.000,-999.000,-999.000,-0.642,317,-3.824
Michael Trigg,DAL,14,TE,79,Michael TriggDAL,56.50778984,-999,-999,-999,56.50778984,312,232.5,291,350,318,-3.826,-999.000,-999.000,-999.000,-0.642,318,-3.826
Jordan James,SF,8,RB,61,Jordan JamesSF,78.36437516,-999,78.36437516,-999,-999,227,211.65,192,215,319,-3.838,-999.000,-0.892,-999.000,-999.000,319,-3.838
Ty Simpson,LAR,11,QB,51,Ty SimpsonLAR,32.65768248,32.65768248,-999,-999,-999,219,208.93,291,350,320,-3.841,-0.699,-999.000,-999.000,-999.000,320,-3.841
Tyler Lockett,FA,,WR,130,Tyler LockettFA,74.30937904,-999,-999,74.30937904,-999,333,241,291,350,321,-3.858,-999.000,-999.000,-0.959,-999.000,321,-3.858
Malachi Fields,NYG,8,WR,131,Malachi FieldsNYG,74.08963048,-999,-999,74.08963048,-999,237,213.08,239,277,322,-3.866,-999.000,-999.000,-0.961,-999.000,322,-3.866
John Metchie III,CAR,5,WR,132,John Metchie IIICAR,74.00183854,-999,-999,74.00183854,-999,333,241,291,350,323,-3.869,-999.000,-999.000,-0.961,-999.000,323,-3.869
Demarcus Robinson,SF,8,WR,133,Demarcus RobinsonSF,72.36959426,-999,-999,72.36959426,-999,333,241,291,350,324,-3.927,-999.000,-999.000,-0.973,-999.000,324,-3.927
Van Jefferson,WAS,7,WR,134,Van JeffersonWAS,72.34749086,-999,-999,72.34749086,-999,333,241,291,350,325,-3.928,-999.000,-999.000,-0.973,-999.000,325,-3.928
Riley Leonard,IND,13,QB,52,Riley LeonardIND,28.77676934,28.77676934,-999,-999,-999,333,241,291,350,326,-3.940,-0.717,-999.000,-999.000,-999.000,326,-3.940
Foster Moreau,HOU,8,TE,80,Foster MoreauHOU,52.09354342,-999,-999,-999,52.09354342,333,241,291,350,327,-3.959,-999.000,-999.000,-999.000,-0.676,327,-3.959
Jack Endries,CIN,6,TE,81,Jack EndriesCIN,51.80105309,-999,-999,-999,51.80105309,333,241,291,350,328,-3.968,-999.000,-999.000,-999.000,-0.679,328,-3.968
Gardner Minshew II,ARI,14,QB,53,Gardner Minshew IIARI,27.04894095,27.04894095,-999,-999,-999,333,241,291,350,329,-3.984,-0.724,-999.000,-999.000,-999.000,329,-3.984
Calvin Austin III,NYG,8,WR,135,Calvin Austin IIINYG,70.69721494,-999,-999,70.69721494,-999,333,241,291,350,330,-3.986,-999.000,-999.000,-0.985,-999.000,330,-3.986
Brenen Thompson,LAC,7,WR,136,Brenen ThompsonLAC,70.26295792,-999,-999,70.26295792,-999,222,210,273,321,331,-4.001,-999.000,-999.000,-0.988,-999.000,331,-4.001
Durham Smythe,BAL,13,TE,82,Durham SmytheBAL,50.57229989,-999,-999,-999,50.57229989,333,241,291,350,332,-4.005,-999.000,-999.000,-999.000,-0.688,332,-4.005
Keleki Latu,BUF,7,TE,83,Keleki LatuBUF,50.39250567,-999,-999,-999,50.39250567,333,241,291,350,333,-4.011,-999.000,-999.000,-999.000,-0.689,333,-4.011
Kaelon Black,SF,8,RB,62,Kaelon BlackSF,73.40312092,-999,73.40312092,-999,-999,285,224.43,202,227,334,-4.020,-999.000,-0.929,-999.000,-999.000,334,-4.020
Zach Ertz,FA,7,TE,84,Zach ErtzFA,49.99848442,-999,-999,-999,49.99848442,333,241,291,350,335,-4.023,-999.000,-999.000,-999.000,-0.692,335,-4.023
Tanner Koziol,JAC,7,TE,85,Tanner KoziolJAC,49.64123739,-999,-999,-999,49.64123739,333,241,291,350,336,-4.033,-999.000,-999.000,-999.000,-0.695,336,-4.033
Tyler Huntley,BAL,13,QB,54,Tyler HuntleyBAL,25.10735261,25.10735261,-999,-999,-999,307,231,291,350,337,-4.034,-0.733,-999.000,-999.000,-999.000,337,-4.034
Kenny Pickett,CAR,5,QB,55,Kenny PickettCAR,25.00648914,25.00648914,-999,-999,-999,333,241,291,350,338,-4.037,-0.733,-999.000,-999.000,-999.000,338,-4.037
Quinn Ewers,MIA,6,QB,56,Quinn EwersMIA,24.99183375,24.99183375,-999,-999,-999,320,235,291,350,339,-4.037,-0.734,-999.000,-999.000,-999.000,339,-4.037
Jordan Whittington,LAR,11,WR,137,Jordan WhittingtonLAR,69.05912548,-999,-999,69.05912548,-999,333,241,291,350,340,-4.044,-999.000,-999.000,-0.997,-999.000,340,-4.044
James Conner,ARI,14,RB,63,James ConnerARI,72.67837245,-999,72.67837245,-999,-999,202,199.08,175,182,341,-4.046,-999.000,-0.934,-999.000,-999.000,341,-4.046
Kyle Juszczyk,SF,8,RB,64,Kyle JuszczykSF,72.30894251,-999,72.30894251,-999,-999,333,241,291,350,342,-4.060,-999.000,-0.937,-999.000,-999.000,342,-4.060
Trey Lance,LAC,7,QB,57,Trey LanceLAC,23.53413118,23.53413118,-999,-999,-999,333,241,291,350,343,-4.074,-0.740,-999.000,-999.000,-999.000,343,-4.074
Jake Browning,TB,10,QB,58,Jake BrowningTB,22.96685132,22.96685132,-999,-999,-999,333,241,291,350,344,-4.089,-0.742,-999.000,-999.000,-999.000,344,-4.089
Kyle Williams,NE,11,WR,138,Kyle WilliamsNE,67.67512364,-999,-999,67.67512364,-999,259,218,247,288,345,-4.093,-999.000,-999.000,-1.007,-999.000,345,-4.093
Jeremy Ruckert,NYJ,13,TE,86,Jeremy RuckertNYJ,47.61598197,-999,-999,-999,47.61598197,333,241,291,350,346,-4.095,-999.000,-999.000,-999.000,-0.711,346,-4.095
Andy Dalton,PHI,10,QB,59,Andy DaltonPHI,22.52673088,22.52673088,-999,-999,-999,333,241,291,350,347,-4.100,-0.744,-999.000,-999.000,-999.000,347,-4.100
Tyson Bagent,CHI,10,QB,60,Tyson BagentCHI,22.22888075,22.22888075,-999,-999,-999,297,229,291,350,348,-4.108,-0.746,-999.000,-999.000,-999.000,348,-4.108
Savion Williams,GB,11,WR,139,Savion WilliamsGB,67.1594212,-999,-999,67.1594212,-999,256,217,291,350,349,-4.112,-999.000,-999.000,-1.011,-999.000,349,-4.112
Brevyn Spann-Ford,DAL,14,TE,87,Brevyn Spann-FordDAL,46.7907978,-999,-999,-999,46.7907978,333,241,291,350,350,-4.120,-999.000,-999.000,-999.000,-0.717,350,-4.120
Miles Kitselman,DET,6,TE,88,Miles KitselmanDET,46.36924591,-999,-999,-999,46.36924591,333,241,291,350,351,-4.132,-999.000,-999.000,-999.000,-0.721,351,-4.132
Ian Thomas,LV,13,TE,89,Ian ThomasLV,46.32080226,-999,-999,-999,46.32080226,333,241,291,350,352,-4.134,-999.000,-999.000,-999.000,-0.721,352,-4.134
Jaylen Wright,MIA,6,RB,65,Jaylen WrightMIA,70.05761815,-999,70.05761815,-999,-999,252,216.03,193,216,353,-4.142,-999.000,-0.954,-999.000,-999.000,353,-4.142
Jonah Coleman,DEN,10,RB,66,Jonah ColemanDEN,70.05692678,-999,70.05692678,-999,-999,178,181.27,130,130,354,-4.142,-999.000,-0.954,-999.000,-999.000,354,-4.142
Matt Hibner,BAL,13,TE,90,Matt HibnerBAL,45.86047445,-999,-999,-999,45.86047445,333,241,291,350,355,-4.148,-999.000,-999.000,-999.000,-0.725,355,-4.148
Jimmy Garoppolo,LAR,11,QB,61,Jimmy GaroppoloLAR,20.1327049,20.1327049,-999,-999,-999,333,241,291,350,356,-4.161,-0.755,-999.000,-999.000,-999.000,356,-4.161
Grant Calcaterra,PHI,10,TE,91,Grant CalcaterraPHI,45.271004,-999,-999,-999,45.271004,333,241,291,350,357,-4.165,-999.000,-999.000,-999.000,-0.729,357,-4.165
Teddy Bridgewater,DET,6,QB,62,Teddy BridgewaterDET,19.7940387,19.7940387,-999,-999,-999,333,241,291,350,358,-4.170,-0.757,-999.000,-999.000,-999.000,358,-4.170
Drew Allar,PIT,9,QB,63,Drew AllarPIT,19.6627057,19.6627057,-999,-999,-999,333,241,291,350,359,-4.173,-0.757,-999.000,-999.000,-999.000,359,-4.173
Jalen Royals,KC,5,WR,140,Jalen RoyalsKC,65.30349679,-999,-999,65.30349679,-999,311,232,291,350,360,-4.177,-999.000,-999.000,-1.025,-999.000,360,-4.177
Isaiah Davis,NYJ,13,RB,67,Isaiah DavisNYJ,68.93816278,-999,68.93816278,-999,-999,333,241,235,273,361,-4.183,-999.000,-0.962,-999.000,-999.000,361,-4.183
Tommy DeVito,NE,11,QB,64,Tommy DeVitoNE,19.19887239,19.19887239,-999,-999,-999,333,241,291,350,362,-4.185,-0.759,-999.000,-999.000,-999.000,362,-4.185
Sean Tucker,TB,10,RB,68,Sean TuckerTB,68.89131518,-999,68.89131518,-999,-999,225,210.57,179,192,363,-4.185,-999.000,-0.963,-999.000,-999.000,363,-4.185
Dillon Gabriel,CLE,11,QB,65,Dillon GabrielCLE,18.85011219,18.85011219,-999,-999,-999,333,241,291,350,364,-4.194,-0.761,-999.000,-999.000,-999.000,364,-4.194
Jarrett Stidham,DEN,10,QB,66,Jarrett StidhamDEN,18.82768053,18.82768053,-999,-999,-999,333,241,291,350,365,-4.194,-0.761,-999.000,-999.000,-999.000,365,-4.194
Tez Johnson,TB,10,WR,141,Tez JohnsonTB,64.78769615,-999,-999,64.78769615,-999,333,241,291,350,366,-4.196,-999.000,-999.000,-1.028,-999.000,366,-4.196
Nick Mullens,JAC,7,QB,67,Nick MullensJAC,18.76709467,18.76709467,-999,-999,-999,333,241,291,350,367,-4.196,-0.761,-999.000,-999.000,-999.000,367,-4.196
Nick Chubb,FA,,RB,69,Nick ChubbFA,68.29137671,-999,68.29137671,-999,-999,262,219,267,313,368,-4.207,-999.000,-0.967,-999.000,-999.000,368,-4.207
Chris Brooks,GB,11,RB,70,Chris BrooksGB,68.24981086,-999,68.24981086,-999,-999,242,213.75,291,350,369,-4.209,-999.000,-0.967,-999.000,-999.000,369,-4.209
Mitch Trubisky,TEN,9,QB,68,Mitch TrubiskyTEN,18.24666704,18.24666704,-999,-999,-999,333,241,291,350,370,-4.209,-0.763,-999.000,-999.000,-999.000,370,-4.209
Joshua Dobbs,NE,11,QB,69,Joshua DobbsNE,18.18010852,18.18010852,-999,-999,-999,333,241,291,350,371,-4.211,-0.764,-999.000,-999.000,-999.000,371,-4.211
Jaylin Lane,WAS,7,WR,142,Jaylin LaneWAS,64.08861915,-999,-999,64.08861915,-999,333,241,290,348,372,-4.220,-999.000,-999.000,-1.033,-999.000,372,-4.220
Kyle Allen,BUF,7,QB,70,Kyle AllenBUF,17.31939167,17.31939167,-999,-999,-999,333,241,291,350,373,-4.233,-0.768,-999.000,-999.000,-999.000,373,-4.233
Carson Wentz,MIN,6,QB,71,Carson WentzMIN,17.28427785,17.28427785,-999,-999,-999,333,241,291,350,374,-4.234,-0.768,-999.000,-999.000,-999.000,374,-4.234
Lance Mason,SEA,11,TE,92,Lance MasonSEA,42.56405936,-999,-999,-999,42.56405936,333,241,291,350,375,-4.247,-999.000,-999.000,-999.000,-0.750,375,-4.247
Isaiah Bond,CLE,11,WR,143,Isaiah BondCLE,62.85076815,-999,-999,62.85076815,-999,251,216,284,341,376,-4.264,-999.000,-999.000,-1.042,-999.000,376,-4.264
Drew Lock,SEA,11,QB,72,Drew LockSEA,15.6089363,15.6089363,-999,-999,-999,333,241,291,350,377,-4.277,-0.775,-999.000,-999.000,-999.000,377,-4.277
Tanner McKee,PHI,10,QB,73,Tanner McKeePHI,15.45493406,15.45493406,-999,-999,-999,333,241,291,350,378,-4.280,-0.776,-999.000,-999.000,-999.000,378,-4.280
Will Levis,TEN,9,QB,74,Will LevisTEN,14.96942417,14.96942417,-999,-999,-999,333,241,291,350,379,-4.293,-0.778,-999.000,-999.000,-999.000,379,-4.293
Emanuel Wilson,SEA,11,RB,71,Emanuel WilsonSEA,65.83853284,-999,65.83853284,-999,-999,273,220.8,165,170,380,-4.297,-999.000,-0.985,-999.000,-999.000,380,-4.297
Sam Howell,DAL,14,QB,75,Sam HowellDAL,14.62526542,14.62526542,-999,-999,-999,333,241,291,350,381,-4.302,-0.780,-999.000,-999.000,-999.000,381,-4.302
MarShawn Lloyd,GB,11,RB,72,MarShawn LloydGB,65.59264402,-999,65.59264402,-999,-999,253,216.42,197,220,382,-4.306,-999.000,-0.987,-999.000,-999.000,382,-4.306
Sam Roush,CHI,10,TE,93,Sam RoushCHI,40.18065144,-999,-999,-999,40.18065144,333,241,291,350,383,-4.319,-999.000,-999.000,-999.000,-0.769,383,-4.319
Emari Demercado,KC,5,RB,73,Emari DemercadoKC,64.98252016,-999,64.98252016,-999,-999,264,219.5,252,295,384,-4.328,-999.000,-0.992,-999.000,-999.000,384,-4.328
Jalen Milroe,SEA,11,QB,76,Jalen MilroeSEA,13.48484293,13.48484293,-999,-999,-999,268,220,291,350,385,-4.331,-0.785,-999.000,-999.000,-999.000,385,-4.331
Brashard Smith,KC,5,RB,74,Brashard SmithKC,64.6965606,-999,64.6965606,-999,-999,320,235,230,267,386,-4.339,-999.000,-0.994,-999.000,-999.000,386,-4.339
Cam Grandy,CIN,6,TE,94,Cam GrandyCIN,39.49608709,-999,-999,-999,39.49608709,333,241,291,350,387,-4.340,-999.000,-999.000,-999.000,-0.774,387,-4.340
Tyler Conklin,DET,6,TE,95,Tyler ConklinDET,39.3073032,-999,-999,-999,39.3073032,333,241,291,350,388,-4.346,-999.000,-999.000,-999.000,-0.775,388,-4.346
Riley Nowakowski,PIT,9,TE,96,Riley NowakowskiPIT,39.17483454,-999,-999,-999,39.17483454,333,241,291,350,389,-4.350,-999.000,-999.000,-999.000,-0.776,389,-4.350
Ben Sims,MIA,6,TE,97,Ben SimsMIA,39.07171549,-999,-999,-999,39.07171549,333,241,291,350,390,-4.353,-999.000,-999.000,-999.000,-0.777,390,-4.353
Tip Reiman,ARI,14,TE,98,Tip ReimanARI,38.55050929,-999,-999,-999,38.55050929,333,241,291,350,391,-4.369,-999.000,-999.000,-999.000,-0.781,391,-4.369
Luke Farrell,SF,8,TE,99,Luke FarrellSF,38.40910384,-999,-999,-999,38.40910384,333,241,291,350,392,-4.373,-999.000,-999.000,-999.000,-0.782,392,-4.373
Skyler Bell,BUF,7,WR,144,Skyler BellBUF,59.71012452,-999,-999,59.71012452,-999,269,220.26,255,299,393,-4.376,-999.000,-999.000,-1.065,-999.000,393,-4.376
Will Howard,PIT,9,QB,77,Will HowardPIT,11.63795829,11.63795829,-999,-999,-999,333,241,291,350,394,-4.378,-0.793,-999.000,-999.000,-999.000,394,-4.378
Nate Adkins,DEN,10,TE,100,Nate AdkinsDEN,38.01434247,-999,-999,-999,38.01434247,333,241,291,350,395,-4.385,-999.000,-999.000,-999.000,-0.785,395,-4.385
Joe Mixon,FA,,RB,75,Joe MixonFA,63.02552065,-999,63.02552065,-999,-999,303,229.71,248,290,396,-4.400,-999.000,-1.007,-999.000,-999.000,396,-4.400
Charlie Woerner,ATL,11,TE,101,Charlie WoernerATL,37.28547526,-999,-999,-999,37.28547526,333,241,291,350,397,-4.407,-999.000,-999.000,-999.000,-0.791,397,-4.407
Emmett Johnson,KC,5,RB,76,Emmett JohnsonKC,62.82805963,-999,62.82805963,-999,-999,192,190.64,151,155,398,-4.407,-999.000,-1.008,-999.000,-999.000,398,-4.407
Bub Means,NO,8,WR,145,Bub MeansNO,58.73092311,-999,-999,58.73092311,-999,333,241,291,350,399,-4.410,-999.000,-999.000,-1.072,-999.000,399,-4.410
John Michael Gyllenborg,KC,5,TE,102,John Michael GyllenborgKC,36.87961595,-999,-999,-999,36.87961595,333,241,291,350,400,-4.419,-999.000,-999.000,-999.000,-0.794,400,-4.419
Cedric Tillman,CLE,11,WR,146,Cedric TillmanCLE,58.46159196,-999,-999,58.46159196,-999,333,241,291,350,401,-4.420,-999.000,-999.000,-1.074,-999.000,401,-4.420
Malik Davis,DAL,14,RB,77,Malik DavisDAL,62.34240965,-999,62.34240965,-999,-999,306,230.5,285,342,402,-4.425,-999.000,-1.012,-999.000,-999.000,402,-4.425
Dont'e Thornton Jr.,LV,13,WR,147,Dont'e Thornton Jr.LV,58.31375332,-999,-999,58.31375332,-999,326,237,291,350,403,-4.425,-999.000,-999.000,-1.075,-999.000,403,-4.425
Chris Oladokun,KC,5,QB,78,Chris OladokunKC,9.785473485,9.785473485,-999,-999,-999,333,241,291,350,404,-4.425,-0.801,-999.000,-999.000,-999.000,404,-4.425
Josh Whyle,GB,11,TE,103,Josh WhyleGB,36.44038161,-999,-999,-999,36.44038161,297,229,291,350,405,-4.432,-999.000,-999.000,-999.000,-0.798,405,-4.432
Garrett Nussmeier,KC,5,QB,79,Garrett NussmeierKC,9.38417003,9.38417003,-999,-999,-999,333,241,291,350,406,-4.435,-0.803,-999.000,-999.000,-999.000,406,-4.435
Stone Smartt,PHI,10,TE,104,Stone SmarttPHI,36.19445012,-999,-999,-999,36.19445012,333,241,291,350,407,-4.440,-999.000,-999.000,-999.000,-0.799,407,-4.440
Kareem Hunt,FA,,RB,78,Kareem HuntFA,61.61584439,-999,61.61584439,-999,-999,333,241,272,320,408,-4.452,-999.000,-1.017,-999.000,-999.000,408,-4.452
Brandon Allen,NYG,8,QB,80,Brandon AllenNYG,8.732251234,8.732251234,-999,-999,-999,333,241,291,350,409,-4.452,-0.806,-999.000,-999.000,-999.000,409,-4.452
Aidan O'Connell,LV,13,QB,81,Aidan O'ConnellLV,8.73107001,8.73107001,-999,-999,-999,333,241,291,350,410,-4.452,-0.806,-999.000,-999.000,-999.000,410,-4.452
Will Mallory,IND,13,TE,105,Will MalloryIND,35.22724785,-999,-999,-999,35.22724785,333,241,291,350,411,-4.469,-999.000,-999.000,-999.000,-0.807,411,-4.469
Adrian Martinez,SF,8,QB,82,Adrian MartinezSF,7.711465012,7.711465012,-999,-999,-999,333,241,291,350,412,-4.478,-0.810,-999.000,-999.000,-999.000,412,-4.478
Shane Buechele,BUF,7,QB,83,Shane BuecheleBUF,7.483498919,7.483498919,-999,-999,-999,333,241,291,350,413,-4.484,-0.811,-999.000,-999.000,-999.000,,
James Mitchell,CAR,5,TE,106,James MitchellCAR,34.61424167,-999,-999,-999,34.61424167,333,241,291,350,414,-4.488,-999.000,-999.000,-999.000,-0.812,,
Zach Wilson,NO,8,QB,84,Zach WilsonNO,7.272440013,7.272440013,-999,-999,-999,333,241,291,350,415,-4.489,-0.812,-999.000,-999.000,-999.000,,
Brady Cook,NYJ,13,QB,85,Brady CookNYJ,7.224199534,7.224199534,-999,-999,-999,333,241,291,350,416,-4.491,-0.812,-999.000,-999.000,-999.000,,
Desmond Ridder,GB,,QB,86,Desmond RidderGB,7.122343327,7.122343327,-999,-999,-999,333,241,291,350,417,-4.493,-0.813,-999.000,-999.000,-999.000,,
Greg Dortch,DET,6,WR,148,Greg DortchDET,56.30909003,-999,-999,56.30909003,-999,314,233,291,350,418,-4.496,-999.000,-999.000,-1.090,-999.000,,
DJ Rogers,FA,,TE,107,DJ RogersFA,34.264566,-999,-999,-999,34.264566,333,241,291,350,419,-4.498,-999.000,-999.000,-999.000,-0.814,,
Diego Pavia,BAL,13,QB,87,Diego PaviaBAL,6.771339479,6.771339479,-999,-999,-999,333,241,291,350,420,-4.502,-0.814,-999.000,-999.000,-999.000,,
Drew Ogletree,IND,13,TE,108,Drew OgletreeIND,33.58865605,-999,-999,-999,33.58865605,333,241,291,350,421,-4.519,-999.000,-999.000,-999.000,-0.820,,
Thomas Fidone II,NYG,8,TE,109,Thomas Fidone IINYG,33.42083073,-999,-999,-999,33.42083073,333,241,291,350,422,-4.524,-999.000,-999.000,-999.000,-0.821,,
Josh Johnson,CIN,6,QB,88,Josh JohnsonCIN,5.469350279,5.469350279,-999,-999,-999,333,241,291,350,423,-4.535,-0.820,-999.000,-999.000,-999.000,,
Payne Durham,TB,10,TE,110,Payne DurhamTB,32.96321858,-999,-999,-999,32.96321858,333,241,291,350,424,-4.537,-999.000,-999.000,-999.000,-0.825,,
Behren Morton,NE,11,QB,89,Behren MortonNE,5.178159595,5.178159595,-999,-999,-999,333,241,291,350,425,-4.543,-0.821,-999.000,-999.000,-999.000,,
Antonio Gibson,FA,,RB,79,Antonio GibsonFA,58.94616976,-999,58.94616976,-999,-999,333,241,291,350,426,-4.550,-999.000,-1.037,-999.000,-999.000,,
Seydou Traore,MIA,6,TE,111,Seydou TraoreMIA,32.47323844,-999,-999,-999,32.47323844,333,241,291,350,427,-4.552,-999.000,-999.000,-999.000,-0.828,,
Cole Payton,PHI,10,QB,90,Cole PaytonPHI,3.947546169,3.947546169,-999,-999,-999,333,241,291,350,428,-4.574,-0.827,-999.000,-999.000,-999.000,,
Kevin Coleman Jr.,MIA,6,WR,149,Kevin Coleman Jr.MIA,53.21923271,-999,-999,53.21923271,-999,316,234,291,350,429,-4.606,-999.000,-999.000,-1.112,-999.000,,
Hayden Rucci,SF,8,TE,112,Hayden RucciSF,30.62091561,-999,-999,-999,30.62091561,333,241,291,350,430,-4.608,-999.000,-999.000,-999.000,-0.843,,
Nick Vannett,LAR,11,TE,113,Nick VannettLAR,30.07414491,-999,-999,-999,30.07414491,333,241,291,350,431,-4.625,-999.000,-999.000,-999.000,-0.847,,
Austin Ekeler,WAS,7,RB,80,Austin EkelerWAS,56.8209,-999,56.8209,-999,-999,333,241,291,350,432,-4.627,-999.000,-1.053,-999.000,-999.000,,
Hunter Long,JAC,7,TE,114,Hunter LongJAC,29.52182958,-999,-999,-999,29.52182958,333,241,291,350,433,-4.641,-999.000,-999.000,-999.000,-0.851,,
Jahdae Walker,CHI,10,WR,150,Jahdae WalkerCHI,52.05003476,-999,-999,52.05003476,-999,333,241,291,350,434,-4.647,-999.000,-999.000,-1.121,-999.000,,
Brenden Bates,CLE,11,TE,115,Brenden BatesCLE,29.2542205,-999,-999,-999,29.2542205,333,241,291,350,435,-4.650,-999.000,-999.000,-999.000,-0.853,,
Rivaldo Fairweather,ARI,14,TE,116,Rivaldo FairweatherARI,28.44359376,-999,-999,-999,28.44359376,333,241,291,350,436,-4.674,-999.000,-999.000,-999.000,-0.860,,
Jaydon Blue,DAL,14,RB,81,Jaydon BlueDAL,55.46691057,-999,55.46691057,-999,-999,261,218.53,184,200,437,-4.677,-999.000,-1.063,-999.000,-999.000,,
George Holani,SEA,11,RB,82,George HolaniSEA,54.96655105,-999,54.96655105,-999,-999,213,207.64,237,275,438,-4.695,-999.000,-1.067,-999.000,-999.000,,
Najee Harris,LAC,7,RB,83,Najee HarrisLAC,54.79550569,-999,54.79550569,-999,-999,277,221.33,187,205,439,-4.702,-999.000,-1.068,-999.000,-999.000,,
Bryce Lance,NO,8,WR,151,Bryce LanceNO,50.24181179,-999,-999,50.24181179,-999,304,230,286,343,440,-4.711,-999.000,-999.000,-1.134,-999.000,,
Devin Culp,TB,10,TE,117,Devin CulpTB,27.08457762,-999,-999,-999,27.08457762,333,241,291,350,441,-4.715,-999.000,-999.000,-999.000,-0.870,,
Joe Royer,CLE,11,TE,118,Joe RoyerCLE,26.73129178,-999,-999,-999,26.73129178,333,241,291,350,442,-4.726,-999.000,-999.000,-999.000,-0.873,,
DJ Giddens,IND,13,RB,84,DJ GiddensIND,53.33035474,-999,53.33035474,-999,-999,315,233.67,229,266,443,-4.755,-999.000,-1.079,-999.000,-999.000,,
Zavion Thomas,CHI,10,WR,152,Zavion ThomasCHI,48.26421448,-999,-999,48.26421448,-999,272,220.75,291,350,444,-4.782,-999.000,-999.000,-1.148,-999.000,,
Kaytron Allen,WAS,7,RB,85,Kaytron AllenWAS,52.5585805,-999,52.5585805,-999,-999,235,212.84,153,157,445,-4.784,-999.000,-1.085,-999.000,-999.000,,
Jared Wiley,KC,5,TE,119,Jared WileyKC,24.80952164,-999,-999,-999,24.80952164,333,241,291,350,446,-4.784,-999.000,-999.000,-999.000,-0.888,,
Adam Randall,BAL,13,RB,86,Adam RandallBAL,52.08282873,-999,52.08282873,-999,-999,281,222.6,218,254,447,-4.801,-999.000,-1.089,-999.000,-999.000,,
Jaren Kanak,TEN,9,TE,120,Jaren KanakTEN,23.97521585,-999,-999,-999,23.97521585,333,241,291,350,448,-4.809,-999.000,-999.000,-999.000,-0.894,,
Lucas Krull,DEN,10,TE,121,Lucas KrullDEN,23.36581857,-999,-999,-999,23.36581857,332,240,291,350,449,-4.827,-999.000,-999.000,-999.000,-0.899,,
Travis Vokolek,ARI,14,TE,122,Travis VokolekARI,23.15551167,-999,-999,-999,23.15551167,333,241,291,350,450,-4.834,-999.000,-999.000,-999.000,-0.901,,
Josh Cuevas,BAL,13,TE,123,Josh CuevasBAL,23.04742234,-999,-999,-999,23.04742234,333,241,291,350,451,-4.837,-999.000,-999.000,-999.000,-0.901,,
Mitch Tinsley,CIN,6,WR,153,Mitch TinsleyCIN,46.5344645,-999,-999,46.5344645,-999,333,241,291,350,452,-4.843,-999.000,-999.000,-1.161,-999.000,,
Dallen Bentley,DEN,10,TE,124,Dallen BentleyDEN,22.8176138,-999,-999,-999,22.8176138,333,241,291,350,453,-4.844,-999.000,-999.000,-999.000,-0.903,413,-4.844
Noah Thomas,CIN,6,WR,154,Noah ThomasCIN,46.40836144,-999,-999,46.40836144,-999,333,241,291,350,454,-4.847,-999.000,-999.000,-1.162,-999.000,414,-4.847
Roman Wilson,PIT,9,WR,155,Roman WilsonPIT,46.3310041,-999,-999,46.3310041,-999,333,241,291,350,455,-4.850,-999.000,-999.000,-1.163,-999.000,415,-4.850
Eric Saubert,SEA,11,TE,125,Eric SaubertSEA,22.42783566,-999,-999,-999,22.42783566,333,241,291,350,456,-4.856,-999.000,-999.000,-999.000,-0.906,416,-4.856
Kylen Granson,TEN,9,TE,126,Kylen GransonTEN,22.39375524,-999,-999,-999,22.39375524,333,241,291,350,457,-4.857,-999.000,-999.000,-999.000,-0.906,417,-4.857
Jack Stoll,CLE,11,TE,127,Jack StollCLE,22.32871348,-999,-999,-999,22.32871348,333,241,291,350,458,-4.859,-999.000,-999.000,-999.000,-0.907,418,-4.859
Jeremy McNichols,WAS,7,RB,87,Jeremy McNicholsWAS,50.00746825,-999,50.00746825,-999,-999,333,241,291,350,459,-4.877,-999.000,-1.104,-999.000,-999.000,419,-4.877
Devin Singletary,NYG,8,RB,88,Devin SingletaryNYG,49.94956226,-999,49.94956226,-999,-999,333,241,254,297,460,-4.879,-999.000,-1.105,-999.000,-999.000,420,-4.879
Xavier Smith,LAR,11,WR,156,Xavier SmithLAR,44.81597165,-999,-999,44.81597165,-999,333,241,291,350,461,-4.904,-999.000,-999.000,-1.174,-999.000,421,-4.904
AJ Dillon,CAR,5,RB,89,AJ DillonCAR,49.21374736,-999,49.21374736,-999,-999,333,241,291,350,462,-4.906,-999.000,-1.110,-999.000,-999.000,422,-4.906
Tucker Fisk,FA,7,TE,128,Tucker FiskFA,20.3422804,-999,-999,-999,20.3422804,333,241,291,350,463,-4.919,-999.000,-999.000,-999.000,-0.922,423,-4.919
Konata Mumpfield,LAR,11,WR,157,Konata MumpfieldLAR,44.20598466,-999,-999,44.20598466,-999,333,241,291,350,464,-4.926,-999.000,-999.000,-1.178,-999.000,424,-4.926
Zaire Mitchell-Paden,NO,8,TE,129,Zaire Mitchell-PadenNO,20.08323098,-999,-999,-999,20.08323098,333,241,291,350,465,-4.927,-999.000,-999.000,-999.000,-0.924,425,-4.927
Donald Parham,PIT,9,TE,130,Donald ParhamPIT,20.04063355,-999,-999,-999,20.04063355,333,241,291,350,466,-4.928,-999.000,-999.000,-999.000,-0.925,426,-4.928
Tanner McLachlan,LAC,7,TE,131,Tanner McLachlanLAC,18.8948505,-999,-999,-999,18.8948505,333,241,291,350,467,-4.963,-999.000,-999.000,-999.000,-0.934,427,-4.963
Blake Whiteheart,CLE,11,TE,132,Blake WhiteheartCLE,18.45452344,-999,-999,-999,18.45452344,333,241,291,350,468,-4.976,-999.000,-999.000,-999.000,-0.937,428,-4.976
Tanner Conner,NYG,8,TE,133,Tanner ConnerNYG,18.34865603,-999,-999,-999,18.34865603,333,241,291,350,469,-4.979,-999.000,-999.000,-999.000,-0.938,429,-4.979
Dante Pettis,NO,8,WR,158,Dante PettisNO,42.469011,-999,-999,42.469011,-999,333,241,291,350,470,-4.987,-999.000,-999.000,-1.191,-999.000,430,-4.987
LeQuint Allen Jr.,JAC,7,RB,90,LeQuint Allen Jr.JAC,46.94391108,-999,46.94391108,-999,-999,283,224,240,279,471,-4.989,-999.000,-1.127,-999.000,-999.000,431,-4.989
Robert Tonyan,PIT,9,TE,134,Robert TonyanPIT,17.37686072,-999,-999,-999,17.37686072,333,241,291,350,472,-5.008,-999.000,-999.000,-999.000,-0.945,432,-5.008
Bauer Sharp,TB,10,TE,135,Bauer SharpTB,17.32328455,-999,-999,-999,17.32328455,333,241,291,350,473,-5.010,-999.000,-999.000,-999.000,-0.946,433,-5.010
Deion Burks,IND,13,WR,159,Deion BurksIND,41.69289453,-999,-999,41.69289453,-999,333,241,291,350,474,-5.015,-999.000,-999.000,-1.196,-999.000,434,-5.015
John FitzPatrick,GB,11,TE,136,John FitzPatrickGB,17.04132835,-999,-999,-999,17.04132835,333,241,291,350,475,-5.019,-999.000,-999.000,-999.000,-0.948,435,-5.019
Tim Patrick,NYJ,13,WR,160,Tim PatrickNYJ,41.10440734,-999,-999,41.10440734,-999,333,241,291,350,476,-5.036,-999.000,-999.000,-1.201,-999.000,436,-5.036
Julian Hill,NE,11,TE,137,Julian HillNE,16.38482656,-999,-999,-999,16.38482656,333,241,291,350,477,-5.038,-999.000,-999.000,-999.000,-0.953,437,-5.038
Ben Yurosek,MIN,6,TE,138,Ben YurosekMIN,15.99205918,-999,-999,-999,15.99205918,333,241,291,350,478,-5.050,-999.000,-999.000,-999.000,-0.956,438,-5.050
Ollie Gordon II,MIA,6,RB,91,Ollie Gordon IIMIA,43.08872427,-999,43.08872427,-999,-999,310,231.5,214,245,479,-5.131,-999.000,-1.156,-999.000,-999.000,439,-5.131
Teagan Quitoriano,ARI,14,TE,139,Teagan QuitorianoARI,13.04467572,-999,-999,-999,13.04467572,333,241,291,350,480,-5.139,-999.000,-999.000,-999.000,-0.979,440,-5.139
Chris Manhertz,NYG,8,TE,140,Chris ManhertzNYG,12.9247295,-999,-999,-999,12.9247295,333,241,291,350,481,-5.143,-999.000,-999.000,-999.000,-0.980,441,-5.143
Johnny Mundt,PHI,10,TE,141,Johnny MundtPHI,12.00710701,-999,-999,-999,12.00710701,333,241,291,350,482,-5.171,-999.000,-999.000,-999.000,-0.987,442,-5.171
Demond Claiborne,MIN,6,RB,92,Demond ClaiborneMIN,41.65679707,-999,41.65679707,-999,-999,229,211.79,194,217,483,-5.183,-999.000,-1.167,-999.000,-999.000,443,-5.183
Brandin Cooks,FA,8,WR,161,Brandin CooksFA,36.50969115,-999,-999,36.50969115,-999,333,241,291,350,484,-5.198,-999.000,-999.000,-1.234,-999.000,444,-5.198
David Martin-Robinson,TEN,9,TE,142,David Martin-RobinsonTEN,11.06855788,-999,-999,-999,11.06855788,333,241,291,350,485,-5.199,-999.000,-999.000,-999.000,-0.994,445,-5.199
CJ Dippre,NE,11,TE,143,CJ DippreNE,11.057421,-999,-999,-999,11.057421,333,241,291,350,486,-5.199,-999.000,-999.000,-999.000,-0.994,446,-5.199
Marquez Valdes-Scantling,DAL,14,WR,162,Marquez Valdes-ScantlingDAL,36.4701497,-999,-999,36.4701497,-999,333,241,291,350,487,-5.200,-999.000,-999.000,-1.234,-999.000,447,-5.200
Nicholas Singleton,TEN,9,RB,93,Nicholas SingletonTEN,41.16753773,-999,41.16753773,-999,-999,211,206.19,161,166,488,-5.201,-999.000,-1.170,-999.000,-999.000,448,-5.201
Jimmy Horn Jr.,CAR,5,WR,163,Jimmy Horn Jr.CAR,36.25531391,-999,-999,36.25531391,-999,333,241,291,350,489,-5.207,-999.000,-999.000,-1.236,-999.000,449,-5.207
Tyrell Shavers,BUF,7,WR,164,Tyrell ShaversBUF,35.94367991,-999,-999,35.94367991,-999,333,241,291,350,490,-5.219,-999.000,-999.000,-1.238,-999.000,450,-5.219
RJ Maryland,FA,,TE,144,RJ MarylandFA,9.916327775,-999,-999,-999,9.916327775,333,241,291,350,491,-5.234,-999.000,-999.000,-999.000,-1.003,451,-5.234
Kendre Miller,NO,8,RB,94,Kendre MillerNO,39.83314414,-999,39.83314414,-999,-999,333,241,221,258,492,-5.250,-999.000,-1.180,-999.000,-999.000,452,-5.250
Moliki Matavao,NO,8,TE,145,Moliki MatavaoNO,9.379581355,-999,-999,-999,9.379581355,333,241,291,350,493,-5.250,-999.000,-999.000,-999.000,-1.007,453,-5.250
Jawhar Jordan,HOU,8,RB,95,Jawhar JordanHOU,39.09611652,-999,39.09611652,-999,-999,333,241,291,350,494,-5.277,-999.000,-1.186,-999.000,-999.000,454,-5.277
Dre Miller,GB,11,TE,146,Dre MillerGB,8.456325513,-999,-999,-999,8.456325513,333,241,291,350,495,-5.278,-999.000,-999.000,-999.000,-1.014,455,-5.278
Cole Turner,MIA,6,TE,147,Cole TurnerMIA,8.004820062,-999,-999,-999,8.004820062,333,241,291,350,496,-5.292,-999.000,-999.000,-999.000,-1.018,456,-5.292
Odell Beckham Jr.,NYG,8,WR,165,Odell Beckham Jr.NYG,33.70775593,-999,-999,33.70775593,-999,246,214.5,291,350,497,-5.298,-999.000,-999.000,-1.254,-999.000,457,-5.298
Jack Velling,ATL,11,TE,148,Jack VellingATL,7.70901629,-999,-999,-999,7.70901629,333,241,291,350,498,-5.301,-999.000,-999.000,-999.000,-1.020,458,-5.301
Isaiah Williams,NYJ,13,WR,166,Isaiah WilliamsNYJ,33.39694894,-999,-999,33.39694894,-999,333,241,291,350,499,-5.309,-999.000,-999.000,-1.257,-999.000,459,-5.309
Kevin Austin Jr.,NO,8,WR,167,Kevin Austin Jr.NO,32.6043912,-999,-999,32.6043912,-999,333,241,291,350,500,-5.337,-999.000,-999.000,-1.262,-999.000,460,-5.337
Hunter Luepke,DAL,14,RB,96,Hunter LuepkeDAL,37.21205154,-999,37.21205154,-999,-999,333,241,291,350,501,-5.346,-999.000,-1.200,-999.000,-999.000,461,-5.346
Tai Felton,MIN,6,WR,168,Tai FeltonMIN,32.32546736,-999,-999,32.32546736,-999,333,241,291,350,502,-5.347,-999.000,-999.000,-1.264,-999.000,462,-5.347
Max Bredeson,MIN,6,TE,149,Max BredesonMIN,6.158189648,-999,-999,-999,6.158189648,333,241,291,350,503,-5.348,-999.000,-999.000,-999.000,-1.032,463,-5.348
Carsen Ryan,CLE,11,TE,150,Carsen RyanCLE,5.982157039,-999,-999,-999,5.982157039,333,241,291,350,504,-5.353,-999.000,-999.000,-999.000,-1.034,464,-5.353
Colbie Young,CIN,6,WR,169,Colbie YoungCIN,32.15528147,-999,-999,32.15528147,-999,333,241,291,350,505,-5.353,-999.000,-999.000,-1.266,-999.000,465,-5.353
Sterling Shepard,FA,,WR,170,Sterling ShepardFA,32.15344067,-999,-999,32.15344067,-999,333,241,291,350,506,-5.353,-999.000,-999.000,-1.266,-999.000,466,-5.353
KeAndre Lambert-Smith,LAC,7,WR,171,KeAndre Lambert-SmithLAC,31.80025011,-999,-999,31.80025011,-999,333,241,291,350,507,-5.365,-999.000,-999.000,-1.268,-999.000,467,-5.365
Harrison Bryant,SEA,11,TE,151,Harrison BryantSEA,5.168509372,-999,-999,-999,5.168509372,333,241,291,350,508,-5.377,-999.000,-999.000,-999.000,-1.040,468,-5.377
Cameron Latu,PHI,10,TE,152,Cameron LatuPHI,5.156862599,-999,-999,-999,5.156862599,333,241,291,350,509,-5.378,-999.000,-999.000,-999.000,-1.040,469,-5.378
Jake Briningstool,KC,5,TE,153,Jake BriningstoolKC,4.606557178,-999,-999,-999,4.606557178,333,241,291,350,510,-5.394,-999.000,-999.000,-999.000,-1.044,470,-5.394
JuJu Smith-Schuster,NYG,8,WR,172,JuJu Smith-SchusterNYG,30.83700005,-999,-999,30.83700005,-999,333,241,291,350,511,-5.400,-999.000,-999.000,-1.275,-999.000,471,-5.400
Quintin Morris,JAC,7,TE,154,Quintin MorrisJAC,4.276629681,-999,-999,-999,4.276629681,333,241,291,350,512,-5.404,-999.000,-999.000,-999.000,-1.047,472,-5.404
Shane Zylstra,BUF,7,TE,155,Shane ZylstraBUF,3.715150137,-999,-999,-999,3.715150137,333,241,291,350,513,-5.421,-999.000,-999.000,-999.000,-1.051,473,-5.421
Cyrus Allen,KC,5,WR,173,Cyrus AllenKC,30.0925069,-999,-999,30.0925069,-999,208,204,291,350,514,-5.426,-999.000,-999.000,-1.281,-999.000,474,-5.426
Brevin Jordan,HOU,8,TE,156,Brevin JordanHOU,3.119230698,-999,-999,-999,3.119230698,333,241,291,350,515,-5.439,-999.000,-999.000,-999.000,-1.056,475,-5.439
Malik Benson,LV,13,WR,174,Malik BensonLV,29.29293848,-999,-999,29.29293848,-999,302,229.67,291,350,516,-5.454,-999.000,-999.000,-1.287,-999.000,476,-5.454
CJ Daniels,LAR,11,WR,175,CJ DanielsLAR,29.21924869,-999,-999,29.21924869,-999,333,241,291,350,517,-5.457,-999.000,-999.000,-1.287,-999.000,477,-5.457
Jaheim Bell,PIT,9,TE,157,Jaheim BellPIT,2.462082736,-999,-999,-999,2.462082736,333,241,291,350,518,-5.459,-999.000,-999.000,-999.000,-1.061,478,-5.459
Tyree Jackson,WAS,7,TE,158,Tyree JacksonWAS,2.377250083,-999,-999,-999,2.377250083,333,241,291,350,519,-5.462,-999.000,-999.000,-999.000,-1.062,479,-5.462
Darius Cooper,PHI,10,WR,176,Darius CooperPHI,28.64972675,-999,-999,28.64972675,-999,333,241,291,350,520,-5.477,-999.000,-999.000,-1.291,-999.000,480,-5.477
Michael Carter,TEN,9,RB,97,Michael CarterTEN,33.61170421,-999,33.61170421,-999,-999,333,241,291,350,521,-5.478,-999.000,-1.227,-999.000,-999.000,481,-5.478
Carter Runyon,LV,13,TE,159,Carter RunyonLV,1.706800021,-999,-999,-999,1.706800021,333,241,291,350,522,-5.482,-999.000,-999.000,-999.000,-1.067,482,-5.482
Raheim Sanders,CLE,11,RB,98,Raheim SandersCLE,33.42385785,-999,33.42385785,-999,-999,333,241,291,350,523,-5.485,-999.000,-1.228,-999.000,-999.000,483,-5.485
Feleipe Franks,CAR,5,TE,160,Feleipe FranksCAR,1.422601573,-999,-999,-999,1.422601573,333,241,291,350,524,-5.491,-999.000,-999.000,-999.000,-1.069,484,-5.491
Pharaoh Brown,FA,14,TE,161,Pharaoh BrownFA,1.24816951,-999,-999,-999,1.24816951,333,241,291,350,525,-5.496,-999.000,-999.000,-999.000,-1.070,485,-5.496
Jelani Woods,NYJ,13,TE,162,Jelani WoodsNYJ,1.199445093,-999,-999,-999,1.199445093,333,241,291,350,526,-5.497,-999.000,-999.000,-999.000,-1.071,486,-5.497
Ko Kieft,TB,10,TE,163,Ko KieftTB,1.162466677,-999,-999,-999,1.162466677,333,241,291,350,527,-5.499,-999.000,-999.000,-999.000,-1.071,487,-5.499
Eric McAlister,FA,,WR,177,Eric McAlisterFA,27.83326286,-999,-999,27.83326286,-999,333,241,291,350,528,-5.506,-999.000,-999.000,-1.297,-999.000,488,-5.506
Jonathan Mingo,DAL,14,WR,178,Jonathan MingoDAL,27.4146106,-999,-999,27.4146106,-999,333,241,291,350,529,-5.521,-999.000,-999.000,-1.300,-999.000,489,-5.521
David Moore,CAR,5,WR,179,David MooreCAR,27.36991009,-999,-999,27.36991009,-999,333,241,291,350,530,-5.523,-999.000,-999.000,-1.301,-999.000,490,-5.523
Colson Yankoff,WAS,7,TE,164,Colson YankoffWAS,0.2930015,-999,-999,-999,0.2930015,333,241,291,350,531,-5.525,-999.000,-999.000,-999.000,-1.078,491,-5.525
Jack Westover,NE,11,TE,165,Jack WestoverNE,0.263175,-999,-999,-999,0.263175,333,241,291,350,532,-5.526,-999.000,-999.000,-999.000,-1.078,492,-5.526
Drake Dabney,GB,11,TE,166,Drake DabneyGB,0.075,-999,-999,-999,0.075,333,241,291,350,533,-5.531,-999.000,-999.000,-999.000,-1.079,493,-5.531
Bo Melton,GB,11,WR,180,Bo MeltonGB,26.7416835,-999,-999,26.7416835,-999,333,241,291,350,534,-5.545,-999.000,-999.000,-1.305,-999.000,494,-5.545
Phil Mafah,DAL,14,RB,99,Phil MafahDAL,31.72205565,-999,31.72205565,-999,-999,333,241,288,346,535,-5.547,-999.000,-1.241,-999.000,-999.000,495,-5.547
Zavier Scott,MIN,6,RB,100,Zavier ScottMIN,31.69840878,-999,31.69840878,-999,-999,333,241,291,350,536,-5.548,-999.000,-1.241,-999.000,-999.000,496,-5.548
Jerome Ford,WAS,7,RB,101,Jerome FordWAS,31.58568339,-999,31.58568339,-999,-999,333,241,264,309,537,-5.552,-999.000,-1.242,-999.000,-999.000,497,-5.552
David Sills,TB,10,WR,181,David SillsTB,25.76283814,-999,-999,25.76283814,-999,333,241,291,350,538,-5.580,-999.000,-999.000,-1.312,-999.000,498,-5.580
Trey Benson,ARI,14,RB,102,Trey BensonARI,30.5850017,-999,30.5850017,-999,-999,217,208.6,222,259,539,-5.589,-999.000,-1.250,-999.000,-999.000,499,-5.589
Josh Cameron,JAC,7,WR,182,Josh CameronJAC,25.3962161,-999,-999,25.3962161,-999,333,241,291,350,540,-5.593,-999.000,-999.000,-1.315,-999.000,500,-5.593
Hunter Renfrow,FA,,WR,183,Hunter RenfrowFA,25.35180918,-999,-999,25.35180918,-999,333,241,291,350,541,-5.594,-999.000,-999.000,-1.315,-999.000,501,-5.594
Ben Skowronek,PIT,9,WR,184,Ben SkowronekPIT,25.21908818,-999,-999,25.21908818,-999,333,241,291,350,542,-5.599,-999.000,-999.000,-1.316,-999.000,502,-5.599
Devin Neal,NO,8,RB,103,Devin NealNO,30.12667937,-999,30.12667937,-999,-999,290,227,243,283,543,-5.606,-999.000,-1.253,-999.000,-999.000,503,-5.606
Will Shipley,PHI,10,RB,104,Will ShipleyPHI,30.09541369,-999,30.09541369,-999,-999,333,241,269,316,544,-5.607,-999.000,-1.253,-999.000,-999.000,504,-5.607
Rasheen Ali,BAL,13,RB,105,Rasheen AliBAL,29.84429379,-999,29.84429379,-999,-999,333,241,291,350,545,-5.616,-999.000,-1.255,-999.000,-999.000,505,-5.616
Isaac Guerendo,SF,8,RB,106,Isaac GuerendoSF,29.44078536,-999,29.44078536,-999,-999,333,241,291,350,546,-5.631,-999.000,-1.258,-999.000,-999.000,506,-5.631
Lil'Jordan Humphrey,DEN,10,WR,185,Lil'Jordan HumphreyDEN,23.81747482,-999,-999,23.81747482,-999,333,241,291,350,547,-5.649,-999.000,-999.000,-1.326,-999.000,507,-5.649
Audric Estime,NO,8,RB,107,Audric EstimeNO,28.79697869,-999,28.79697869,-999,-999,297,229,291,350,548,-5.654,-999.000,-1.263,-999.000,-999.000,508,-5.654
Xavier Weaver,ARI,14,WR,186,Xavier WeaverARI,22.97298388,-999,-999,22.97298388,-999,333,241,291,350,549,-5.678,-999.000,-999.000,-1.333,-999.000,509,-5.678
Eli Heidenreich,PIT,9,RB,108,Eli HeidenreichPIT,27.64200784,-999,27.64200784,-999,-999,282,223.6,259,304,550,-5.697,-999.000,-1.272,-999.000,-999.000,510,-5.697
Reggie Virgil,ARI,14,WR,187,Reggie VirgilARI,22.32290626,-999,-999,22.32290626,-999,333,241,291,350,551,-5.702,-999.000,-999.000,-1.337,-999.000,511,-5.702
Ty Chandler,NO,8,RB,109,Ty ChandlerNO,27.20731394,-999,27.20731394,-999,-999,333,241,291,350,552,-5.713,-999.000,-1.275,-999.000,-999.000,512,-5.713
Miles Sanders,FA,,RB,110,Miles SandersFA,26.91344095,-999,26.91344095,-999,-999,333,241,291,350,553,-5.723,-999.000,-1.277,-999.000,-999.000,513,-5.723
Trevor Etienne,CAR,5,RB,111,Trevor EtienneCAR,26.81703256,-999,26.81703256,-999,-999,333,241,271,319,554,-5.727,-999.000,-1.278,-999.000,-999.000,514,-5.727
Aaron Anderson,CLE,11,WR,188,Aaron AndersonCLE,21.56499593,-999,-999,21.56499593,-999,333,241,291,350,555,-5.728,-999.000,-999.000,-1.343,-999.000,515,-5.728
Seth McGowan,IND,13,RB,112,Seth McGowanIND,26.63754014,-999,26.63754014,-999,-999,333,241,260,305,556,-5.733,-999.000,-1.279,-999.000,-999.000,516,-5.733
Jam Miller,NE,11,RB,113,Jam MillerNE,26.63725823,-999,26.63725823,-999,-999,333,241,291,350,557,-5.734,-999.000,-1.279,-999.000,-999.000,517,-5.734
Mason Tipton,NO,8,WR,189,Mason TiptonNO,21.42154055,-999,-999,21.42154055,-999,333,241,291,350,558,-5.734,-999.000,-999.000,-1.344,-999.000,518,-5.734
Alexander Mattison,MIA,6,RB,114,Alexander MattisonMIA,26.55376023,-999,26.55376023,-999,-999,333,241,291,350,559,-5.737,-999.000,-1.280,-999.000,-999.000,519,-5.737
JP Richardson,CHI,10,WR,190,JP RichardsonCHI,20.91153587,-999,-999,20.91153587,-999,333,241,291,350,560,-5.752,-999.000,-999.000,-1.348,-999.000,520,-5.752
Gabriel Davis,BUF,7,WR,191,Gabriel DavisBUF,20.76370129,-999,-999,20.76370129,-999,333,241,291,350,561,-5.757,-999.000,-999.000,-1.349,-999.000,521,-5.757
Raheem Mostert,LV,13,RB,115,Raheem MostertLV,25.80515249,-999,25.80515249,-999,-999,333,241,291,350,562,-5.764,-999.000,-1.285,-999.000,-999.000,522,-5.764
Derius Davis,LAC,7,WR,192,Derius DavisLAC,20.45086459,-999,-999,20.45086459,-999,333,241,291,350,563,-5.768,-999.000,-999.000,-1.351,-999.000,523,-5.768
Josh Reynolds,NYJ,13,WR,193,Josh ReynoldsNYJ,20.35745491,-999,-999,20.35745491,-999,333,241,291,350,564,-5.771,-999.000,-999.000,-1.352,-999.000,524,-5.771
Kaleb Johnson,PIT,9,RB,116,Kaleb JohnsonPIT,25.52755449,-999,25.52755449,-999,-999,284,224.22,241,281,565,-5.774,-999.000,-1.288,-999.000,-999.000,525,-5.774
Eric Rivers,TB,10,WR,194,Eric RiversTB,20.25319193,-999,-999,20.25319193,-999,333,241,291,350,566,-5.775,-999.000,-999.000,-1.352,-999.000,526,-5.775
Malachi Corley,CLE,11,WR,195,Malachi CorleyCLE,20.00005491,-999,-999,20.00005491,-999,333,241,291,350,567,-5.784,-999.000,-999.000,-1.354,-999.000,527,-5.784
Tyler Badie,DEN,10,RB,117,Tyler BadieDEN,24.97967074,-999,24.97967074,-999,-999,333,241,291,350,568,-5.794,-999.000,-1.292,-999.000,-999.000,528,-5.794
Isaiah Hodgins,NYG,8,WR,196,Isaiah HodginsNYG,19.61052876,-999,-999,19.61052876,-999,333,241,291,350,569,-5.798,-999.000,-999.000,-1.357,-999.000,529,-5.798
Efton Chism III,NE,11,WR,197,Efton Chism IIINE,19.36923264,-999,-999,19.36923264,-999,333,241,291,350,570,-5.806,-999.000,-999.000,-1.359,-999.000,530,-5.806
Jordan Watkins,SF,8,WR,198,Jordan WatkinsSF,19.30188902,-999,-999,19.30188902,-999,333,241,291,350,571,-5.809,-999.000,-999.000,-1.359,-999.000,531,-5.809
Tahj Brooks,CIN,6,RB,118,Tahj BrooksCIN,24.50422543,-999,24.50422543,-999,-999,304,230,266,312,572,-5.812,-999.000,-1.295,-999.000,-999.000,532,-5.812
Roschon Johnson,CHI,10,RB,119,Roschon JohnsonCHI,24.31860753,-999,24.31860753,-999,-999,333,241,291,350,573,-5.818,-999.000,-1.297,-999.000,-999.000,533,-5.818
Jaleel McLaughlin,DEN,10,RB,120,Jaleel McLaughlinDEN,24.045697,-999,24.045697,-999,-999,333,241,291,350,574,-5.828,-999.000,-1.299,-999.000,-999.000,534,-5.828
J'Mari Taylor,JAC,7,RB,121,J'Mari TaylorJAC,23.92735818,-999,23.92735818,-999,-999,333,241,291,350,575,-5.833,-999.000,-1.300,-999.000,-999.000,535,-5.833
Xavier Restrepo,TEN,9,WR,199,Xavier RestrepoTEN,18.52794372,-999,-999,18.52794372,-999,333,241,291,350,576,-5.836,-999.000,-999.000,-1.365,-999.000,536,-5.836
Dean Connors,LAR,11,RB,122,Dean ConnorsLAR,23.77447359,-999,23.77447359,-999,-999,333,241,291,350,577,-5.838,-999.000,-1.301,-999.000,-999.000,537,-5.838
Justin Watson,HOU,8,WR,200,Justin WatsonHOU,18.40128302,-999,-999,18.40128302,-999,333,241,291,350,578,-5.841,-999.000,-999.000,-1.366,-999.000,538,-5.841
Zay Jones,ARI,14,WR,201,Zay JonesARI,18.02906186,-999,-999,18.02906186,-999,333,241,291,350,579,-5.854,-999.000,-999.000,-1.368,-999.000,539,-5.854
Arian Smith,NYJ,13,WR,202,Arian SmithNYJ,17.25382247,-999,-999,17.25382247,-999,333,241,291,350,580,-5.881,-999.000,-999.000,-1.374,-999.000,540,-5.881
Kenny McIntosh,SEA,11,RB,123,Kenny McIntoshSEA,22.07828005,-999,22.07828005,-999,-999,333,241,291,350,581,-5.901,-999.000,-1.313,-999.000,-999.000,541,-5.901
Jalin Hyatt,NYG,8,WR,203,Jalin HyattNYG,16.68556591,-999,-999,16.68556591,-999,316,234,291,350,582,-5.901,-999.000,-999.000,-1.378,-999.000,542,-5.901
Dare Ogunbowale,HOU,8,RB,124,Dare OgunbowaleHOU,21.9924036,-999,21.9924036,-999,-999,333,241,291,350,583,-5.904,-999.000,-1.314,-999.000,-999.000,543,-5.904
Tyler Goodson,ATL,11,RB,125,Tyler GoodsonATL,21.63289354,-999,21.63289354,-999,-999,333,241,291,350,584,-5.917,-999.000,-1.317,-999.000,-999.000,544,-5.917
Elijah Mitchell,PHI,10,RB,127,Elijah MitchellPHI,21.52554263,-999,21.52554263,-999,-999,333,241,291,350,585,-5.921,-999.000,-1.318,-999.000,-999.000,545,-5.921
Ronnie Rivers,LAR,11,RB,128,Ronnie RiversLAR,21.34130846,-999,21.34130846,-999,-999,333,241,291,350,586,-5.928,-999.000,-1.319,-999.000,-999.000,546,-5.928
Barion Brown,NO,8,WR,204,Barion BrownNO,15.70485541,-999,-999,15.70485541,-999,333,241,291,350,587,-5.936,-999.000,-999.000,-1.385,-999.000,547,-5.936
Jaydn Ott,KC,5,RB,129,Jaydn OttKC,20.62711439,-999,20.62711439,-999,-999,333,241,291,350,588,-5.954,-999.000,-1.324,-999.000,-999.000,548,-5.954
Jake Bobo,SEA,11,WR,205,Jake BoboSEA,14.95173026,-999,-999,14.95173026,-999,333,241,291,350,589,-5.963,-999.000,-999.000,-1.391,-999.000,549,-5.963
Jeff Caldwell,KC,5,WR,206,Jeff CaldwellKC,14.60314791,-999,-999,14.60314791,-999,297,229,291,350,590,-5.975,-999.000,-999.000,-1.393,-999.000,550,-5.975
Bryce Oliver,TEN,9,WR,207,Bryce OliverTEN,14.44341732,-999,-999,14.44341732,-999,333,241,291,350,591,-5.981,-999.000,-999.000,-1.395,-999.000,551,-5.981
Carlos Washington Jr.,MIA,6,RB,130,Carlos Washington Jr.MIA,19.634934,-999,19.634934,-999,-999,333,241,291,350,592,-5.990,-999.000,-1.332,-999.000,-999.000,552,-5.990
Robert Henry Jr.,WAS,7,RB,131,Robert Henry Jr.WAS,19.2859528,-999,19.2859528,-999,-999,333,241,291,350,593,-6.003,-999.000,-1.334,-999.000,-999.000,553,-6.003
Mecole Hardman,BUF,7,WR,208,Mecole HardmanBUF,13.61059124,-999,-999,13.61059124,-999,333,241,291,350,594,-6.011,-999.000,-999.000,-1.401,-999.000,554,-6.011
Jeshaun Jones,MIN,6,WR,209,Jeshaun JonesMIN,13.40627174,-999,-999,13.40627174,-999,333,241,291,350,595,-6.018,-999.000,-999.000,-1.402,-999.000,555,-6.018
Ja'Lynn Polk,NO,8,WR,210,Ja'Lynn PolkNO,13.18373939,-999,-999,13.18373939,-999,333,241,291,350,596,-6.026,-999.000,-999.000,-1.404,-999.000,556,-6.026
Anthony Gould,IND,13,WR,211,Anthony GouldIND,12.39264852,-999,-999,12.39264852,-999,333,241,291,350,597,-6.054,-999.000,-999.000,-1.410,-999.000,557,-6.054
Ameer Abdullah,JAC,7,RB,133,Ameer AbdullahJAC,17.87848019,-999,17.87848019,-999,-999,333,241,291,350,598,-6.054,-999.000,-1.345,-999.000,-999.000,558,-6.054
Kaden Wetjen,PIT,9,WR,212,Kaden WetjenPIT,12.16579711,-999,-999,12.16579711,-999,333,241,291,350,599,-6.062,-999.000,-999.000,-1.411,-999.000,559,-6.062
Casey Washington,ATL,11,WR,213,Casey WashingtonATL,12.12124989,-999,-999,12.12124989,-999,333,241,291,350,600,-6.063,-999.000,-999.000,-1.411,-999.000,560,-6.063
Jarquez Hunter,LAR,11,RB,134,Jarquez HunterLAR,17.43539098,-999,17.43539098,-999,-999,330,239,291,350,601,-6.071,-999.000,-1.348,-999.000,-999.000,561,-6.071
Jacob Cowing,SF,8,WR,214,Jacob CowingSF,11.59153702,-999,-999,11.59153702,-999,333,241,291,350,602,-6.082,-999.000,-999.000,-1.415,-999.000,562,-6.082
Tom Kennedy,DET,6,WR,215,Tom KennedyDET,11.52913558,-999,-999,11.52913558,-999,333,241,291,350,603,-6.084,-999.000,-999.000,-1.416,-999.000,563,-6.084
Frank Gore Jr.,BUF,7,RB,135,Frank Gore Jr.BUF,16.95073413,-999,16.95073413,-999,-999,333,241,291,350,604,-6.088,-999.000,-1.352,-999.000,-999.000,564,-6.088
Roman Hemby,LV,13,RB,136,Roman HembyLV,16.78718822,-999,16.78718822,-999,-999,333,241,291,350,605,-6.094,-999.000,-1.353,-999.000,-999.000,565,-6.094
Pierre Strong Jr.,GB,11,RB,137,Pierre Strong Jr.GB,16.59352124,-999,16.59352124,-999,-999,333,241,291,350,606,-6.102,-999.000,-1.355,-999.000,-999.000,566,-6.102
K.J. Osborn,TEN,9,WR,216,K.J. OsbornTEN,10.71979285,-999,-999,10.71979285,-999,333,241,291,350,607,-6.113,-999.000,-999.000,-1.422,-999.000,567,-6.113
Jaret Patterson,LAC,7,RB,138,Jaret PattersonLAC,15.60655803,-999,15.60655803,-999,-999,333,241,291,350,608,-6.138,-999.000,-1.362,-999.000,-999.000,568,-6.138
Israel Abanikanda,DAL,14,RB,139,Israel AbanikandaDAL,15.56410859,-999,15.56410859,-999,-999,333,241,291,350,609,-6.139,-999.000,-1.362,-999.000,-999.000,569,-6.139
Desmond Reid,BUF,7,RB,140,Desmond ReidBUF,15.4429371,-999,15.4429371,-999,-999,333,241,291,350,610,-6.144,-999.000,-1.363,-999.000,-999.000,570,-6.144
Cody White,SEA,11,WR,217,Cody WhiteSEA,9.836918469,-999,-999,9.836918469,-999,333,241,291,350,611,-6.144,-999.000,-999.000,-1.428,-999.000,571,-6.144
Kameron Johnson,TB,10,WR,218,Kameron JohnsonTB,9.312685503,-999,-999,9.312685503,-999,333,241,291,350,612,-6.163,-999.000,-999.000,-1.432,-999.000,572,-6.163
Nikko Remigio,KC,5,WR,219,Nikko RemigioKC,9.144093143,-999,-999,9.144093143,-999,333,241,291,350,613,-6.169,-999.000,-999.000,-1.433,-999.000,573,-6.169
Emmanuel Henderson Jr.,SEA,11,WR,220,Emmanuel Henderson Jr.SEA,9.124417375,-999,-999,9.124417375,-999,333,241,291,350,614,-6.170,-999.000,-999.000,-1.433,-999.000,574,-6.170
Elijah Moore,PHI,10,WR,221,Elijah MoorePHI,9.116249506,-999,-999,9.116249506,-999,333,241,291,350,615,-6.170,-999.000,-999.000,-1.433,-999.000,575,-6.170
Andrew Beck,NYJ,13,RB,141,Andrew BeckNYJ,14.55064627,-999,14.55064627,-999,-999,333,241,291,350,616,-6.176,-999.000,-1.370,-999.000,-999.000,576,-6.176
Damien Martinez,GB,11,RB,142,Damien MartinezGB,14.21547677,-999,14.21547677,-999,-999,333,241,291,350,617,-6.189,-999.000,-1.372,-999.000,-999.000,577,-6.189
Alec Ingold,LAC,7,RB,143,Alec IngoldLAC,13.86031515,-999,13.86031515,-999,-999,333,241,291,350,618,-6.202,-999.000,-1.375,-999.000,-999.000,578,-6.202
Brittain Brown,CHI,10,RB,144,Brittain BrownCHI,13.74954211,-999,13.74954211,-999,-999,333,241,291,350,619,-6.206,-999.000,-1.376,-999.000,-999.000,579,-6.206
Michael Bandy,DEN,10,WR,222,Michael BandyDEN,7.951796135,-999,-999,7.951796135,-999,333,241,291,350,620,-6.211,-999.000,-999.000,-1.442,-999.000,580,-6.211
Quez Watkins,FA,,WR,223,Quez WatkinsFA,7.684325239,-999,-999,7.684325239,-999,333,241,291,350,621,-6.221,-999.000,-999.000,-1.444,-999.000,581,-6.221
CJ Williams,JAC,7,WR,224,CJ WilliamsJAC,7.278619718,-999,-999,7.278619718,-999,333,241,291,350,622,-6.235,-999.000,-999.000,-1.447,-999.000,582,-6.235
Chris Moore,FA,7,WR,225,Chris MooreFA,7.18554575,-999,-999,7.18554575,-999,333,241,291,350,623,-6.238,-999.000,-999.000,-1.447,-999.000,583,-6.238
Dee Eskridge,MIA,6,WR,226,Dee EskridgeMIA,7.037895778,-999,-999,7.037895778,-999,333,241,291,350,624,-6.244,-999.000,-999.000,-1.448,-999.000,584,-6.244
Charlie Jones,CIN,6,WR,227,Charlie JonesCIN,6.965341943,-999,-999,6.965341943,-999,333,241,291,350,625,-6.246,-999.000,-999.000,-1.449,-999.000,585,-6.246
Dane Key,DEN,10,WR,228,Dane KeyDEN,6.800052609,-999,-999,6.800052609,-999,333,241,291,350,626,-6.252,-999.000,-999.000,-1.450,-999.000,586,-6.252
Jordan Hudson,FA,,WR,229,Jordan HudsonFA,6.730017616,-999,-999,6.730017616,-999,333,241,291,350,627,-6.255,-999.000,-999.000,-1.451,-999.000,587,-6.255
Trebor Pena,JAC,7,WR,230,Trebor PenaJAC,6.454113551,-999,-999,6.454113551,-999,333,241,291,350,628,-6.264,-999.000,-999.000,-1.453,-999.000,588,-6.264
Terion Stewart,KC,5,RB,145,Terion StewartKC,12.14735599,-999,12.14735599,-999,-999,333,241,291,350,629,-6.264,-999.000,-1.388,-999.000,-999.000,589,-6.264
Donovan Edwards,MIA,6,RB,146,Donovan EdwardsMIA,12.14398077,-999,12.14398077,-999,-999,333,241,291,350,630,-6.265,-999.000,-1.388,-999.000,-999.000,590,-6.265
Harrison Wallace III,FA,,WR,231,Harrison Wallace IIIFA,6.412675176,-999,-999,6.412675176,-999,333,241,291,350,631,-6.266,-999.000,-999.000,-1.453,-999.000,591,-6.266
Kalel Mullings,TEN,9,RB,147,Kalel MullingsTEN,12.11188259,-999,12.11188259,-999,-999,333,241,291,350,632,-6.266,-999.000,-1.388,-999.000,-999.000,592,-6.266
Chase Roberts,LV,13,WR,232,Chase RobertsLV,6.244970338,-999,-999,6.244970338,-999,333,241,291,350,633,-6.272,-999.000,-999.000,-1.454,-999.000,593,-6.272
J. Michael Sturdivant,FA,,WR,233,J. Michael SturdivantFA,5.996008718,-999,-999,5.996008718,-999,333,241,291,350,634,-6.281,-999.000,-999.000,-1.456,-999.000,594,-6.281
Trent Sherfield,BUF,7,WR,234,Trent SherfieldBUF,5.747616706,-999,-999,5.747616706,-999,333,241,291,350,635,-6.289,-999.000,-999.000,-1.458,-999.000,595,-6.289
Tyler Johnson,DAL,14,WR,235,Tyler JohnsonDAL,5.683856551,-999,-999,5.683856551,-999,333,241,291,350,636,-6.292,-999.000,-999.000,-1.458,-999.000,596,-6.292
Jamal Haynes,CIN,6,RB,148,Jamal HaynesCIN,11.00567444,-999,11.00567444,-999,-999,333,241,291,350,637,-6.306,-999.000,-1.396,-999.000,-999.000,597,-6.306
Adam Prentice,DEN,10,RB,149,Adam PrenticeDEN,10.95453036,-999,10.95453036,-999,-999,333,241,291,350,638,-6.308,-999.000,-1.397,-999.000,-999.000,598,-6.308
Terrell Jennings,NE,11,RB,150,Terrell JenningsNE,10.77795905,-999,10.77795905,-999,-999,333,241,291,350,639,-6.315,-999.000,-1.398,-999.000,-999.000,599,-6.315
Noah Whittington,HOU,8,RB,151,Noah WhittingtonHOU,10.69512424,-999,10.69512424,-999,-999,333,241,291,350,640,-6.318,-999.000,-1.399,-999.000,-999.000,600,-6.318
Tylan Wallace,CLE,11,WR,236,Tylan WallaceCLE,4.824598507,-999,-999,4.824598507,-999,333,241,291,350,641,-6.322,-999.000,-999.000,-1.465,-999.000,601,-6.322
Anthony Smith,DAL,14,WR,237,Anthony SmithDAL,4.536091759,-999,-999,4.536091759,-999,333,241,291,350,642,-6.332,-999.000,-999.000,-1.467,-999.000,602,-6.332
Dominic Lovett,DET,6,WR,238,Dominic LovettDET,4.531900674,-999,-999,4.531900674,-999,333,241,291,350,643,-6.332,-999.000,-999.000,-1.467,-999.000,603,-6.332
Nathan Carter,ATL,11,RB,152,Nathan CarterATL,10.2482093,-999,10.2482093,-999,-999,333,241,291,350,644,-6.334,-999.000,-1.402,-999.000,-999.000,604,-6.334
Gage Larvadain,CLE,11,WR,239,Gage LarvadainCLE,4.322539498,-999,-999,4.322539498,-999,333,241,291,350,645,-6.340,-999.000,-999.000,-1.468,-999.000,605,-6.340
Salvon Ahmed,CHI,10,RB,153,Salvon AhmedCHI,10.06616601,-999,10.06616601,-999,-999,333,241,291,350,646,-6.341,-999.000,-1.403,-999.000,-999.000,606,-6.341
Michael Burton,CLE,11,RB,154,Michael BurtonCLE,9.935194948,-999,9.935194948,-999,-999,333,241,291,350,647,-6.346,-999.000,-1.404,-999.000,-999.000,607,-6.346
Lan Larison,NE,11,RB,155,Lan LarisonNE,9.895378523,-999,9.895378523,-999,-999,333,241,291,350,648,-6.347,-999.000,-1.405,-999.000,-999.000,608,-6.347
Lewis Bond,HOU,8,WR,240,Lewis BondHOU,4.042908833,-999,-999,4.042908833,-999,333,241,291,350,649,-6.350,-999.000,-999.000,-1.470,-999.000,609,-6.350
Dameon Pierce,PHI,10,RB,156,Dameon PiercePHI,9.813861187,-999,9.813861187,-999,-999,333,241,291,350,650,-6.350,-999.000,-1.405,-999.000,-999.000,610,-6.350
Johnny Wilson,PHI,10,WR,241,Johnny WilsonPHI,3.907614889,-999,-999,3.907614889,-999,333,241,291,350,651,-6.355,-999.000,-999.000,-1.471,-999.000,611,-6.355
Shedrick Jackson,LV,13,WR,242,Shedrick JacksonLV,3.855879396,-999,-999,3.855879396,-999,333,241,291,350,652,-6.356,-999.000,-999.000,-1.472,-999.000,612,-6.356
Jacob Saylors,DET,6,RB,157,Jacob SaylorsDET,9.548262682,-999,9.548262682,-999,-999,333,241,291,350,653,-6.360,-999.000,-1.407,-999.000,-999.000,613,-6.360
Scott Matlock,LAC,7,RB,158,Scott MatlockLAC,9.295384501,-999,9.295384501,-999,-999,333,241,291,350,654,-6.369,-999.000,-1.409,-999.000,-999.000,614,-6.369
Jalen Brooks,ARI,14,WR,243,Jalen BrooksARI,3.487584911,-999,-999,3.487584911,-999,333,241,291,350,655,-6.370,-999.000,-999.000,-1.474,-999.000,615,-6.370
Devin Duvernay,ARI,14,WR,244,Devin DuvernayARI,3.330870914,-999,-999,3.330870914,-999,333,241,291,350,656,-6.375,-999.000,-999.000,-1.475,-999.000,616,-6.375
Skyy Moore,GB,11,WR,245,Skyy MooreGB,3.286647288,-999,-999,3.286647288,-999,333,241,291,350,657,-6.377,-999.000,-999.000,-1.476,-999.000,617,-6.377
Tahj Washington,MIA,6,WR,246,Tahj WashingtonMIA,3.232259421,-999,-999,3.232259421,-999,333,241,291,350,658,-6.379,-999.000,-999.000,-1.476,-999.000,618,-6.379
Dareke Young,LV,13,WR,247,Dareke YoungLV,3.145696461,-999,-999,3.145696461,-999,333,241,291,350,659,-6.382,-999.000,-999.000,-1.477,-999.000,619,-6.382
Trey Palmer,NO,8,WR,248,Trey PalmerNO,3.100715607,-999,-999,3.100715607,-999,333,241,291,350,660,-6.383,-999.000,-999.000,-1.477,-999.000,620,-6.383
Zamir White,FA,13,RB,159,Zamir WhiteFA,8.902671252,-999,8.902671252,-999,-999,333,241,291,350,661,-6.383,-999.000,-1.412,-999.000,-999.000,621,-6.383
Brycen Tremayne,CAR,5,WR,249,Brycen TremayneCAR,2.74677876,-999,-999,2.74677876,-999,333,241,291,350,662,-6.396,-999.000,-999.000,-1.480,-999.000,622,-6.396
Vinny Anthony II,FA,,WR,250,Vinny Anthony IIFA,2.57622723,-999,-999,2.57622723,-999,333,241,291,350,663,-6.402,-999.000,-999.000,-1.481,-999.000,623,-6.402
Ricky White III,SEA,11,WR,251,Ricky White IIISEA,2.500740131,-999,-999,2.500740131,-999,333,241,291,350,664,-6.405,-999.000,-999.000,-1.481,-999.000,624,-6.405
Scotty Miller,CHI,10,WR,252,Scotty MillerCHI,2.365662383,-999,-999,2.365662383,-999,333,241,291,350,665,-6.409,-999.000,-999.000,-1.482,-999.000,625,-6.409
Chip Trayanum,NYJ,13,RB,160,Chip TrayanumNYJ,8.052646845,-999,8.052646845,-999,-999,333,241,291,350,666,-6.415,-999.000,-1.419,-999.000,-999.000,626,-6.415
LaJohntay Wester,BAL,13,WR,253,LaJohntay WesterBAL,2.06806037,-999,-999,2.06806037,-999,333,241,291,350,667,-6.420,-999.000,-999.000,-1.485,-999.000,627,-6.420
Myles Price,MIN,6,WR,254,Myles PriceMIN,1.944224451,-999,-999,1.944224451,-999,333,241,291,350,668,-6.424,-999.000,-999.000,-1.486,-999.000,628,-6.424
James Proche II,FA,9,WR,255,James Proche IIFA,1.82107056,-999,-999,1.82107056,-999,333,241,291,350,669,-6.429,-999.000,-999.000,-1.486,-999.000,629,-6.429
Bam Knight,ARI,14,RB,161,Bam KnightARI,7.625067961,-999,7.625067961,-999,-999,333,241,291,350,670,-6.430,-999.000,-1.422,-999.000,-999.000,630,-6.430
Dylan Drummond,ATL,11,WR,256,Dylan DrummondATL,1.741384075,-999,-999,1.741384075,-999,333,241,291,350,671,-6.431,-999.000,-999.000,-1.487,-999.000,631,-6.431
Deven Thompkins,BUF,7,WR,257,Deven ThompkinsBUF,1.657782956,-999,-999,1.657782956,-999,333,241,291,350,672,-6.434,-999.000,-999.000,-1.488,-999.000,632,-6.434
Mason Kinsey,TEN,9,WR,258,Mason KinseyTEN,1.554430794,-999,-999,1.554430794,-999,333,241,291,350,673,-6.438,-999.000,-999.000,-1.488,-999.000,633,-6.438
Cedrick Wilson,DET,6,WR,259,Cedrick WilsonDET,1.493202324,-999,-999,1.493202324,-999,333,241,291,350,674,-6.440,-999.000,-999.000,-1.489,-999.000,634,-6.440
Simi Fehoko,ARI,14,WR,260,Simi FehokoARI,1.314090524,-999,-999,1.314090524,-999,333,241,291,350,675,-6.447,-999.000,-999.000,-1.490,-999.000,635,-6.447
Terrace Marshall Jr.,MIA,6,WR,261,Terrace Marshall Jr.MIA,1.154775621,-999,-999,1.154775621,-999,333,241,291,350,676,-6.452,-999.000,-999.000,-1.491,-999.000,636,-6.452
DeAndre Carter,FA,11,WR,262,DeAndre CarterFA,1.115014537,-999,-999,1.115014537,-999,333,241,291,350,677,-6.454,-999.000,-999.000,-1.492,-999.000,637,-6.454
Ke'Shawn Williams,CIN,6,WR,263,Ke'Shawn WilliamsCIN,1.000737643,-999,-999,1.000737643,-999,333,241,291,350,678,-6.458,-999.000,-999.000,-1.492,-999.000,638,-6.458
Jamari Thrash,CLE,11,WR,264,Jamari ThrashCLE,0.680970426,-999,-999,0.680970426,-999,333,241,291,350,679,-6.469,-999.000,-999.000,-1.495,-999.000,639,-6.469
CJ Donaldson,FA,,RB,163,CJ DonaldsonFA,6.33307468,-999,6.33307468,-999,-999,333,241,291,350,680,-6.478,-999.000,-1.431,-999.000,-999.000,640,-6.478
Beaux Collins,NYG,8,WR,265,Beaux CollinsNYG,0.331480504,-999,-999,0.331480504,-999,333,241,291,350,681,-6.481,-999.000,-999.000,-1.497,-999.000,641,-6.481
Dylan Laube,LV,13,RB,164,Dylan LaubeLV,6.202096946,-999,6.202096946,-999,-999,333,241,291,350,682,-6.482,-999.000,-1.432,-999.000,-999.000,642,-6.482
Britain Covey,PHI,10,WR,266,Britain CoveyPHI,0.283208911,-999,-999,0.283208911,-999,333,241,291,350,683,-6.483,-999.000,-999.000,-1.498,-999.000,643,-6.483
Tim Jones,JAC,7,WR,267,Tim JonesJAC,0.1651195,-999,-999,0.1651195,-999,333,241,291,350,684,-6.487,-999.000,-999.000,-1.498,-999.000,644,-6.487
Parris Campbell,DAL,14,WR,268,Parris CampbellDAL,0.12415,-999,-999,0.12415,-999,333,241,291,350,685,-6.489,-999.000,-999.000,-1.499,-999.000,645,-6.489
Trent Taylor,SF,8,WR,269,Trent TaylorSF,0.062075,-999,-999,0.062075,-999,333,241,291,350,686,-6.491,-999.000,-999.000,-1.499,-999.000,646,-6.491
Jacardia Wright,SEA,11,RB,165,Jacardia WrightSEA,5.602662266,-999,5.602662266,-999,-999,333,241,291,350,687,-6.504,-999.000,-1.437,-999.000,-999.000,647,-6.504
Sione Vaki,DET,6,RB,166,Sione VakiDET,4.880900858,-999,4.880900858,-999,-999,333,241,291,350,688,-6.531,-999.000,-1.442,-999.000,-999.000,648,-6.531
Reggie Gilliam,NE,11,RB,167,Reggie GilliamNE,4.697576145,-999,4.697576145,-999,-999,333,241,291,350,689,-6.537,-999.000,-1.444,-999.000,-999.000,649,-6.537
Patrick Ricard,NYG,8,RB,168,Patrick RicardNYG,4.246475531,-999,4.246475531,-999,-999,333,241,291,350,690,-6.554,-999.000,-1.447,-999.000,-999.000,650,-6.554
Julius Chestnut,TEN,9,RB,169,Julius ChestnutTEN,3.637215067,-999,3.637215067,-999,-999,333,241,291,350,691,-6.576,-999.000,-1.452,-999.000,-999.000,651,-6.576
Khalil Herbert,FA,13,RB,170,Khalil HerbertFA,3.535558377,-999,3.535558377,-999,-999,333,241,291,350,692,-6.580,-999.000,-1.452,-999.000,-999.000,652,-6.580
British Brooks,HOU,8,RB,171,British BrooksHOU,3.507196619,-999,3.507196619,-999,-999,333,241,291,350,693,-6.581,-999.000,-1.453,-999.000,-999.000,653,-6.581
Hassan Haskins,FA,7,RB,172,Hassan HaskinsFA,2.941609238,-999,2.941609238,-999,-999,333,241,291,350,694,-6.602,-999.000,-1.457,-999.000,-999.000,654,-6.602
Zonovan Knight,ARI,14,RB,173,Zonovan KnightARI,2.5404194,-999,2.5404194,-999,-999,333,241,291,350,695,-6.617,-999.000,-1.460,-999.000,-999.000,655,-6.617
Kene Nwangwu,NYJ,13,RB,174,Kene NwangwuNYJ,2.050574752,-999,2.050574752,-999,-999,333,241,291,350,696,-6.634,-999.000,-1.463,-999.000,-999.000,656,-6.634
Cam Akers,SEA,11,RB,175,Cam AkersSEA,2.037019576,-999,2.037019576,-999,-999,333,241,291,350,697,-6.635,-999.000,-1.464,-999.000,-999.000,657,-6.635
Eric Gray,NYG,8,RB,176,Eric GrayNYG,1.074093732,-999,1.074093732,-999,-999,333,241,291,350,698,-6.670,-999.000,-1.471,-999.000,-999.000,658,-6.670
DeeJay Dallas,JAC,7,RB,177,DeeJay DallasJAC,1.062826928,-999,1.062826928,-999,-999,333,241,291,350,699,-6.671,-999.000,-1.471,-999.000,-999.000,659,-6.671
Josh Williams,TB,10,RB,178,Josh WilliamsTB,0.648318,-999,0.648318,-999,-999,333,241,291,350,700,-6.686,-999.000,-1.474,-999.000,-999.000,660,-6.686
Ulysses Bentley,IND,13,RB,179,Ulysses BentleyIND,0.3135,-999,0.3135,-999,-999,333,241,291,350,701,-6.698,-999.000,-1.477,-999.000,-999.000,661,-6.698
Craig Reynolds,NE,11,RB,180,Craig ReynoldsNE,0.2508,-999,0.2508,-999,-999,333,241,291,350,702,-6.700,-999.000,-1.477,-999.000,-999.000,662,-6.700
