overall_rank,position_rank,player_name,player_id,position,team,total_sfb16_fpts,games_played,top10_overall_weeks,top10_pos_weeks,week_1,week_2,week_3,week_4,week_5,week_6,week_7,week_8,week_9,week_10,week_11,week_12,week_13,week_14,week_15,week_16,week_17,week_18
1,1,P.Nacua,00-0039075,WR,LA,725,16,6,9,61.6,66.1,40.8,63.5,22,14.8,NA,NA,30.8,27.4,14.8,35.7,21.7,95.7,77.4,104,14.2,34.5
2,2,J.Smith-Njigba,00-0038543,WR,SEA,703.9,17,5,11,60.4,36.3,40.1,33,56.2,69.2,45.3,NA,61,29.8,40.1,65.6,4.300000000000001,47.1,46.3,42.1,13.2,13.9
3,1,B.Robinson,00-0038542,RB,ATL,637.8,17,5,9,53.4,30.8,36.6,50.6,NA,86.3,20.2,7.800000000000001,16.1,12.3,42.8,35.2,52.800000000000004,12.9,52.5,49.8,70.9,6.800000000000001
4,2,C.McCaffrey,00-0033280,RB,SF,626.6,17,3,12,43.2,33.2,42.5,45.6,37.400000000000006,43.6,62.6,20.3,55.8,16.6,47.6,38.7,18.4,NA,16.700000000000003,44.1,51.1,9.200000000000001
5,1,T.McBride,00-0037744,TE,ARI,623.4,17,3,13,31.1,32.8,20.8,21.7,14.600000000000001,41.2,40.4,NA,23.5,71.2,60,30.4,40.7,26.3,95.4,10.2,34.6,28.5
6,1,J.Allen,00-0034857,QB,BUF,596.12,16,2,11,64.75999999999999,13.32,29.52,42.36,29.42,34.9,NA,36.22,42.82,38.34,85.18,33.120000000000005,22.72,45.84,32.519999999999996,7.9,37.18,NA
7,2,M.Stafford,00-0026498,QB,LA,595.88,17,2,9,16.1,33.32,29.84,53.4,44.06,13.84,37.38,NA,34.84,34.900000000000006,17.2,28.92,31.619999999999997,29.240000000000002,36.92,96.88,22.759999999999998,34.66
8,3,J.Gibbs,00-0039139,RB,DET,593.4,17,5,9,11,40.9,26.9,19.2,28.200000000000003,8.5,99.80000000000001,NA,4.3,61.2,50.6,104.9,12.100000000000001,57,8.8,19.8,8.4,31.8
9,3,D.Prescott,00-0033077,QB,DAL,587.28,17,3,10,7.82,39.14,18.04,47.459999999999994,67.28,38.839999999999996,50.260000000000005,11.620000000000001,19.9,NA,34.32,73.56,46.6,45.44,11.959999999999999,23.659999999999997,48.18,3.2
10,4,J.Taylor,00-0036223,RB,IND,562.8000000000001,17,4,8,13.8,71.5,54.300000000000004,14.600000000000001,33.6,35.7,47.7,60.400000000000006,8.2,94.60000000000001,NA,9.100000000000001,36.6,14.9,24.6,18.400000000000002,18.4,6.4
11,3,G.Pickens,00-0037247,WR,DAL,551.9,17,5,6,5.5,27.8,37.8,72.9,23.7,70.8,31.700000000000003,13.8,13.9,NA,58.9,68.6,25.3,7.2,5.800000000000001,65,21.8,1.4
12,5,J.Cook,00-0037248,RB,BUF,542.7,17,1,11,40.7,49,32.3,35,5.9,11.200000000000001,NA,68.6,25.5,11.200000000000001,50.400000000000006,41.900000000000006,33.2,34.1,42.6,48.900000000000006,10.2,2
13,4,A.St. Brown,00-0036963,WR,DET,542,17,4,4,8.5,68.7,29.7,34.5,36.5,11.2,39.1,NA,15.200000000000001,16.3,15.7,68.9,0,33.2,59.400000000000006,28.4,23.3,53.4
14,4,J.Goff,00-0033106,QB,DET,535.0600000000001,17,2,7,14.9,73.96000000000001,15.68,18.72,28.12,21.32,16.84,NA,33.36,50.8,36.1,23.16,35.14,28.16,51.519999999999996,42.46,15.579999999999998,29.240000000000002
15,5,D.Maye,00-0039851,QB,NE,525.96,17,0,8,19.28,42.800000000000004,29.72,27.720000000000002,12.620000000000001,45.239999999999995,28.580000000000002,45.28,35.36,44.1,17.44,20.959999999999997,25.98,NA,24.5,43.7,43.440000000000005,19.240000000000002
16,6,D.Achane,00-0039040,RB,MIA,519.3000000000001,16,1,10,16.5,44.2,13.600000000000001,29.1,15.6,52.5,22.8,20.6,26.1,72.5,43.5,NA,32.4,29,38.2,27,35.7,NA
17,6,J.Herbert,00-0036355,QB,LAC,517.38,16,1,8,44.42,36.78,29.1,19.020000000000003,20.14,33.260000000000005,69.9,45.28,36.7,27.7,5.84,NA,18.84,30.16,14.4,55.7,30.14,NA
18,7,T.Lawrence,00-0036971,QB,JAX,517.1800000000001,17,1,7,15.32,40.239999999999995,20.28,14.66,45.74,23.72,20.14,NA,25.200000000000003,16.82,19.520000000000003,32.14,36.16,24.86,75.80000000000001,49.66,27.119999999999997,29.800000000000004
19,5,J.Chase,00-0036900,WR,CIN,509.6,16,1,9,14.1,64.5,18.9,4.800000000000001,48,22.6,44.6,17.6,47.1,NA,5.5,NA,37,9.2,50.7,48.4,33.5,43.1
20,8,B.Nix,00-0039732,QB,DEN,504.34,17,1,7,15.84,38.74,25.42,42.239999999999995,20.38,15.860000000000001,46.46,33.78,25.020000000000003,22.8,22.6,NA,40.94,16.48,58.08,42.18,25.48,12.04
21,9,C.Williams,00-0039918,QB,CHI,494.68,17,2,3,28.200000000000003,23.98,57.120000000000005,16.78,NA,32.879999999999995,7.68,24.3,65.7,28.6,11.82,30.160000000000004,15.46,21.94,33.980000000000004,35.5,38,22.580000000000002
22,6,J.Williams,00-0037240,WR,DET,491.90000000000003,17,3,5,5.6000000000000005,48.8,16.3,15.7,2,28.1,0,NA,26.1,53.9,39.2,0,76.4,45.3,65.9,31,15.7,21.9
23,10,J.Hurts,00-0036389,QB,PHI,490.06,16,1,7,37.78,14.04,39.54,25.4,43.5,25.62,60.54,44.36,NA,26.52,16.5,44.36,24.800000000000004,10.4,40.9,24.9,10.9,NA
24,7,D.Henry,00-0032764,RB,BAL,480.5,17,2,5,63.7,2.8000000000000003,13.2,7.800000000000001,10.8,27.5,NA,22.1,24.1,12.4,42.2,24.299999999999997,38.9,23.700000000000003,22,37.3,72.6,35.1
25,11,S.Darnold,00-0034869,QB,SEA,471.42,17,2,8,17.9,33.8,30.72,18.58,57.64,44.5,14.62,NA,57.2,33.42,12.76,41.66,5.12,31.26,12.34,38,12.079999999999998,9.82
26,12,P.Mahomes,00-0033873,QB,KC,465.18,14,1,8,40.519999999999996,38.58,15.16,35.8,42.72,38.980000000000004,43.239999999999995,33.46,22.5,NA,27.34,50.08,48.94,12.3,15.56,NA,NA,NA
27,7,Z.Flowers,00-0039064,WR,BAL,462.3,17,3,3,77.1,12.9,2.8,22.9,20.2,8.600000000000001,NA,23.1,19.9,32.1,21.3,21.4,1.6,58.6,35.8,32.2,12.5,59.3
28,2,K.Pitts,00-0036970,TE,ATL,461.3,17,2,6,23.9,12.7,12.9,46.5,NA,7.8,22.7,30.9,21.3,19.8,4.4,17,36.2,52.5,93.1,29.7,6.1,23.8
29,13,B.Mayfield,00-0034855,QB,TB,456.42,17,0,5,30.08,25.400000000000002,20.72,45.36,51.16,34.64,15.120000000000001,6.08,NA,28.92,24.82,11.040000000000001,16.96,16.58,35.18,27.700000000000003,48.44,18.220000000000002
30,8,N.Collins,00-0036554,WR,HOU,437.2,15,2,5,4,23.7,41.9,31.4,25,NA,5.7,NA,23.5,51.6,23.200000000000003,18,62,45.6,43.5,19.4,18.7,NA
31,9,S.Diggs,00-0031588,WR,NE,413.3,17,4,5,10.2,5.7,4.800000000000001,54.6,53.6,5.300000000000001,21.9,9.4,22.3,14.600000000000001,48,3.5,5.1,NA,4.6,71.8,61.6,16.3
32,10,E.Egbuka,00-0040129,WR,TB,411.2,17,2,4,42.6,12.4,33.5,39.1,80.8,3.9000000000000004,18.8,15.5,NA,73,7,15.2,16.7,2.5,30.4,15,3.5,1.3
33,14,J.Love,00-0036264,QB,GB,405.14,15,2,4,30.419999999999998,35.379999999999995,15.620000000000001,54.78,NA,20.46,15.86,54.3,21.02,11.34,21.66,7.5600000000000005,43.76,47.26,20.939999999999998,4.78,NA,NA
34,11,C.Lamb,00-0036358,WR,DAL,404.90000000000003,13,2,6,47.5,47.7,NA,NA,NA,NA,41,22.6,23.5,NA,27.1,20.5,42.7,57.1,46.1,9.600000000000001,18.1,1.4
35,12,C.Sutton,00-0034348,WR,DEN,398.7,17,1,2,27.1,1.1,53.3,38.6,26.4,2.7,35.7,20.2,20,4.4,29.9,NA,26.2,11.2,53.3,30.1,17.5,1
36,13,T.McMillan,00-0040124,WR,CAR,395.9,17,1,2,21.3,55.5,27.8,19.7,32.3,17.9,5.800000000000001,16.9,8.100000000000001,20,62.5,21,21.3,NA,14,28.3,1,22.5
37,3,T.Warren,00-0040128,TE,IND,395.5,17,0,7,35.9,29.9,11.3,46.8,19.4,37.3,43.4,25.8,11.6,47.9,NA,15,15.7,7.7,7.9,9,17.8,13.1
38,14,A.Brown,00-0035676,WR,PHI,394.8,15,3,5,1.3,5.7,61.9,2.2,8.3,22.5,68.1,NA,NA,2.3,9.4,44,53.7,45.5,22.1,27,20.8,NA
39,4,J.Johnson,00-0036040,TE,NO,393.90000000000003,17,0,7,35.6,22.9,28.6,10.3,6.2,4.5,39.9,18.8,16.6,44.2,NA,16.6,14.4,12.8,12,36.9,50,23.6
40,5,H.Henry,00-0033090,TE,NE,391.8,17,1,9,27.1,2.4,42,25.9,30.6,8.7,13.8,9.7,17.1,2.4,23.5,65.5,39.3,NA,4.8,23,29.9,26.1
41,6,T.Kelce,00-0030506,TE,KC,391.7,17,1,6,26.7,26.6,11.6,15.3,28.6,25.8,21.4,52.4,39.1,NA,46.1,14.899999999999999,31,2.3,25,2.1,14.1,8.7
42,15,D.Jones,00-0035710,QB,IND,386.94,13,1,4,33.480000000000004,65.84,18.82,26.38,21.18,29.98,36.72,39.18000000000001,37.08,23.000000000000004,NA,31.840000000000003,20.64,2.8,NA,NA,NA,NA
43,15,C.Olave,00-0037239,WR,NO,386.5,16,1,4,9.9,10.4,12.7,10.5,10.9,24.3,45.8,20.5,28.2,40.4,NA,13.5,14.2,5.5,20,75.3,44.4,NA
44,16,J.Brissett,00-0033119,QB,ARI,385.94,14,0,6,NA,0.7,NA,NA,0,38.2,36.760000000000005,NA,39.839999999999996,27.92,50.38,31.68,36.14,25.54,29.060000000000002,15.120000000000001,20.48,34.12
45,8,C.Brown,00-0038597,RB,CIN,383.1,17,0,5,13.600000000000001,10,4.5,10.1,8.3,8.4,23,37,38.7,NA,29.200000000000003,27.5,27.3,18,15,53.400000000000006,40.6,18.5
46,17,C.Stroud,00-0039163,QB,HOU,382.54,14,1,5,12.22,17.48,26.86,23.92,47.26,NA,17.66,59.72,14.86,NA,NA,NA,11.540000000000001,35.120000000000005,40.4,13.98,41.76,19.759999999999998
47,16,M.Wilson,00-0038559,WR,ARI,377.1,17,3,4,1.5,8.1,1.5,4,3.1,17.4,6.5,NA,18.6,5.9,70.5,38.8,6.6,66.2,15.4,33.2,29.4,50.4
48,18,B.Young,00-0039150,QB,CAR,373.54,16,1,4,17.16,51.32,12.64,12.8,20.020000000000003,26.46,12.52,NA,5.98,6.5600000000000005,67.82,14.76,39.040000000000006,NA,19.42,21.64,12.36,33.04
49,17,D.London,00-0037238,WR,ATL,372.9,12,3,5,10.5,17.4,9.5,43,NA,80.3,7.2,NA,68.3,44.4,57.9,NA,NA,NA,NA,5.2,1.4,27.8
50,18,A.Pierce,00-0037664,WR,IND,370.3,15,1,4,14.6,20.3,10.2,NA,NA,26.8,24.3,18.9,47,38.4,NA,13.6,27.8,22.5,2.6,44.6,0,58.7
51,9,T.Etienne,00-0036973,RB,JAX,368.40000000000003,17,1,5,39.1,17.9,12.600000000000001,42,8.3,8.5,8,NA,27.5,16.700000000000003,21.8,40.6,5.6000000000000005,22.2,63.5,16.1,12.700000000000001,5.300000000000001
52,19,D.Adams,00-0031381,WR,LA,368.4,14,0,2,19.1,51.6,23.6,25.1,32.8,17.4,26.5,NA,43,29.7,7.1,33.2,31.8,6.4,21.1,NA,NA,NA
53,7,H.Fannin,00-0040663,TE,CLE,366.9,16,1,6,31.6,25.3,8.5,7,16.3,33.1,12.6,25.9,NA,23.4,17.1,13.4,27.8,56.9,18.5,26,23.5,NA
54,19,A.Rodgers,00-0023459,QB,PIT,363.08,16,0,3,33.66,26.42,17.660000000000004,25.3,NA,21.5,44.56,30.759999999999998,14.120000000000001,12.440000000000001,11.940000000000001,NA,5.18,43.46,20.96,27.54,7.32,20.259999999999998
55,20,W.Robinson,00-0038117,WR,NYG,362.4,16,2,3,20.5,66.7,13.6,2.9000000000000004,6.2,38.9,25,16.8,9.600000000000001,11.2,16.1,69.6,6.9,NA,15.4,3.7,39.3,NA
56,8,B.Bowers,00-0039338,TE,LV,362.2,12,3,5,63.8,14.3,14.8,15.100000000000001,NA,NA,NA,NA,89.8,15.7,22.2,19,50.3,21.1,16.3,19.8,NA,NA
57,9,C.Loveland,00-0040126,TE,CHI,358.1,16,2,5,4.2,0,16.1,NA,NA,5.6,9.9,11.3,68.8,36,20,19.9,10.3,19.4,28.1,10.5,51.9,46.1
58,10,K.Williams,00-0037840,RB,LA,353.3,17,0,5,14.900000000000002,10.5,33.2,14.4,42.6,27.7,9.5,NA,31.9,23.900000000000002,18.1,6.300000000000001,15.2,20.700000000000003,23.8,11.5,37.5,11.6
59,21,P.Washington,00-0038606,WR,JAX,353.2,16,2,3,0,31.6,6.4,-0.1,9.1,4.9,20.2,NA,25,11.4,4,27.6,13.6,NA,17.8,76,57,48.7
60,22,T.Higgins,00-0036410,WR,CIN,352.59999999999997,15,1,2,5.800000000000001,24.1,2.5,5.2,11.2,11.2,40.1,21.4,72.6,NA,35.3,6.1,NA,46.7,NA,23.8,18.9,27.7
61,11,B.Hall,00-0038120,RB,NYJ,350.66,16,2,6,39.5,5.800000000000001,8.7,26.1,31,8.4,7.2,47.36,NA,42,8.9,36.4,16.6,4.8,5.2,10.3,52.400000000000006,NA
62,20,L.Jackson,00-0034796,QB,BAL,349.36,13,1,4,35.86,44.3,34.019999999999996,18.18,NA,NA,NA,NA,34.059999999999995,20.14,19.22,7.220000000000001,34.04,26.56,21.6,4.74,NA,49.42
63,10,G.Kittle,00-0033288,TE,SF,347,11,1,5,19,NA,NA,NA,NA,NA,0,19.3,11.9,43.9,45.2,32.8,27.2,NA,54.3,68.5,NA,24.9
64,23,D.Metcalf,00-0035640,WR,PIT,346.7,15,2,3,32.3,10,11.7,43.6,NA,59.5,17,26,1.6,6,8.9,13.4,5.7,59.8,34,17.2,NA,NA
65,11,D.Goedert,00-0034351,TE,PHI,346.1,15,1,6,17.9,NA,22.3,36.2,15.4,69.5,6.3,22.3,NA,24.8,6.9,6.5,17.2,27.3,45.5,15.2,12.8,NA
66,24,D.Smith,00-0036912,WR,PHI,345.3,17,1,2,3.6,18.3,17.5,14.9,46.9,8.9,71.3,23.9,NA,26.4,1.3,23.9,18.3,16.2,17,14.7,4.5,17.7
67,12,J.Jacobs,00-0035700,RB,GB,345.1,15,2,5,15.000000000000002,16.4,21.9,64.7,NA,53.5,20.3,12.5,31,32.2,5.5,NA,10.600000000000001,19.7,34.2,6.800000000000001,0.8,NA
68,13,R.Dowdle,00-0036139,RB,CAR,341.8,17,2,3,2.6,2.9,12.3,4.5,74.9,68.4,12.600000000000001,6.4,41.1,16.3,34.5,10.9,10.4,NA,12.9,7.300000000000001,8.8,15
69,14,A.Jeanty,00-0040122,RB,LV,339.6,17,2,4,12,7.3999999999999995,7.800000000000001,58.5,35.4,17.6,3.9000000000000004,NA,20.4,16.3,7.9,43.3,9.6,5.8,6.7,63.8,10.8,12.4
70,12,D.Kincaid,00-0038933,TE,BUF,337.6,12,2,6,32.8,11.2,36.1,21.8,67.3,NA,NA,15.3,61.1,19.7,NA,NA,NA,30.6,19.4,0,NA,22.3
71,25,J.Waddle,00-0036613,WR,MIA,336.62,16,0,3,5.5,26.8,14.4,17.8,43,24.82,2.5,40.4,33.2,38.4,17.7,NA,17,28.1,4.6,21.7,0.7000000000000001,NA
72,15,S.Barkley,00-0034844,RB,PHI,336.3,16,1,5,19.4,17.9,9,16.9,27.3,9.200000000000001,6.2,54.4,NA,33.1,11.5,12.9,6.1000000000000005,40.7,18.200000000000003,44.7,8.8,NA
73,21,J.Dart,00-0040691,QB,NYG,336.08,14,1,2,NA,-0.30000000000000004,0.30000000000000004,24.840000000000003,27.58,28.1,57.42,22.419999999999998,33.74,30.28,NA,NA,17.060000000000002,NA,39.14,2.52,28.08,24.900000000000002
74,26,J.Jefferson,00-0036322,WR,MIN,333,17,2,2,13.8,30.6,21,50.1,58.8,NA,21.9,12.4,25.2,7.2,20.1,7.800000000000001,1.4,2.6,4.2,23.5,5.5,26.900000000000002
75,13,D.Schultz,00-0034383,TE,HOU,328.7,17,0,6,10.3,8.9,14.4,12,29.5,NA,42.3,6.9,31.2,39.3,15.600000000000001,2.3,19,8.2,33.1,20,7.9,27.8
76,16,K.Walker,00-0038134,RB,SEA,326.9,17,0,4,3.9,31.8,20,33.5,10.6,4.7,7.6000000000000005,NA,8.600000000000001,9,42.1,34.1,11.4,4.300000000000001,2.4000000000000004,56.4,7.200000000000001,39.3
77,17,J.Williams,00-0036997,RB,DAL,326.8,16,0,4,21.9,35,14.200000000000001,30.5,49.9,6.4,30.8,19.400000000000002,11.8,NA,12.3,23.6,17,16.2,18.6,5.800000000000001,13.4,NA
78,14,O.Gadsden,00-0040189,TE,LAC,319.90000000000003,15,1,5,NA,NA,16.6,6.1,4.4,31.8,90.4,35.7,27.3,5.8,20.1,NA,15.7,2.2,28.1,2.2,26.7,6.800000000000001
79,18,D.Swift,00-0036275,RB,CHI,312.6,16,0,3,9.5,15.9,21.8,17,NA,48.5,33.8,26.1,NA,14.8,11.5,3.9000000000000004,33.8,12.200000000000001,25.1,9,22.9,6.8
80,19,K.Gainwell,00-0036919,RB,PIT,305.8,17,1,6,4.300000000000001,6.1,10.1,42.4,NA,7.6000000000000005,3,5.5,6.9,1.4,60,37.7,6.5,14.7,29.1,43.8,6.800000000000001,19.9
81,27,Q.Johnston,00-0038544,WR,LAC,301.2,13,0,3,43.9,24.9,33.9,41.3,7.9,NA,20.5,NA,24.3,7.7,0,NA,10.8,1.8,NA,59.9,24.3,NA
82,20,J.Warren,00-0037228,RB,PIT,300.1,16,1,3,14.4,38.9,13.600000000000001,NA,NA,9.3,31.8,10.3,17.4,12.6,8.2,15.8,13.4,24.2,7.300000000000001,60.1,7.9,14.9
83,15,J.Ferguson,00-0038041,TE,DAL,299.6,17,0,6,9.8,27.3,30.700000000000003,23.5,41.9,16.8,29.9,0,25.5,NA,15.1,21.1,14.1,18.3,4.6,9.4,9.6,2
84,28,D.Moore,00-0034827,WR,CHI,297.68,17,1,4,30.6,8.100000000000001,11.8,6.300000000000001,NA,7.7,17.7,21.1,35.480000000000004,0,3.6,42.4,5.2,0.09999999999999998,42.9,61.400000000000006,1.2000000000000002,2.1
85,22,G.Smith,00-0030565,QB,LV,294.9,15,1,2,31.98,10.2,53.06,20.28,10.920000000000002,12.66,3.2800000000000002,NA,37.26,6.92,17.419999999999998,18.7,18,11.040000000000001,NA,30.04,13.139999999999999,NA
86,29,R.Odunze,00-0039919,WR,CHI,292.6,12,2,2,14.2,71.3,25.2,26.9,NA,15.2,15.1,58.4,0,30.1,15.600000000000001,18.3,2.3,NA,NA,NA,NA,NA
87,23,T.Tagovailoa,00-0036212,QB,MIA,285.7,14,0,3,13.26,44.6,19.84,20.18,38.74,24.6,5.6,42.2,10.54,18.82,6.84,NA,6.680000000000001,11.58,22.220000000000002,NA,NA,NA
88,24,C.Ward,00-0040676,QB,TEN,282.66,17,0,0,4.48,14.8,16.46,7.0200000000000005,20,14.88,16.200000000000003,16.759999999999998,6.9,NA,18.06,27.94,6.84,17.58,29.5,22.52,33.04,9.68
89,25,B.Purdy,00-0037834,QB,SF,279.38,9,1,6,34.78,NA,NA,38.66,NA,NA,NA,NA,NA,NA,25.3,17.32,19.619999999999997,NA,36.2,43.4,56.42,7.68
90,21,R.Stevenson,00-0036875,RB,NE,278.8,14,1,3,4.2,40.7,18.1,5.1000000000000005,16.700000000000003,2.3,18.3,5.9,NA,NA,NA,1.5,20.5,NA,11.7,28.8,47.7,57.3
91,30,R.Doubs,00-0037816,WR,GB,278.4,16,0,0,28.8,11.3,4.5,29.3,NA,20,21.7,19.4,35.1,1.5,18.8,3.8000000000000003,10.5,0,15.6,38.9,19.2,NA
92,22,T.Henderson,00-0040734,RB,NE,277.2,17,2,2,8.600000000000001,6.5,7.2,13.6,4.2,4.6,0.5,10.5,12.7,59.5,32.8,11.600000000000001,12.1,NA,61.6,1.7000000000000002,10.200000000000001,19.3
93,16,B.Strange,00-0038935,TE,JAX,273,12,1,5,26.4,7.7,19.6,16.5,15.2,NA,NA,NA,NA,NA,NA,52.8,29.5,8.7,15.6,30.4,24.4,26.2
94,31,D.Samuel,00-0035719,WR,WAS,270.2,16,0,1,31.1,14.9,3.9000000000000004,29.6,41.6,3.9,NA,2.7,7.4,11.9,38.7,NA,20.1,5.7,7.3,16,31.8,3.6
95,23,R.Harvey,00-0040730,RB,DEN,268.6,17,0,4,17.9,3.4000000000000004,3.1,20.8,5,4.5,7.2,35.1,25.1,2.8,8.5,NA,22.2,33,13.5,43.1,18.6,4.800000000000001
96,32,J.Addison,00-0038994,WR,MIN,268.1,14,1,2,NA,NA,NA,44.4,14.100000000000001,NA,60.3,11.1,18.9,15.5,10,0,7.1,30.2,18.1,14.1,23,1.3
97,17,T.Johnson,00-0039847,TE,NYG,267.8,15,0,4,2,12.4,4,15.2,28.8,17.2,30.1,9.5,14.7,42.5,11.1,36.7,8.9,NA,34.7,0,NA,NA
98,33,L.McConkey,00-0039915,WR,LAC,265.4,16,0,3,21.9,8.3,7.6000000000000005,2.1,13.9,51.5,12.7,29.8,18.6,40.7,2.8,NA,12.9,2.2,3,23.3,14.1,NA
99,34,T.Franklin,00-0039868,WR,DEN,263.6,17,1,1,7.9,42,1.8,19.5,18,3.6,12.4,46.4,7.300000000000001,13.5,31.4,NA,3.6,2.6,29.8,19.1,4.7,0
100,35,J.Meyers,00-0034960,WR,JAX,262.3,16,0,0,36.2,31.3,18.3,5.5,6.2,6.9,NA,NA,4.800000000000001,16.6,20.9,14.5,30.3,14.8,22.1,17.6,7.9,8.4
101,18,C.Otton,00-0038129,TE,TB,259.2,15,1,5,0,8.5,NA,5.4,40.1,25.6,33,23,NA,26.200000000000003,7.300000000000001,9.6,3.9,6.4,NA,6,10.8,53.4
102,26,J.Flacco,00-0026158,QB,CIN,257.16,13,1,3,18.700000000000003,15.260000000000002,5.68,7.260000000000001,NA,22.759999999999998,42.980000000000004,39.32,74.69999999999999,NA,13.860000000000001,14.120000000000001,NA,NA,NA,0.16,1.66,0.7
103,36,J.Jennings,00-0036259,WR,SF,255.8,15,0,0,3.1,38.9,NA,6.4,NA,1.7000000000000002,6.1,17,23.1,28.1,18.9,13.600000000000001,13.9,NA,28.7,28.1,21.7,6.5
103,19,A.Barner,00-0039793,TE,SEA,255.8,17,0,3,3.2,16.3,15.3,16.7,33.8,23.1,3.9000000000000004,NA,16,3.3,29.6,6.3,14.2,8.7,10.2,31.5,19.3,4.4
105,24,T.Pollard,00-0035261,RB,TEN,255.3,17,0,2,20.9,11.700000000000001,15.9,10.100000000000001,17.299999999999997,6.7,10.6,7.800000000000001,9.3,NA,5.1,6.1,8.8,50.1,30.2,21.700000000000003,13,10
106,20,Z.Ertz,00-0030061,TE,WAS,250.4,13,1,3,16.1,35.9,9.8,10.1,0,23.8,27.2,7.6,23.6,24.4,13.2,NA,54.6,4.1,NA,NA,NA,NA
107,37,T.Tucker,00-0038563,WR,LV,250.2,17,1,1,33.4,3.4000000000000004,60.4,3.7,20.1,21.5,6.800000000000001,NA,16.3,15,24.2,4.800000000000001,4,4.4,0,8.4,18.4,5.4
108,27,T.Shough,00-0040743,QB,NO,249.96,11,0,3,NA,NA,0,NA,NA,NA,NA,6.82,13.239999999999998,42.980000000000004,NA,13.420000000000002,25.860000000000003,24.759999999999998,21.080000000000002,29.12,45.92,26.759999999999998
109,38,L.Burden,00-0040735,WR,CHI,249.4,15,2,2,0.19999999999999996,1,49.8,0.6,NA,17.6,13.1,0.4,NA,17.6,5.2,9.600000000000001,6.1000000000000005,21,22.4,NA,76.8,8
110,39,C.Watson,00-0038124,WR,GB,248.9,10,1,2,NA,NA,NA,NA,NA,NA,NA,32,17.3,26.5,20.6,8.9,28.3,44.4,4.9,3.7,62.3,NA
111,40,R.Rice,00-0039067,WR,KC,248.6,8,2,4,NA,NA,NA,NA,NA,NA,21.7,43.5,49.6,NA,7.800000000000001,63.1,47.9,5.9,9.100000000000001,NA,NA,NA
112,21,C.Okonkwo,00-0037809,TE,TEN,248,17,0,7,7.9,11,28.6,1.9,15.3,26.6,0,24.3,4,NA,23.1,21.5,10.4,6.5,12.3,23.9,27.5,3.2
113,22,T.Kraft,00-0038996,TE,GB,246.2,8,1,4,12.4,54.9,8.9,17.6,NA,26.3,35.3,84.3,6.5,NA,NA,NA,NA,NA,NA,NA,NA,NA
114,41,M.Pittman,00-0036252,WR,IND,245.9,17,0,2,29,7.5,28.3,14.100000000000001,13.9,4,19.8,32,39,2.9000000000000004,NA,11.7,2.3,24.9,5.1,5.7,3.1,2.6
115,25,T.Tracy,00-0039384,RB,NYG,242.8,15,0,4,5,9.1,6.1000000000000005,NA,NA,0.6000000000000001,11.600000000000001,8.3,6.7,9.100000000000001,48.900000000000006,47.5,5.3,NA,26.7,10.3,7.2,40.400000000000006
116,42,B.Thomas,00-0039893,WR,JAX,242.3,14,0,1,9.5,8.4,17.5,9.600000000000001,31.5,41.5,15.1,NA,18,NA,NA,NA,4.800000000000001,31.700000000000003,26.6,3.3,6.9,17.9
117,28,M.Jones,00-0036972,QB,SF,238.54,11,0,3,NA,40.760000000000005,17.259999999999998,NA,37.18,46.18,8.18,25.02,22.299999999999997,41.56,-0.30000000000000004,NA,0.7,NA,NA,-0.30000000000000004,NA,NA
118,26,Q.Judkins,00-0040784,RB,CLE,236.8,14,0,1,NA,10.100000000000001,18.5,34,26.8,6.1,38.9,3.2,NA,12.5,7.4,18.2,27.9,20.4,3.2,9.600000000000001,NA,NA
119,43,K.Allen,00-0030279,WR,LAC,236.70000000000002,17,0,1,19.3,26.1,28,7.2,19.8,5.7,46.9,8.4,16.1,3.4000000000000004,18.3,NA,6.5,4.2,7.1,8.9,2.7,8.1
120,23,P.Freiermuth,00-0036894,TE,PIT,235.6,15,1,2,10.3,19.1,2.1,NA,NA,2.6,55.1,5.8,16.2,9.3,4.9,15.4,NA,3.9,22,9.5,35.3,24.1
121,24,M.Andrews,00-0034753,TE,BAL,231.5,17,1,3,2,3.4,46.1,16.5,8.2,13.100000000000001,NA,19.4,33.6,14.9,23.2,5.6,13.7,2.4,6.3,8.4,10.3,4.4
122,44,K.Boutte,00-0038608,WR,NE,231.1,14,1,3,45.8,8.6,14.3,2.8,7.3,56.3,23.5,36,0,NA,NA,3,12.5,NA,14,2.6,NA,4.4
123,25,C.Parkinson,00-0036244,TE,LA,229.3,14,0,3,2.4,NA,NA,6.2,0,NA,22.2,NA,4,22.1,11.9,20.6,13.2,16.7,54.5,5.1,15.8,34.6
124,45,K.Shakir,00-0037261,WR,BUF,226.4,16,0,2,20.9,2.2,13.5,26.4,9.5,5.300000000000001,NA,29.3,19.3,20.8,0.19999999999999996,36,1,9.1,20,5.9,7,NA
125,29,M.Mariota,00-0032268,QB,WAS,221.5,10,0,2,NA,NA,45.28,22.740000000000002,NA,NA,6.42,17.82,NA,33.22,19.92,NA,31.759999999999998,1.9,28.74,13.7,NA,NA
126,26,S.LaPorta,00-0039065,TE,DET,221.4,9,0,4,31.4,8.6,13.8,19.9,48.7,33.5,7.5,NA,40.7,17.3,NA,NA,NA,NA,NA,NA,NA,NA
127,27,Z.Charbonnet,00-0039165,RB,SEA,219.4,16,0,2,12.7,1,NA,13.4,12.8,4.7,20.5,NA,16.1,16.3,6.7,11.5,13.2,8.600000000000001,5.1,17.4,39.7,19.700000000000003
128,28,B.Irving,00-0039361,RB,TB,215.5,10,0,3,14,37.1,23.9,47.5,NA,NA,NA,NA,NA,NA,NA,NA,27.1,27.1,9.6,9.100000000000001,6.800000000000001,13.3
129,29,D.Montgomery,00-0035685,RB,DET,215.42000000000002,17,1,1,7.3,14.6,52.400000000000006,1.2000000000000002,22.220000000000002,18.6,5.4,NA,14,11.100000000000001,5.2,6.2,14.299999999999999,15.8,10.7,1.9000000000000001,6.5,8
130,30,J.McCarthy,00-0039923,QB,MIN,213.38,10,0,2,29.22,19.82,NA,NA,NA,NA,NA,NA,25.919999999999998,31.22,12,5.48,NA,27.419999999999998,40.5,12.82,NA,8.98
131,46,M.Harrison,00-0039849,WR,ARI,212.3,12,0,0,27.1,4.2,16.9,17.1,33.8,14.7,27.8,NA,32.1,14.3,NA,NA,21.9,NA,NA,2.4000000000000004,0,NA
132,30,J.Croskey-Merritt,00-0040242,RB,WAS,211.8,17,1,3,26.200000000000003,2.2,10.6,8.7,52,9.3,4.2,3.5,4.6000000000000005,3,4.800000000000001,NA,2.5,3.7,19.1,9.5,44,3.9000000000000004
133,31,M.Penix,00-0039917,QB,ATL,211.28,9,1,3,38.02,5.300000000000001,7.78,55.22,NA,16.6,16.240000000000002,NA,39.239999999999995,14.98,17.9,NA,NA,NA,NA,NA,NA,NA
134,32,J.Burrow,00-0036442,QB,CIN,210.96,8,0,5,10.82,9.04,NA,NA,NA,NA,NA,NA,NA,NA,NA,NA,34.239999999999995,35.36,9.5,47.46,34.900000000000006,29.639999999999997
135,31,W.Marks,00-0040583,RB,HOU,207.1,16,0,2,0.30000000000000004,16.1,4.6,49.4,2.9000000000000004,NA,12,34.6,2.7,17.6,8.100000000000001,9.9,8.7,16.6,5.8,NA,9.5,8.3
136,27,D.Knox,00-0035689,TE,BUF,206.2,16,0,1,6.5,7.9,NA,0,6,10.9,NA,3,16,19.7,15.3,7.7,10.3,46.3,24.7,4,13.5,14.4
137,33,S.Sanders,00-0040668,QB,CLE,204.4,8,1,2,NA,NA,NA,NA,NA,NA,NA,NA,NA,NA,3.9800000000000004,34.26,12.56,72.46000000000001,29.98,18.18,25.44,7.540000000000001
138,47,R.Shaheed,00-0037545,WR,SEA,203.1,18,0,0,7.300000000000001,24.2,7.2,8.2,40.9,5.300000000000001,7.5,14,20.8,3.8,14.4,0.5,2.1,20.2,21.1,3.6,1.3,0.7
139,48,X.Worthy,00-0039894,WR,KC,201.9,14,0,1,0,NA,NA,47.1,8.600000000000001,10.6,7.8,18.8,5,NA,5,18.9,20.4,28.5,15,16.1,0.1,NA
140,32,K.Monangai,00-0040236,RB,CHI,201.7,17,0,2,2.1,5.1000000000000005,3,1.8,NA,15.4,19.9,2.9000000000000004,35.3,9.3,12.700000000000001,12.8,32,8.7,3.8000000000000003,23.8,7.7,5.4
141,28,T.Hockenson,00-0035229,TE,MIN,201.3,15,0,3,6,4.2,24.4,11.4,15.8,NA,14.8,8.6,11.6,3.8,21.4,7.9,29.4,13.2,27.1,1.7,NA,NA
142,33,K.Vidal,00-0039391,RB,LAC,199.4,13,0,5,NA,NA,NA,0,2.9000000000000004,33.8,6,33.7,3.5,31.8,2.7,NA,43.2,32.4,6.300000000000001,1.6,NA,1.5000000000000002
143,49,J.Nailor,00-0037291,WR,MIN,198.2,17,1,1,13.8,5.6,16.2,9.2,17.2,NA,15.7,0,2.6,52.9,2.6,0,0,5.5,39.5,0,0,17.4
144,50,M.Brown,00-0035662,WR,KC,197.7,16,0,0,26.9,6.5,7.2,12.3,18.3,30.5,9.4,0,29.3,NA,6.5,2,10,14.5,NA,4.2,1.2000000000000002,18.9
145,29,E.Engram,00-0033881,TE,DEN,196.3,16,0,1,8.1,4.2,NA,8.9,18.3,18.4,24.7,15.6,0,4.2,9.3,NA,31.4,3.8,2.7,18.1,8.1,20.5
146,51,M.Hollins,00-0033555,WR,NE,194.9,14,0,1,1.3,7.8,5.2,7.4,NA,4.800000000000001,27.3,24.4,2.4,35.6,20.4,14.5,4.300000000000001,NA,7.6000000000000005,31.9,NA,NA
147,52,R.Pearsall,00-0039916,WR,SF,194.6,9,2,2,54.8,9.2,48.7,18.1,NA,NA,NA,NA,NA,NA,0.5,2.3,2.9000000000000004,NA,25.1,NA,33,NA
148,53,E.Ayomanor,00-0040170,WR,TEN,191,16,0,0,2.8,25.6,13.3,16.4,3.8,5.2,14.4,18.2,17.6,NA,2.1,NA,1,8.4,2.7,28.3,13.7,17.5
149,34,K.Hunt,00-0033923,RB,KC,190.4,17,0,1,5.1,5.4,12.4,7.7,20.2,5.4,3.3,19.2,13.5,NA,14.200000000000001,36,20.5,10.5,5,0.7,5.800000000000001,5.5
150,54,C.Kupp,00-0033908,WR,SEA,189.79999999999998,16,0,0,2.5,15,14.6,5.1,20.9,22,14.2,NA,NA,19.4,3.8000000000000003,4.4,4.4,21.5,7.6000000000000005,17.9,1.6,14.9
151,34,J.Fields,00-0036945,QB,NYJ,189.16,9,0,2,34.02,6.98,NA,32.64,31.42,5.9,5.04,24.36,NA,21.96,26.84,NA,NA,NA,NA,NA,NA,NA
152,55,T.Thornton,00-0038104,WR,KC,188.8,12,0,0,15.600000000000001,23.4,37.6,8.1,42,NA,14.9,NA,0,NA,17.1,0,0,3.9000000000000004,26.2,NA,NA,NA
153,56,T.McLaurin,00-0035659,WR,WAS,181.7,10,0,1,4.2,9.3,20.4,NA,NA,NA,NA,24.4,NA,NA,NA,NA,32.1,16.6,25.9,18.3,10.8,19.7
154,30,D.Waller,00-0031610,TE,MIA,180.7,9,0,3,NA,NA,NA,23.7,48.8,11.7,0,NA,NA,NA,NA,NA,19.2,6.2,46.6,23,1.5,NA
155,57,R.Flournoy,00-0039410,WR,DAL,179.5,15,1,2,NA,0,3.6,5.1000000000000005,48.4,5.8,0,1.2000000000000002,9.2,NA,7.2,0,5.9,55,7.5,9.8,NA,20.8
156,35,O.Hampton,00-0040666,RB,LAC,178.7,9,0,2,9.100000000000001,4,45.4,48,11.5,NA,NA,NA,NA,NA,NA,NA,NA,16.200000000000003,9.5,18,17,NA
157,35,K.Cousins,00-0029604,QB,ATL,178.04,10,0,2,NA,NA,1.16,NA,NA,NA,NA,7.12,NA,NA,2.62,30.96,25.36,6.48,42.92,37.08,11.139999999999999,13.2
158,36,C.Skattebo,00-0040715,RB,NYG,176.7,8,0,2,1.9000000000000001,14.4,45.1,14,26.9,45,19.4,10,NA,NA,NA,NA,NA,NA,NA,NA,NA,NA
159,37,C.Hubbard,00-0036555,RB,CAR,174.9,15,0,2,28.4,19.700000000000003,10.100000000000001,10.4,NA,NA,18.5,10.9,2.2,2,3.8000000000000003,7.300000000000001,42.900000000000006,NA,5.800000000000001,5.9,3.8000000000000003,3.2
160,58,J.Jeudy,00-0036407,WR,CLE,173.70000000000002,17,0,0,21.1,18.1,2.7,17.3,3,8.8,3.2,0,NA,29.3,4.1,14.4,4.6,26.1,4.2,2.7,9.9,4.2
161,59,J.Higgins,00-0040130,WR,HOU,173,17,0,0,14.7,13.8,1.5,19.4,5.7,NA,0,12.9,0.9,14.2,19,13.3,11,5.9,0.9,2.7,26.8,10.3
162,60,D.Douglas,00-0038621,WR,NE,169.8,16,0,1,7.7,1.3,1.7000000000000002,NA,2.7,25.6,4.2,16.2,40,14.9,15.6,16.6,5.800000000000001,NA,0.5,1.1,1.5,14.4
163,31,C.Kmet,00-0036290,TE,CHI,169.2,16,0,1,16.1,18.9,10,22.1,NA,1.5,4.6,NA,4,2,13.5,1.8,25.6,20.2,8.8,5.9,6.1,8.1
164,32,T.Higbee,00-0033110,TE,LA,169.1,10,1,3,0,22.7,0,7,NA,29,9.4,NA,14.8,10.8,15.3,NA,NA,NA,NA,NA,NA,60.1
165,33,G.Dulcich,00-0037252,TE,MIA,168.8,9,0,2,NA,NA,NA,NA,NA,NA,NA,NA,15.4,15.2,6.3,NA,16.9,21.6,20.6,20.6,33.1,19.1
166,36,J.Daniels,00-0039910,QB,WAS,167.78,7,0,1,23.62,23.7,NA,NA,30.14,33.14,33.74,NA,18.22,NA,NA,NA,NA,5.220000000000001,NA,NA,NA,NA
167,37,S.Rattler,00-0039376,QB,NO,167.64,9,0,0,11.96,28.68,16.22,18.439999999999998,29.1,22.58,33.019999999999996,7.640000000000001,NA,NA,NA,NA,NA,NA,0,NA,NA,NA
168,61,J.Downs,00-0038997,WR,IND,167.4,16,0,0,2.7,10.100000000000001,14.9,5.4,10.4,14.7,NA,12.9,17.2,0.8,NA,2,16.4,5.300000000000001,9.3,11.3,5.4,28.6
169,34,M.Taylor,00-0040736,TE,NYJ,165.4,13,0,2,15,2,10.8,30,29.7,1.7,10.6,22.9,NA,1.9,9,6.6,8.1,17.1,NA,NA,NA,NA
170,62,D.Slayton,00-0035535,WR,NYG,163.8,14,0,0,0,17.6,5.5,6.9,5.1,NA,NA,4.1,19.7,32.4,NA,13.3,24.1,NA,8.8,1.8,15.6,8.9
171,63,C.Dike,00-0040705,WR,TEN,162.1,17,0,0,0.9,1.8,2,-0.4,3.2,1.8,26.4,25.4,1,NA,2.9000000000000004,23.9,1.4,11.9,3,23,19.2,14.7
172,35,J.Tonges,00-0037112,TE,SF,161.8,10,0,2,15,12.1,8.1,40.8,25.1,16.3,NA,9.2,NA,NA,0,NA,NA,NA,NA,3.7,31.5,NA
173,38,B.Corum,00-0039738,RB,LA,161.20000000000002,17,0,1,2.1,12.4,7.300000000000001,3.1,1.8,2.8000000000000003,5.300000000000001,NA,7.300000000000001,7.6000000000000005,1,3.4000000000000004,16.6,48.6,15.100000000000001,15.100000000000001,1.8,9.9
174,64,X.Hutchinson,00-0038618,WR,HOU,161,16,0,1,15.5,14.4,3.1,3.2,16.3,NA,2.3,26.9,5,NA,16.7,0.9,15.9,0,2.6,0.9,4.9,32.4
175,39,J.Dobbins,00-0036158,RB,DEN,159.4,10,0,0,14.8,17.5,26.3,24.5,17.4,5,10,25.6,7.9,10.4,NA,NA,NA,NA,NA,NA,NA,NA
176,36,G.Helm,00-0040584,TE,TEN,159.2,16,0,2,4.6,3.9,10.2,2.7,12.4,4.5,14.1,24.3,4.5,NA,11.9,17.1,11.3,2.3,29.9,3.9,1.6,NA
177,65,K.Coleman,00-0039901,WR,BUF,158.4,12,1,1,54.2,5.1,4,17.5,11.8,3.1,NA,6,3.2,23.1,NA,NA,8.4,3.1,NA,NA,NA,18.9
178,40,J.Mason,00-0037525,RB,MIN,157.9,16,0,1,9.5,5.8,37.1,11.7,15.1,NA,14.7,1.1,4.7,4.6,11,6.2,6.3,12.7,3.4000000000000004,1.6,NA,12.4
179,66,K.Bourne,00-0033307,WR,SF,157.10000000000002,14,0,2,NA,5.7,6.800000000000001,2.7,43.2,48.7,2.9000000000000004,6.9,15.4,2.9000000000000004,NA,NA,0,NA,3.2,5.2,13.5,0
180,41,T.Allgeier,00-0037263,RB,ATL,155.5,17,0,0,2.9000000000000004,18,0.9,12.600000000000001,NA,11.799999999999999,2.6,9.4,0.6000000000000001,20.2,9.1,6.4,24,19.700000000000003,2.3,9.8,2.8000000000000003,2.4000000000000004
181,67,A.Iosivas,00-0038619,WR,CIN,155.4,15,0,0,NA,2.2,NA,13.7,32.7,1,16.9,0,27,NA,4.5,10.600000000000001,19.9,3.2,0,13.1,8.100000000000001,2.5
182,42,T.Spears,00-0039032,RB,TEN,152.70000000000002,13,0,0,NA,NA,NA,NA,1.9000000000000001,8,6,27.200000000000003,18.2,NA,6.4,5,6.4,17.2,6.1000000000000005,42,1.1,7.2
183,68,A.Mitchell,00-0039890,WR,NYJ,151.4,16,0,1,3.6,3,0,22.1,0,NA,1.3,0,1.2000000000000002,NA,2,16.2,42.2,13.4,26.4,16.3,3.7,0
184,69,X.Legette,00-0039342,WR,CAR,150.8,15,0,1,2.5,0.3,NA,NA,21.1,2.6,31.700000000000003,3.2,13.2,0,47.8,4.7,0.6,NA,15.4,2.2,1.3,4.2
185,37,A.Hooper,00-0032392,TE,NE,149.3,13,0,1,4,21.3,8.8,15.4,NA,2,11.6,18.3,15,0,NA,21.4,NA,NA,NA,17.9,11.6,2
186,38,M.Mayer,00-0039066,TE,LV,148.3,13,0,3,14.3,5.4,0,NA,NA,33,2.5,NA,11.6,8.2,5.8,2.9000000000000004,NA,NA,0,4,28.4,32.2
187,39,N.Fant,00-0035644,TE,CIN,147.3,13,0,1,17.6,18.8,11.6,NA,NA,8.7,30.9,13.100000000000001,23.3,NA,12.6,2.4,1.8,4.5,NA,NA,0,2
188,70,J.Coker,00-0039491,WR,CAR,146.9,11,0,0,NA,NA,NA,NA,NA,NA,0,16.6,1.9,4.1,20.7,5.7,27.4,NA,35.5,17.2,3.1,14.7
189,43,R.White,00-0037256,RB,TB,146.5,17,0,0,2.6,15.6,1.9000000000000001,8.100000000000001,24.6,19.6,7.4,9.1,NA,9.9,9.700000000000001,6.2,4.4,7.500000000000001,3.6,8,2.7,5.6000000000000005
190,44,D.Singletary,00-0035250,RB,NYG,145.3,17,0,1,0.9,0.5,1.1,3.8000000000000003,3.9,1,0.2,13.8,8.1,19.8,19.2,5.7,30.200000000000003,NA,1.9000000000000001,6.6000000000000005,17,11.6
191,71,M.Golden,00-0040667,WR,GB,145,14,1,1,3.1,1.5,18.6,20.3,NA,54.2,7.2,2.4,1.9,NA,13.4,NA,NA,0,18.5,0.4,1.7000000000000002,1.8
192,40,D.Washington,00-0038558,TE,PIT,144.9,13,0,1,NA,2,NA,6.5,NA,25.2,13.7,NA,14.8,4.5,25.7,6.7,19,2.7,8.5,11.1,4.5,NA
193,45,A.Kamara,00-0033906,RB,NO,142.2,11,0,1,14.7,27,8.100000000000001,11.2,8.5,21.1,4.9,6.5,2.2,35.5,NA,2.5,NA,NA,NA,NA,NA,NA
194,72,M.Evans,00-0031408,WR,TB,141.3,8,1,1,9.600000000000001,19.6,12.8,NA,NA,NA,0,NA,NA,NA,NA,NA,NA,NA,59.2,12.6,12.1,15.4
195,41,T.Ferguson,00-0040737,TE,LA,141.1,11,0,2,NA,NA,NA,NA,15.1,0,22.1,NA,21.4,16.2,NA,0,0,0,2.1,26.8,37.4,NA
196,42,D.Njoku,00-0033885,TE,CLE,139.3,11,0,2,9.7,21.5,14.5,4.1,24.7,8.8,NA,28.7,NA,12.6,2.2,NA,3.4,9.1,NA,NA,NA,NA
197,73,M.Mims,00-0038976,WR,DEN,139,15,0,0,3.2,19.9,0.9,29.5,2.9,14.3,34.8,2.3,NA,NA,0.2,NA,3.2,1.2,6.7,14.9,3,2
198,43,E.Higgins,00-0039041,TE,ARI,137.6,17,0,1,1.8,20.5,3.7,0,4,19.4,1.8,NA,9,6.4,4.1,0,6.2,1.5,1.8,45.6,0,11.8
199,74,C.Godwin,00-0033921,WR,TB,137,9,0,2,NA,NA,NA,4.6,5.1,NA,NA,NA,NA,NA,NA,2.4,40.8,19.5,13,7,42.8,1.8
200,46,A.Jones,00-0033293,RB,MIN,135.20000000000002,12,0,1,25.700000000000003,2.3000000000000003,NA,NA,NA,NA,NA,4.5,13.3,16.4,11.6,8.700000000000001,5,9.600000000000001,10,12.8,15.3,NA
200,44,J.Smith,00-0033858,TE,PIT,135.20000000000002,17,0,1,18,8.7,19.8,3.6,NA,10.3,17.8,4.7,8.5,1.9,0,7.300000000000001,2.1,0,14.600000000000001,4.300000000000001,11.7,1.9
202,45,I.Likely,00-0037838,TE,BAL,135.2,12,0,2,NA,NA,NA,NA,4.2,3.6,NA,3.8,25,6.2,4.5,2.5,40,17.5,NA,0,10.2,17.7
203,38,C.Wentz,00-0032950,QB,MIN,134.84,5,0,2,NA,NA,19.32,49.7,16.74,NA,37.32,11.76,NA,NA,NA,NA,NA,NA,NA,NA,NA,NA
204,75,K.Turpin,00-0037801,WR,DAL,133.5,15,0,0,4.7,15.3,28.8,6.4,NA,NA,2.7,0.3,2.3,NA,0.5,16.700000000000003,8.600000000000001,15,2.2,3.7,25.6,0.7000000000000001
205,46,M.Gesicki,00-0034829,TE,CIN,133.2,12,0,1,4.4,7.8,2.1,2.3,6,NA,NA,NA,NA,NA,NA,14,6.4,41.1,4.1,17,20.7,7.3
206,76,G.Wilson,00-0037740,WR,NYJ,130.5,7,0,1,41,8,21.4,29.200000000000003,28.1,2.8,NA,NA,NA,0,NA,NA,NA,NA,NA,NA,NA,NA
207,47,D.Bellinger,00-0038115,TE,NYG,130.1,13,0,2,4.4,0,2.1,4.3,15.7,NA,43.8,15.1,NA,2.3,0,0,NA,NA,12.5,NA,4.1,25.8
208,48,L.Musgrave,00-0039144,TE,GB,129.2,13,0,0,1.9,19.2,NA,2.1,NA,2.2,NA,2,20.9,6.800000000000001,2.9,2.2,15.3,8.2,24.2,21.3,NA,NA
209,47,S.Tucker,00-0038951,RB,TB,128.9,17,1,1,0.2,0,0,0,1.4,9.5,1.1,11.7,NA,8.100000000000001,65.5,6.1000000000000005,0.5,9.9,7.2,6.8,1.3,-0.4
210,77,D.Mooney,00-0036309,WR,ATL,128.8,15,0,0,NA,3.5,17.9,2.5,NA,NA,19.8,2.1,2.5,2.7,15.9,26.4,4.5,1.1,6.5,3.9000000000000004,15.5,4
211,78,C.Austin,00-0037837,WR,PIT,128.2,14,0,0,36.5,13.2,11.4,2.8,NA,NA,NA,5.300000000000001,9.100000000000001,2.4000000000000004,1,6.1,0,14.1,0,1.8,NA,24.5
212,48,E.Wilson,00-0038797,RB,GB,126,17,0,1,0.4,0,3,22.1,NA,1.2000000000000002,2,13.200000000000001,2.7,0.9,14.4,40.5,2.4000000000000004,1,0.30000000000000004,10.700000000000001,3.4000000000000004,7.800000000000001
213,79,C.Ridley,00-0034837,WR,TEN,125.3,7,1,1,5.2,28.7,13.7,15,57.6,2.8,NA,NA,NA,NA,2.3,NA,NA,NA,NA,NA,NA,NA
214,39,R.Wilson,00-0029263,QB,NYG,124.84,6,1,1,12.620000000000001,88.8,9.600000000000001,0.32,NA,0,NA,NA,NA,13.5,NA,NA,NA,NA,NA,NA,NA,NA
215,80,S.Shepard,00-0032385,WR,TB,124,13,0,1,6.9,6.4,42,3,10.4,16.6,7,1.3,NA,5.6,19.6,2.7,1.5,1,NA,NA,NA,NA
215,80,V.Jefferson,00-0036415,WR,TEN,124,14,0,1,NA,3,1.3,1.6,NA,41.5,7.6000000000000005,1.1,13.1,NA,10.2,2.1,3.5,2.7,15.3,3.9000000000000004,17.1,NA
217,40,K.Murray,00-0035228,QB,ARI,123.78,5,0,1,34.32,18.5,17.06,24.6,29.3,NA,NA,NA,NA,NA,NA,NA,NA,NA,NA,NA,NA,NA
218,82,J.Noel,00-0040138,WR,HOU,122.4,17,0,1,1.2000000000000002,0,0.9,0.5,9.3,NA,41.2,20.8,-0.30000000000000004,17,1.7000000000000002,1.4,0,2.3000000000000003,0,0,24.1,2.3
219,49,Ty.Johnson,00-0035537,RB,BUF,120.3,17,0,1,2.9000000000000004,0.6000000000000001,3.6,0,1,2.1,NA,0.6000000000000001,10,4.1000000000000005,24.5,17.7,6,5.4,5.3,8.6,6.800000000000001,21.1
220,83,M.Washington,00-0039880,WR,MIA,120.2,17,0,0,4.4,3.5000000000000004,5.7,3.1,2,5.300000000000001,6,12.6,18.6,8.8,7.2,NA,6,2.5,1.5,20.700000000000003,1,11.3
221,50,C.Rodriguez,00-0038611,RB,WAS,117,12,0,0,NA,NA,4.4,16.4,1.2000000000000002,NA,7.7,0.2,16,8.6,12,NA,11.100000000000001,6.2,NA,15.9,NA,17.3
222,84,T.Johnson,00-0040237,WR,TB,116.4,15,0,0,0,NA,0,1.8,18.9,21.5,25.3,8.3,NA,19.7,1.1,11.8,1,NA,0,0.4,3.4000000000000004,3.2
223,85,C.Tillman,00-0038979,WR,CLE,116,12,0,0,25.2,9.7,5.6,1.6,NA,NA,NA,NA,NA,2.1,27.7,1,0,13.3,NA,1.3,15.2,13.3
224,86,T.Hunter,00-0040718,WR,JAX,115.8,7,0,1,6.300000000000001,4.2,13.1,16.2,18.9,4.5,52.6,NA,NA,NA,NA,NA,NA,NA,NA,NA,NA,NA
225,87,M.Nabers,00-0039337,WR,NYG,113.60000000000001,4,1,1,31.6,76.2,2.3,3.5,NA,NA,NA,NA,NA,NA,NA,NA,NA,NA,NA,NA,NA,NA
226,88,D.Hopkins,00-0030564,WR,BAL,113.5,17,0,0,21,34.4,2.3,0,16.6,4,NA,2.4000000000000004,0,2.6,1.6,2.8,4,0,14.2,7.6000000000000005,0,0
227,49,D.Allen,00-0039074,TE,LA,112.8,15,0,0,10.3,9.8,1.8,1.5,18.4,2.2,3.4,NA,11.2,11.3,NA,7.4,1.9,6.6,9.1,17.9,NA,0
228,89,D.Wicks,00-0038393,WR,GB,111.3,13,1,1,5,8.4,3.6,3.4000000000000004,NA,3,1,NA,NA,17.8,1.4,5.2,57.5,NA,1.1,2.7,1.2000000000000002,NA
229,51,E.Demercado,00-0038705,RB,ARI,110.3,12,0,1,0,NA,0,9.6,18.6,0.1,NA,NA,10.3,42.9,3.5,NA,NA,NA,1.1,3.5,3.5,17.200000000000003
229,90,P.Bryant,00-0040134,WR,DEN,110.3,13,0,0,NA,3.8,NA,0,0,4.2,1.1,22,4,15.3,22.700000000000003,NA,16.7,6.7,NA,7.7,NA,6.1
231,52,Z.Knight,00-0037157,RB,ARI,109.9,12,0,0,NA,0,NA,0,10.4,24.4,9.4,NA,8.2,6.300000000000001,13,12.2,20.3,5.9,-0.2,NA,NA,NA
232,53,I.Davis,00-0039798,RB,NYJ,108.7,16,1,1,1.8,1.6,0,4.7,5.300000000000001,0.6,5.2,46.4,NA,1.6,1.6,0.7000000000000001,0,3.2,14,19.5,2.5,NA
233,54,B.Tuten,00-0040719,RB,JAX,108.6,15,0,0,1.6,25.4,9.1,2.7,2.1,3.8000000000000003,2.2,NA,11.1,2,17.4,2.7,8.9,1,9.3,NA,NA,9.3
234,41,T.Taylor,00-0028118,QB,NYJ,106.46000000000001,6,0,1,NA,10.84,26.18,NA,NA,NA,6.140000000000001,NA,NA,NA,NA,27.78,35.28,0.24,NA,NA,NA,NA
235,91,I.TeSlaa,00-0040669,WR,DET,104.89999999999999,14,0,0,8.3,13.9,0,NA,8.2,NA,0,NA,NA,2.1,0,0,11.5,9.5,0,24.7,23.9,2.8
236,92,D.Robinson,00-0032775,WR,SF,104.7,14,0,0,NA,NA,NA,13,6.4,16.4,0,4,0,5.9,2.3,1.3,0.6000000000000001,NA,15.6,19.8,14.5,4.9
237,55,I.Pacheco,00-0037197,RB,KC,104.3,13,0,0,4.3,3.9000000000000004,6.3,13.3,10.6,7.1000000000000005,14.399999999999999,7.800000000000001,NA,NA,NA,NA,4.300000000000001,4,2.6,22,3.7,NA
238,56,D.Sampson,00-0040162,RB,CLE,103.60000000000001,15,0,0,15.3,11.4,0.2,-0.2,0.7000000000000001,3.9000000000000004,2.2,6.4,NA,0.4,2.4000000000000004,26.200000000000003,2.8000000000000003,20.3,NA,NA,4.7,6.9
239,93,T.Shavers,00-0038679,WR,BUF,103.5,11,0,1,NA,0,4.4,0,0,4.7,NA,NA,1.2000000000000002,13.4,48.5,NA,NA,2.6,NA,13.1,15.6,NA
240,57,N.Chubb,00-0034791,RB,HOU,103.30000000000001,15,0,0,8,25.700000000000003,6,8.2,13.600000000000001,NA,1.6,8.4,4.4,7.2,2.2,2.5,9.9,0.30000000000000004,NA,5.2,0.1,NA
241,50,T.Tremble,00-0037005,TE,CAR,102.4,15,0,0,1.7,8,6.1,20.7,2.2,11.4,1.5,1.9,0,NA,18.4,NA,1.7,NA,5.8,2.1,2.1,18.8
242,51,A.Trautman,00-0036422,TE,DEN,102,13,0,0,2,14.5,0,17.7,4.1,NA,NA,0,17,1.7,2.3,NA,23.7,6.2,NA,4.4,8.4,NA
243,58,S.Perine,00-0033526,RB,CIN,101.9,15,0,1,2.1,0,3.1,0.4,4.9,6.7,4.1,29,0.5,NA,NA,NA,7.4,6.300000000000001,6.3,13.1,9.3,8.7
244,94,I.Bond,00-0040782,WR,CLE,101.7,15,0,0,1,2.5,2.6,18.3,14.4,2.4,NA,0,NA,NA,0.8,17.3,4.2,0,30.9,2,2.6,2.7
245,95,T.Hill,00-0033040,WR,MIA,101.5,4,0,0,17.5,45.9,15.9,22.2,NA,NA,NA,NA,NA,NA,NA,NA,NA,NA,NA,NA,NA,NA
246,52,J.Hawes,00-0040194,TE,BUF,100.2,13,0,0,15.9,2,9.5,4.5,NA,NA,NA,7.5,4.8,21.6,NA,8.6,4,9.3,3.9,7.1,NA,1.5
247,42,J.Browning,00-0035100,QB,CIN,99.24000000000001,5,0,1,NA,38.24,12.400000000000002,5.9,42.14,NA,NA,NA,NA,NA,NA,0.56,NA,NA,NA,NA,NA,NA
248,59,M.Carter,00-0036924,RB,ARI,98.5,13,0,0,NA,NA,NA,0.1,17.3,8.9,6.1,NA,NA,0.4,6.800000000000001,9.3,10.4,4.6,14.4,7.5,6.300000000000001,6.4
249,96,B.Cooks,00-0031236,WR,BUF,96.9,13,0,1,5.1,14.6,4.4,4.2,1,13.1,0.8,4.7,3.1,NA,NA,NA,2.3,NA,0,0,43.6,NA
250,53,E.Arroyo,00-0040739,TE,SEA,96.89999999999999,13,0,0,2.2,17.6,0,20.4,4,2.1,23.2,NA,23.4,2,0,2,0,0,NA,NA,NA,NA
251,97,J.Smith-Schuster,00-0033857,WR,KC,96.5,17,0,0,8.5,1,19,13.1,3.2,18.2,6.5,14.9,0.7,NA,0,1.8,0,1.5,0,2.2,3.6,2.3
252,98,K.Raymond,00-0032464,WR,DET,96.3,15,0,0,3.1,3.3000000000000003,0.9,2.8,0,0,3.2,NA,0,9.9,0,15.2,NA,NA,13,26.2,1,17.7
253,54,J.Oliver,00-0035249,TE,MIN,96,12,0,1,2,NA,10.2,0,24,NA,2.4,NA,NA,NA,1.2,1.9,NA,20.4,4.8,6.4,3.8,18.9
254,99,X.Smith,00-0038359,WR,LA,94.8,16,0,0,14.6,0,0,0,0,0,2.5,NA,2.7,2.4000000000000004,1.3,NA,30.700000000000003,1.1,0,17.7,20.2,1.6
255,43,J.Winston,00-0031503,QB,NYG,94.78,3,1,1,NA,NA,NA,NA,NA,NA,NA,NA,NA,NA,16.04,78.74000000000001,NA,NA,0,NA,NA,NA
256,60,J.McNichols,00-0033955,RB,WAS,93.7,16,0,0,3.5,NA,25.3,0.8,2.8000000000000003,6.5,6.5,21.3,0,4.4,4.4,NA,5,0.7,3.7,4.699999999999999,2.5,1.6
257,100,T.Harris,00-0040727,WR,LAC,93.4,16,0,0,2.1,14.9,0,0,NA,5.2,4.300000000000001,8.3,3.8,1.4,1.7000000000000002,NA,5.5,3.1,16.9,18.9,2.5,4.800000000000001
258,55,M.Evans,00-0040187,TE,CAR,92.7,14,0,0,NA,2.4,2.4,15.8,9.4,15.1,8.4,NA,NA,0,17.3,0,8,NA,0,8.3,3.6,2
259,61,T.Bigsby,00-0038555,RB,PHI,92.3,15,0,1,2.2,NA,0,0,0,0,2,22.9,NA,0.7000000000000001,3.9000000000000004,0.8,NA,0.4,7.2,10.7,1.4000000000000001,40.1
260,44,D.Mills,00-0036898,QB,HOU,92.1,6,0,1,NA,NA,NA,NA,1.2200000000000002,NA,NA,NA,6.180000000000001,44.68,18.36,18.52,NA,NA,NA,NA,NA,3.14
261,45,D.Gabriel,00-0040704,QB,CLE,90.08,10,0,0,NA,6.76,NA,0,20.1,8.84,5.84,20.040000000000003,NA,25.58,2.9200000000000004,NA,0,NA,NA,0,NA,NA
262,62,J.Hill,00-0034975,RB,BAL,89.7,10,0,1,-0.10000000000000009,4,16.5,48.2,1.7000000000000002,7.4,NA,0.2,3,8.8,NA,0,NA,NA,NA,NA,NA,NA
263,101,T.Patrick,00-0033375,WR,JAX,89.2,13,0,0,NA,0,2.6,0.4,0,19.6,13.2,NA,NA,NA,10.5,0,2.1,37.8,NA,2.1,0,0.9
264,102,J.Palmer,00-0036988,WR,BUF,88.3,12,0,0,20.1,16.7,1,4,15.6,18,NA,NA,NA,NA,3.2,3.6,NA,NA,2.6,0.7,2.2,0.6
265,103,J.Dotson,00-0037741,WR,PHI,86.2,15,0,0,17.9,0.9,1.2000000000000002,0,13.4,2.7,NA,21,NA,0,16.3,0,2.2,0.8,NA,3.3,0,6.5
266,104,T.Horton,00-0040648,WR,SEA,86.1,8,0,0,0,20.7,11.2,1.5,22.4,0,0,NA,30.3,NA,NA,NA,NA,NA,NA,NA,NA,NA
267,105,T.Johnson,00-0036427,WR,NYJ,85.7,9,0,0,14.6,0,15.2,NA,NA,0,28.5,25.4,NA,0,NA,NA,NA,NA,NA,1.2000000000000002,0.8,NA
268,63,R.Davis,00-0039875,RB,BUF,84.10000000000001,17,1,1,0.6,3.4000000000000004,0,0.30000000000000004,0.1,9.9,NA,1.6,0,0.3,0,0,8.2,0,2.3,5.4,3.1,48.900000000000006
269,106,J.Reed,00-0039146,WR,GB,83.5,5,0,0,23,NA,NA,NA,NA,NA,NA,NA,NA,NA,NA,NA,NA,8.8,19,16.1,16.6,NA
270,107,O.Zaccheaus,00-0035208,WR,CHI,83.3,14,0,0,7.2,3.6,6.1000000000000005,7.6000000000000005,NA,4.300000000000001,1.9,6.800000000000001,16.8,1,NA,1.1,3.9000000000000004,8.2,0,14.8,NA,NA
271,108,R.Bateman,00-0036550,WR,BAL,81.9,13,0,0,2,3,27.3,13.4,0,1.3,NA,16.6,8.8,4,NA,NA,0,4.300000000000001,NA,0,1.2000000000000002,NA
272,56,J.Sanders,00-0039356,TE,CAR,80.5,12,0,0,7.2,20.4,5.6,NA,NA,NA,0,6.4,2,12.2,9.7,2.1,0,NA,3.5,11.4,NA,NA
273,57,J.Ruckert,00-0037805,TE,NYJ,80.4,14,0,0,7.6,9.5,NA,5.300000000000001,8.8,0,0,15.4,NA,1.5,9.8,NA,4.2,6.4,5.8,4.4,1.7,NA
274,1,K.Juszczyk,00-0029892,FB,SF,80,16,0,16,14.7,1,7.1,5.7,4,1.4,1.3,0.9,2.2,1.8,14.1,0,14.2,NA,1.7000000000000002,NA,8.9,1
275,109,C.Kirk,00-0034775,WR,HOU,79.89999999999999,11,0,0,NA,NA,5,4,19.4,NA,NA,NA,5.6,0.8,1.1,24.9,NA,1.1,NA,16.2,1.6,0.19999999999999996
276,58,T.Hill,00-0033357,TE,NO,79.78,13,0,1,NA,NA,NA,NA,2.16,7.6,5.300000000000001,4.2,4.5,6.5,NA,7.7,2.2,1.4,1.7,27.32,0,9.2
277,59,T.Hudson,00-0034613,TE,CIN,79.3,10,0,0,NA,NA,NA,NA,NA,14.5,NA,3.9,18.7,NA,6.7,2.4,10.4,4.1,7.6,1.9,9.1,NA
278,110,L.McCaffrey,00-0039355,WR,WAS,78.8,9,0,0,0,4.9,23.6,9.6,16,20.3,0,4.4,0,NA,NA,NA,NA,NA,NA,NA,NA,NA
279,111,T.Lockett,00-0032211,WR,LV,78.10000000000001,17,0,0,0,1.9,6.7,0,1.1,0.5,3.3,NA,0,7.9,5.800000000000001,19.7,2.1,16.1,2.5,1.1,8.4,1
280,112,K.Williams,00-0040131,WR,NE,77.7,14,0,0,2.2,NA,1.3,-0.2,NA,0,0,NA,0,24.2,0,2.8,20.3,NA,0,22.1,4.5,0.5
281,113,D.Walker,00-0039792,WR,BAL,77.10000000000001,8,0,0,NA,26.6,14.4,0,0,NA,NA,NA,NA,NA,NA,14,0,NA,NA,0,NA,22.1
282,114,G.Olszewski,00-0035645,WR,NYG,76.32000000000001,16,0,1,0,0,0,0,0,0,0,0,19.4,0,0,7.32,0,NA,NA,0,2.9000000000000004,46.7
283,115,G.Dortch,00-0035500,WR,ARI,76.10000000000001,12,0,0,0.3,1.6,1.8,6.9,2.2,8.9,1.5,NA,0.9,6.7,17.1,25.3,2.9000000000000004,NA,NA,NA,NA,NA
284,60,C.Kolar,00-0038046,TE,BAL,74.7,13,0,0,NA,NA,6.7,NA,4,0,NA,10,24.3,15.3,0,0,4.7,4.9,0,4.8,0,NA
285,46,M.Willis,00-0038128,QB,GB,74.67999999999999,4,0,1,NA,NA,NA,NA,NA,NA,NA,NA,NA,NA,8.34,1.08,NA,NA,NA,17.240000000000002,48.019999999999996,NA
286,116,D.Sills,00-0035359,WR,ATL,74.6,12,0,0,NA,NA,1.4,NA,NA,NA,NA,2.4000000000000004,0,0,2.1,9.1,9,0,32.8,0,16.2,1.6
287,117,J.Metchie,00-0037614,WR,NYJ,72.9,13,0,0,0,0.5,1.8,2.5,NA,NA,NA,NA,NA,0.09999999999999998,23.5,17.5,3.7,5.9,5.9,0.9,6.6000000000000005,4
288,61,N.Gray,00-0036637,TE,KC,72.8,14,0,0,1.8,1.6,7.7,1.6,NA,7,15.8,6.800000000000001,0,NA,6.9,8.5,NA,2.9000000000000004,NA,0,1.7,10.5
289,64,O.Gordon,00-0040198,RB,MIA,71.60000000000001,17,0,0,1.3,1.8,11.8,1.5,-0.2,1.2,2.3,26.6,1.4000000000000001,-0.30000000000000004,12,NA,1,8.7,0,-0.1,0,2.6
290,65,K.Mitchell,00-0038454,RB,BAL,69.9,13,0,0,NA,NA,NA,NA,2.3,0,NA,5.3,2.8000000000000003,3.6,7.4,2.9,11.100000000000001,18.1,8.100000000000001,1.8,6.300000000000001,0.2
291,118,D.Brown,00-0036626,WR,JAX,69.2,11,0,0,19.3,17.1,2.2,NA,3,3.5,17,NA,4.9,0,0,NA,NA,NA,0.4,NA,NA,1.8
292,66,B.Robinson,00-0037746,RB,SF,69,17,0,0,4.7,2.4,2.7,2.1,2.2,2.3,4.1,0,13.3,13.000000000000002,2.9000000000000004,5.9,3.1,NA,2.6,2.5,4.300000000000001,0.9
293,119,C.Moore,00-0032398,WR,WAS,68.1,10,0,0,14.4,NA,4.5,0.9,0,23.6,17.9,NA,NA,0,4.300000000000001,NA,NA,NA,NA,0,2.5,NA
293,119,R.Wilson,00-0039739,WR,PIT,68.1,9,0,1,NA,1.2000000000000002,NA,NA,NA,2.2,3.2,36.9,0.9,21,2.7,0,0,NA,NA,NA,NA,NA
295,121,Z.Jones,00-0033891,WR,ARI,67.8,6,0,0,0.9,NA,4,NA,1.8,32.4,28.7,NA,NA,0,NA,NA,NA,NA,NA,NA,NA,NA
296,67,J.Wright,00-0039874,RB,MIA,67.2,9,0,1,NA,NA,NA,NA,NA,NA,NA,3.8000000000000003,NA,2.2,0.4,NA,2.6,30.200000000000003,1.6,13.8,6.1000000000000005,6.5
297,122,J.Lane,00-0040164,WR,WAS,66.2,15,0,0,2.1,0.7,0.3,3.3,2.6,15.4,18.5,0.5,5.4,15.100000000000001,2.3,NA,0,0,0,0,NA,NA
298,47,Q.Ewers,00-0040234,QB,MIA,66.18,4,0,0,NA,NA,NA,NA,NA,NA,12.620000000000001,NA,NA,NA,NA,NA,NA,NA,NA,10.9,30.279999999999998,12.38
299,68,M.Davis,00-0037563,RB,DAL,65.1,10,0,0,NA,NA,NA,NA,NA,NA,0,0.30000000000000004,0.8,NA,2.5,2.9000000000000004,21.2,0.6000000000000001,12.2,3.3000000000000003,21.3,NA
300,48,R.Leonard,00-0040206,QB,IND,65,5,1,1,NA,NA,NA,NA,NA,NA,NA,0.1,NA,NA,NA,NA,NA,12.8,NA,0,0,52.1
301,62,B.Wright,00-0036754,TE,DET,64.3,8,0,1,NA,16.3,NA,0,11.4,NA,8.3,NA,4.1,0,3.8,20.4,NA,NA,NA,NA,NA,NA
302,123,J.Tolbert,00-0037666,WR,DAL,63.300000000000004,12,0,0,0.5,3.1,7.4,19.1,0,1.3,2.6,22.7,NA,NA,0,NA,0,NA,NA,NA,6.6,0
303,124,D.Vele,00-0039424,WR,NO,63.3,9,0,0,2.3,7.3,NA,NA,2.8,NA,NA,2,NA,2,NA,6.2,22.3,7,11.4,NA,NA,NA
304,63,B.Sinnott,00-0039912,TE,WAS,61.4,9,0,0,NA,2.2,NA,0,NA,NA,NA,15.2,NA,9.4,NA,NA,NA,2.3,16.6,2,10.4,3.3
305,125,T.Atwell,00-0036849,WR,LA,60.2,8,0,0,0.9,0,0,25.8,29.2,NA,NA,NA,NA,NA,NA,NA,NA,NA,1.4,NA,0,2.9000000000000004
306,69,A.Estime,00-0039373,RB,NO,59.6,5,0,1,NA,NA,NA,NA,NA,NA,NA,NA,NA,NA,NA,NA,NA,1.6,7.5,6.6000000000000005,18.8,25.1
307,70,D.Neal,00-0040202,RB,NO,59,9,0,0,0.9,NA,NA,NA,NA,NA,0.1,2.6,1.7000000000000002,5.6,NA,10.1,9.9,16.9,11.200000000000001,NA,NA,NA
308,126,J.Bech,00-0040729,WR,LV,57.900000000000006,14,0,0,13.3,NA,2,0,5.7,0,2.3,NA,0,0,2.9000000000000004,NA,4.2,9,2.7,15.8,NA,0
309,127,J.McMillan,00-0039855,WR,TB,57.9,4,0,1,NA,NA,NA,NA,NA,NA,NA,NA,NA,NA,NA,NA,NA,NA,5.800000000000001,3.1,46.9,2.1
310,128,E.Moore,00-0036980,WR,BUF,57.6,9,0,0,2.1,21.2,16.1,0,NA,0,NA,2.4000000000000004,13.8,1.8,NA,0.19999999999999996,NA,NA,NA,NA,NA,NA
311,64,J.Hill,00-0038720,TE,MIA,57.5,11,0,0,2,NA,1.9,4.9,8.2,9.1,1.6,NA,NA,NA,4.4,NA,0,NA,18.5,NA,4.6,2.3
312,71,B.Smith,00-0040078,RB,KC,57.300000000000004,17,0,0,0,0.2,1.8,6.1,5.6,3.6,12.100000000000001,1.3,0.7000000000000001,NA,1.8,5.6,0,0.7000000000000001,0.1,0.9,8.5,8.3
313,65,D.Sample,00-0035631,TE,CIN,56.9,12,0,0,0,2.2,14,NA,1.4,1.3,0,NA,NA,NA,NA,1.5,4.7,NA,4.2,17.6,2.3,7.7
314,129,B.Tremayne,00-0038840,WR,CAR,56.5,15,0,0,0,17.3,3,15.6,1.9,NA,0,0,1.3,NA,3.2,0,0,NA,0,0,0,14.2
315,66,L.Schoonmaker,00-0038547,TE,DAL,54.7,14,0,0,0,0,2,3.8,1.8,2.3,NA,8.5,4.4,NA,NA,0,1.6,4.2,15.9,NA,6,4.2
316,67,B.Spann-Ford,00-0039530,TE,DAL,54.5,16,0,0,0,1.8,0,NA,0,1.7,0,2.4,0,NA,1.9,9.4,0,2.2,0,0,16.1,19
317,68,M.Alie-Cox,00-0033217,TE,IND,53.199999999999996,11,0,0,15,2.3,NA,NA,NA,4.6,2.1,NA,0,0,NA,2.4,NA,0,NA,4.6,14,8.2
318,130,L.Humphrey,00-0035406,WR,DEN,52.6,7,0,0,NA,NA,NA,NA,NA,18.5,0,NA,NA,NA,NA,NA,0,5.2,23.2,1.9,3.8000000000000003,NA
319,131,D.Thornton,00-0040581,WR,LV,52,11,0,0,16.5,13,14.4,0,0,NA,0,NA,NA,0.9,NA,2.4000000000000004,2.1,NA,NA,NA,2.7,0
320,69,J.Bates,00-0036628,TE,WAS,51.8,10,0,0,NA,NA,NA,NA,2.4,NA,2,15.2,8,2.1,NA,NA,3.9,0,4.9,0,NA,13.3
321,72,J.Jordan,00-0039405,RB,HOU,51.699999999999996,4,0,1,NA,NA,NA,NA,NA,NA,NA,NA,NA,NA,NA,NA,NA,NA,35.3,11.5,4.1,0.8
322,49,B.Cook,00-0040398,QB,NYJ,51.46,5,0,0,NA,NA,NA,NA,NA,NA,NA,NA,NA,NA,NA,NA,NA,7.0200000000000005,17.939999999999998,7.720000000000001,7.18,11.6
323,73,Z.Scott,00-0038440,RB,MIN,51.2,11,0,0,NA,NA,17.5,14.899999999999999,1.8,NA,1.1,4.4,0,NA,NA,NA,3.1,3,NA,2.7,0,2.7
323,132,I.Williams,00-0039451,WR,NYJ,51.2,15,0,0,NA,0,0,0,NA,0,0,8.6,NA,0.9,1.1,0,0,3.9000000000000004,20.3,5,5.5,5.9
325,133,J.Whittington,00-0039751,WR,LA,50.800000000000004,15,0,0,0.5,15.7,2.4000000000000004,1.2000000000000002,15.3,4.300000000000001,2.4,NA,NA,NA,1.4,3.7,0,1,0,2.9000000000000004,0,0
326,134,A.Dulin,00-0035021,WR,IND,50.5,12,0,0,2,0,0,2.8000000000000003,27.5,0,NA,-0.30000000000000004,0,2.7,NA,15.8,NA,NA,NA,NA,0,0
327,50,T.Huntley,00-0035993,QB,BAL,50.14000000000001,5,0,0,NA,NA,NA,NA,NA,7.620000000000001,NA,21.240000000000002,NA,NA,NA,NA,NA,NA,-0.30000000000000004,2.8000000000000003,18.78,NA
328,135,D.Pettis,00-0034860,WR,NO,49.2,8,0,1,NA,NA,NA,NA,NA,NA,NA,NA,NA,0,NA,1.9000000000000001,0,0,0,0,17.3,30
329,136,G.Davis,00-0036196,WR,BUF,48.9,6,0,0,NA,NA,NA,NA,NA,NA,NA,NA,NA,NA,17,13.2,1,3.6,NA,NA,0,14.100000000000001
330,70,I.Thomas,00-0034365,TE,LV,48.4,9,0,0,NA,0,NA,0,8,1.9,NA,NA,2.4,NA,15,11.1,2.3,7.7,NA,NA,NA,NA
331,137,J.Thrash,00-0039379,WR,CLE,48.2,8,0,0,1.1,1.5,1.7000000000000002,NA,13.2,2.3,13.3,15.1,NA,0,NA,NA,NA,NA,NA,NA,NA,NA
332,71,H.Long,00-0037004,TE,JAX,47.5,7,0,0,9.6,NA,4.2,17.3,1.8,6.4,6.1,NA,2.1,NA,NA,NA,NA,NA,NA,NA,NA,NA
332,138,T.Burks,00-0037742,WR,WAS,47.5,8,0,0,NA,NA,NA,NA,NA,NA,NA,NA,2.4000000000000004,18.3,NA,NA,7.5,0,0,14.5,2.1,2.7
334,72,Co.Heyward,00-0037304,TE,PIT,46.9,14,0,0,0,2.1,NA,1.7,NA,10.2,0,0,1.9,0,3.3,0,NA,1.7,10.9,NA,4.1,11
335,73,T.Conklin,00-0034270,TE,LAC,46.8,6,0,0,22.7,NA,0,1.8,17.5,NA,NA,NA,NA,2.7,NA,NA,NA,NA,NA,NA,NA,2.1
336,51,P.Rivers,00-0022942,QB,IND,46.16,3,0,0,NA,NA,NA,NA,NA,NA,NA,NA,NA,NA,NA,NA,NA,NA,11.3,23.08,11.78,NA
337,74,L.Farrell,00-0036887,TE,SF,46,13,0,0,3.4,12,NA,6.5,2.3,0,4.1,0,3.9,12,0,1.8,0,NA,NA,0,NA,NA
338,139,T.Wease,00-0040311,WR,MIA,45.9,3,0,0,NA,NA,NA,NA,NA,NA,NA,NA,NA,NA,NA,NA,NA,NA,NA,5.2,23.3,17.4
339,140,I.Hodgins,00-0036165,WR,NYG,45.5,6,0,0,NA,NA,NA,NA,NA,NA,NA,NA,NA,NA,20.2,22.2,0.9,NA,0.9,NA,1.3,0
340,52,J.Johnson,00-0026300,QB,WAS,45.38,3,0,0,NA,NA,NA,NA,NA,NA,NA,NA,NA,NA,NA,NA,NA,NA,NA,2.2199999999999998,18.92,24.240000000000002
341,1,B.Melton,00-0037091,CB,GB,45.2,13,0,13,0,NA,NA,0,NA,0.30000000000000004,0,0,NA,4.800000000000001,2.2,NA,2,21.5,0,0,14.4,0
342,141,A.Thielen,00-0030035,WR,PIT,45.1,14,0,0,2,4.6,0,3.1,NA,NA,2,0,NA,2.6,1.6,0,NA,0.9,1.2000000000000002,8.4,2.4000000000000004,16.3
343,75,J.Mundt,00-0033246,TE,JAX,43.6,12,0,0,0,NA,2.2,0,2.2,4.4,3.9,NA,0,15.1,7,4.2,NA,NA,NA,NA,0,4.6
344,74,T.Benson,00-0039921,RB,ARI,41.9,4,0,0,18.5,6.9,7.6000000000000005,8.9,NA,NA,NA,NA,NA,NA,NA,NA,NA,NA,NA,NA,NA,NA
345,142,M.Tinsley,00-0038839,WR,CIN,40.6,8,0,0,NA,8.3,0,1.4,NA,NA,NA,NA,13.7,NA,NA,10.9,3.7,NA,2.6,0,NA,NA
346,143,C.Samuel,00-0033282,WR,BUF,40.1,6,0,0,NA,NA,NA,1.9,20.6,NA,NA,0,1.1,13.1,3.4000000000000004,NA,NA,NA,NA,NA,NA,NA
347,144,K.Austin,00-0037231,WR,NO,40,5,0,0,NA,NA,0,NA,NA,NA,NA,NA,NA,NA,NA,NA,NA,NA,5.800000000000001,3.3,24.2,6.7
348,53,M.Trubisky,00-0033869,QB,BUF,39.12,4,0,1,NA,0.98,NA,NA,NA,NA,NA,0.88,NA,0.4,NA,NA,NA,NA,NA,NA,NA,36.86
349,75,M.Sanders,00-0035243,RB,DAL,37.7,4,0,0,16.5,9.4,7.800000000000001,4,NA,NA,NA,NA,NA,NA,NA,NA,NA,NA,NA,NA,NA,NA
350,145,C.White,00-0035891,WR,SEA,37.5,8,0,0,0,NA,NA,NA,NA,NA,NA,NA,23,0,0,0,13.1,1.4,NA,0,NA,NA
351,76,J.FitzPatrick,00-0037306,TE,GB,37.199999999999996,11,0,0,1.7,0,11.7,NA,NA,NA,2.1,1.9,NA,NA,3.5,4.1,0,4.4,7.8,0,NA,NA
352,77,T.Conner,00-0037348,TE,MIA,37.1,8,0,0,6.5,NA,4.3,0,4.6,2.3,15.8,3.6,0,NA,NA,NA,NA,NA,NA,NA,NA,NA
353,146,B.Skowronek,00-0036862,WR,PIT,36.9,16,0,0,19.2,0,0,0,NA,0,0,2.3,0,0,0,13.1,0,2.3,0,0,NA,0
354,147,Ji.Horn,00-0040218,WR,CAR,36.699999999999996,10,0,0,NA,NA,NA,NA,4.6,16.7,2,0.9,1.8,NA,NA,2.1,NA,NA,1.2000000000000002,3,1.9,2.5
355,76,H.Luepke,00-0038738,RB,DAL,36.5,14,0,0,NA,0,NA,0.6000000000000001,2,8.2,0.8,0.7,0,NA,7.1,1.2000000000000002,NA,0,5,2.4000000000000004,5.4,3.1
355,148,E.Chism,00-0040563,WR,NE,36.5,8,0,0,NA,NA,NA,NA,NA,0,0,NA,0,0,0,NA,0,NA,NA,NA,22,14.5
357,77,K.Miller,00-0038551,RB,NO,35.8,7,0,0,2.9000000000000004,1.5,4.6,15,5.9,5.2,0.7000000000000001,NA,NA,NA,NA,NA,NA,NA,NA,NA,NA,NA
358,149,J.Walker,00-0040277,WR,CHI,35.7,6,0,0,NA,NA,NA,0,NA,NA,NA,0,0,NA,NA,NA,NA,NA,NA,10.1,4.5,21.1
359,150,S.Moore,00-0038090,WR,SF,35.3,17,0,0,0,0,2,0,0.1,0,2.5,0,13.1,2.8,0,0,0,NA,0,13.3,1.5,0
360,78,J.Ford,00-0037267,RB,CLE,35.1,13,0,0,1,8.4,3,0.8,6.3,6.5,2.5,0.4,NA,0.1,0.2,-0.30000000000000004,3.7,2.5,NA,NA,NA,NA
361,78,C.Stover,00-0039359,TE,HOU,34.9,6,0,0,9.7,NA,NA,NA,NA,NA,NA,NA,NA,NA,NA,0,9.4,NA,8.2,5.2,NA,2.4
362,79,J.Conner,00-0033553,RB,ARI,34.800000000000004,3,0,0,13.9,13.700000000000001,7.2,NA,NA,NA,NA,NA,NA,NA,NA,NA,NA,NA,NA,NA,NA,NA
363,151,S.Williams,00-0040009,WR,GB,34.5,12,0,0,0.6,2.9000000000000004,-0.1,3.8000000000000003,NA,0.30000000000000004,0,7.9,2.7,1.2,14.3,0,NA,NA,NA,0.9,NA,NA
364,80,J.McLaughlin,00-0038794,RB,DEN,34.4,8,0,0,NA,NA,NA,NA,NA,0,NA,NA,NA,NA,8.9,NA,4,4.6,0.4,4.2,4.5,7.800000000000001
365,81,A.Abdullah,00-0032104,RB,IND,33.9,13,0,0,NA,NA,NA,NA,7.1,2.6,3.7,1.3,1,1.3,NA,0,0,2.4,8.2,1.4,0.9,4
366,79,W.Dissly,00-0034159,TE,LAC,33.7,8,0,0,4.8,2.2,NA,NA,NA,6.3,0,NA,NA,NA,NA,NA,NA,1.6,NA,10.3,6.4,2.1
367,80,G.Calcaterra,00-0037086,TE,PHI,33.1,9,0,0,NA,2.1,0,4.6,6.3,NA,NA,NA,NA,0,NA,2.3,NA,NA,3.4,NA,1.8,12.6
368,152,H.Renfrow,00-0034983,WR,CAR,32.4,6,0,0,3.1,22.3,1.6,2.5,1.2000000000000002,1.7000000000000002,NA,NA,NA,NA,NA,NA,NA,NA,NA,NA,NA,NA
369,153,M.Corley,00-0039920,WR,CLE,31.6,12,0,0,NA,NA,NA,NA,1.6,NA,3.2,3.6,NA,4.2,1.9,0.7,0.9,0.2,2,7.1,0.9,5.3
370,82,R.Ali,00-0039796,RB,BAL,31.2,15,0,0,0.5,0,0,0,0,0,NA,0,0,NA,2.5,NA,2.2,2.3,20.7,1.2,1.8,0
371,83,T.Badie,00-0037085,RB,DEN,30.900000000000002,16,0,0,2.6,3.7,0,2.1,2.6,NA,3.9000000000000004,0.6000000000000001,2.1,0,0.5,NA,3.8,3.1,0.6,0.7,0,4.6
372,84,C.Brooks,00-0038685,RB,GB,30.2,17,0,0,0.8,4.2,0,0.6,NA,0.1,0,0,4.4,0,0.8,4.1,1.9,1.1,2.1,0.4,2.1,7.6000000000000005
373,81,J.Whyle,00-0038589,TE,GB,30.099999999999998,6,0,0,NA,NA,NA,NA,NA,NA,NA,NA,NA,NA,9.2,1.6,0,15.1,NA,NA,2.3,1.9
374,85,R.Mostert,00-0031687,RB,LV,28.900000000000002,12,0,0,NA,NA,NA,9.8,2.7,-0.4,0.7,NA,2.4000000000000004,2.5,3.3000000000000003,4.5,0.6000000000000001,0.7,0.7,1.4000000000000001,NA,NA
375,86,J.Patterson,00-0036755,RB,LAC,28.2,6,0,0,NA,NA,NA,NA,NA,NA,NA,4,4.9,0.1,NA,NA,12.9,NA,NA,NA,0.1,6.2
376,154,M.Valdes-Scantling,00-0034272,WR,PIT,28,9,0,0,NA,0,1.4,NA,1.4,3.7,NA,NA,NA,NA,NA,NA,NA,0,8.9,1.6,4.1,6.9
377,155,K.Johnson,00-0039589,WR,TB,27.7,17,0,0,0,0,0,0,0.2,25.9,0,0,NA,1.6,0,0,0,0,0,0,0,0
378,82,Q.Morris,00-0036590,TE,JAX,26.5,11,0,0,NA,0,NA,0,0,NA,NA,NA,NA,NA,4.1,0,4.4,0,6.5,2,0,9.5
379,54,M.Rudolph,00-0034771,QB,PIT,26,5,0,0,NA,0.48,NA,NA,NA,0,NA,NA,NA,NA,10.98,14.54,0,NA,NA,NA,NA,NA
380,87,T.Williams,00-0035291,RB,CLE,25.6,6,0,0,NA,NA,NA,NA,NA,NA,NA,NA,NA,0,0.4,NA,NA,NA,2.2,19,1.5,2.5
381,156,C.Washington,00-0039394,WR,ATL,25.400000000000002,5,0,0,6.300000000000001,NA,NA,2.9000000000000004,NA,0,2.7,13.5,NA,NA,NA,NA,NA,NA,NA,NA,NA,NA
382,157,S.Jackson,00-0038891,WR,LV,24.9,3,0,0,NA,NA,NA,NA,NA,NA,NA,NA,NA,NA,NA,NA,NA,19.5,NA,NA,3,2.4000000000000004
383,158,M.Bandy,00-0036959,WR,DEN,24.5,4,0,0,NA,NA,NA,NA,NA,NA,NA,NA,2.6,0,NA,NA,NA,NA,19,NA,2.9000000000000004,NA
384,83,N.Adkins,00-0038783,TE,DEN,24.3,6,0,0,NA,NA,NA,5,0,12.8,6.5,0,NA,NA,NA,NA,NA,NA,NA,0,NA,NA
385,88,J.Blue,00-0040586,RB,DAL,23.900000000000002,5,0,0,NA,NA,NA,NA,0.7000000000000001,0,5.4,3.4000000000000004,NA,NA,NA,NA,NA,NA,NA,NA,NA,14.4
386,159,K.Mumpfield,00-0040590,WR,LA,23.7,10,0,0,NA,NA,NA,NA,NA,1.7000000000000002,7.5,NA,NA,0,NA,4.5,0,1,0,7,2,0
387,160,M.Heath,00-0038465,WR,GB,23.6,7,0,0,NA,14.7,0,1.4,NA,NA,0,5.4,2.1,NA,NA,NA,0,NA,NA,NA,NA,NA
388,84,A.Firkser,00-0033455,TE,DET,23.3,5,0,0,NA,NA,NA,NA,NA,NA,NA,NA,NA,NA,NA,NA,1.9,3.7,NA,14.5,0,3.2
389,89,D.Ogunbowale,00-0033854,RB,HOU,23.1,14,0,0,4.1,0,0,NA,0,NA,0,2.2,0.7,NA,1.4,0,0,7,5.9,0.39999999999999997,NA,1.4000000000000001
390,2,A.Ingold,00-0035125,FB,MIA,22.6,9,0,9,0.6,3.3,NA,NA,0,13.5,NA,0.5,NA,1.1,NA,NA,NA,NA,0.9,1.9,NA,0.8
390,85,J.Stoll,00-0036741,TE,NO,22.6,9,0,0,0,NA,12.6,2.2,NA,NA,0,0,NA,NA,NA,2.2,NA,0,2.2,3.4,NA,NA
392,90,A.Beck,00-0034959,RB,NYJ,22.5,11,0,0,NA,NA,0,NA,7.1,1.1,0,1.4,NA,0,NA,2,0,2.7,1,NA,NA,7.2
392,161,A.Smith,00-0040582,WR,NYJ,22.5,13,0,0,0,0.8,1.7,NA,2.4000000000000004,0,0.5,13.3,NA,1.8,NA,0.8,NA,NA,0,0,1,0.2
394,162,R.McCloud,00-0034407,WR,NYG,22.400000000000002,6,0,0,18.1,0,3.5,-0.20000000000000007,NA,NA,NA,NA,1,0,NA,NA,NA,NA,NA,NA,NA,NA
395,163,N.Brown,00-0033591,WR,WAS,22.3,4,0,0,4.2,1.4,NA,NA,NA,NA,NA,NA,NA,NA,NA,NA,NA,2.9000000000000004,13.8,NA,NA,NA
395,91,L.Allen,00-0040238,RB,JAX,22.3,16,0,0,2.1,1.8,1.4,1.2000000000000002,0,1.7,0.9,NA,2.1,1.1,4.6,0.2,0,1.8,2.1,1,0.30000000000000004,NA
395,91,R.Sanders,00-0040466,RB,CLE,22.3,4,0,0,7.3,NA,NA,NA,NA,NA,NA,NA,NA,NA,NA,NA,NA,NA,NA,7.1000000000000005,3.6,4.300000000000001
398,55,C.Rush,00-0033662,QB,BAL,22.22,4,0,0,NA,-0.4,NA,2.08,17.16,3.38,NA,NA,NA,NA,NA,NA,NA,NA,NA,NA,NA,NA
399,93,A.Gibson,00-0036328,RB,NE,21.2,5,0,0,0.30000000000000004,3.8000000000000003,3.8000000000000003,9.7,3.6,NA,NA,NA,NA,NA,NA,NA,NA,NA,NA,NA,NA,NA
399,164,X.Weaver,00-0039521,WR,ARI,21.2,7,0,0,NA,NA,NA,0,NA,NA,0,NA,NA,NA,2.5,1.4,0,NA,NA,3.4000000000000004,13.9,NA
401,165,R.Miller,00-0038824,WR,TB,20.9,9,0,0,0,19,0,NA,NA,0,1.9000000000000001,NA,NA,0,0,NA,0,0,NA,NA,NA,NA
402,166,J.Proche,00-0036133,WR,TEN,20.5,6,0,0,NA,NA,NA,NA,NA,NA,NA,NA,NA,NA,NA,16.7,1.8,0,0,NA,1,1
403,86,S.Smartt,00-0037475,TE,NYJ,20.2,6,0,0,NA,NA,NA,NA,NA,0,NA,NA,NA,0,NA,NA,NA,0,0,12.4,7.8,NA
404,56,T.Lance,00-0037012,QB,LAC,20.04,4,0,0,NA,NA,NA,NA,2.8600000000000003,NA,NA,NA,NA,NA,2.08,NA,0.76,NA,NA,NA,NA,14.34
405,167,A.Lazard,00-0034521,WR,NYJ,20,9,0,0,NA,NA,8.8,1.3,0.8,NA,3.1,1,NA,NA,NA,1.9,2,0,1.1,NA,NA,NA
406,87,C.Woerner,00-0036429,TE,ATL,19.8,7,0,0,NA,NA,1,NA,NA,NA,0,NA,NA,4.4,NA,8.4,NA,NA,4.2,1.8,0,NA
407,168,D.Eskridge,00-0036620,WR,MIA,19.7,11,0,0,1.9,1.3,0,NA,0,0,16.5,0,0,NA,NA,NA,NA,0,0,0,NA,NA
408,169,J.Reynolds,00-0033943,WR,NYJ,19.6,5,0,0,2.8,NA,NA,0,6.9,5,4.9,NA,NA,NA,NA,NA,NA,NA,NA,NA,NA,NA
409,88,D.Martin-Robinson,00-0039648,TE,TEN,19.5,11,0,0,0,NA,NA,NA,NA,9.1,NA,0,0,NA,0,NA,0,3.6,0,0,3.9,2.9000000000000004
410,89,F.Moreau,00-0034981,TE,NO,19.4,7,0,0,NA,NA,NA,NA,NA,2.4,NA,0,NA,6.1,NA,0,4.3,4.6,NA,2,NA,NA
411,90,K.Granson,00-0036876,TE,PHI,19,12,0,0,1.6,3.5,0,0,0,NA,NA,NA,NA,0,3.4,NA,NA,0,0,0,0,10.5
412,57,J.Milton,00-0039398,QB,DAL,18.82,4,0,0,NA,NA,1.6400000000000001,NA,NA,NA,NA,8.32,NA,NA,NA,NA,NA,NA,NA,1.1400000000000001,NA,7.72
413,94,G.Holani,00-0039299,RB,SEA,18.8,10,0,0,0,0,6.7,0,0,0,0,NA,0.9,10.6,0.6000000000000001,NA,NA,NA,NA,NA,NA,NA
413,94,B.Allen,00-0039794,RB,NYJ,18.8,4,0,0,7.4,1.1,6.7,3.6,NA,NA,NA,NA,NA,NA,NA,NA,NA,NA,NA,NA,NA,NA
415,96,T.Jennings,00-0039757,RB,NE,18.7,6,0,0,NA,NA,NA,NA,NA,NA,2.3,2,13.4,1,NA,0,0,NA,NA,NA,NA,NA
416,170,N.Westbrook-Ikhine,00-0036182,WR,MIA,18.4,13,0,0,1.7000000000000002,3.8,0,0.6,NA,0,3.6,2.8,4.2,1.7000000000000002,NA,NA,0,0,0,NA,NA,0
417,58,T.McKee,00-0038400,QB,PHI,18.26,4,0,0,NA,NA,NA,NA,NA,NA,NA,-0.2,NA,NA,NA,NA,NA,NA,2.72,-0.2,NA,15.940000000000001
418,171,J.Brooks,00-0038640,WR,ARI,18.1,5,0,0,NA,NA,NA,NA,0,NA,NA,NA,NA,NA,NA,NA,NA,15.2,2.9000000000000004,0,NA,0
419,59,A.Dalton,00-0027973,QB,CAR,18.02,4,0,0,NA,NA,-0.1,8.32,NA,NA,2.1999999999999997,7.6,NA,NA,NA,NA,NA,NA,NA,NA,NA,NA
420,97,W.Shipley,00-0039746,RB,PHI,18,14,0,0,3.6,NA,NA,0,0.9,0,1.2000000000000002,0.7,NA,5.4,NA,0,1.6,0.8,0,0.8,0.2,2.8
421,172,M.Tipton,00-0039623,WR,NO,17.900000000000002,8,0,0,NA,NA,NA,NA,NA,0,0,0,NA,NA,NA,5.800000000000001,3.9,0,0.6,7.6000000000000005,NA,NA
422,60,K.Pickett,00-0038102,QB,LV,17.72,6,0,0,NA,NA,NA,NA,NA,NA,0.8200000000000001,NA,NA,0,NA,NA,NA,10.979999999999999,3.7600000000000002,NA,0.64,1.52
423,98,A.Prentice,00-0036727,RB,DEN,17.700000000000003,13,0,0,0.9,NA,NA,0.9,1.3,0.30000000000000004,0,NA,0.7,2.3,1.9000000000000001,NA,2.9000000000000004,5.800000000000001,-0.1,NA,0.8,0
424,91,A.Ogletree,00-0037292,TE,IND,17.7,11,0,0,0,0,NA,0,NA,NA,0,0,0,0,NA,11.3,2.3,0,NA,4.1,NA,NA
425,61,C.Oladokun,00-0037324,QB,KC,17.2,3,0,0,NA,NA,NA,NA,NA,NA,NA,NA,NA,NA,NA,NA,NA,NA,NA,5.140000000000001,9.74,2.32
426,173,M.Kinsey,00-0036176,WR,TEN,16.8,6,0,0,NA,NA,NA,NA,NA,NA,0,NA,0,NA,2.4000000000000004,0,NA,NA,NA,NA,14.4,0
426,173,D.Young,00-0037093,WR,SEA,16.8,8,0,0,NA,0,2.2,0,14.6,0,0,NA,NA,NA,NA,NA,NA,NA,NA,0,0,NA
428,175,D.Cooper,00-0040024,WR,PHI,16.700000000000003,6,0,0,NA,NA,NA,NA,NA,NA,NA,NA,NA,NA,0,1.7000000000000002,NA,2.9000000000000004,4.9,NA,0.9,6.300000000000001
429,176,T.Kennedy,00-0035544,WR,DET,16.6,6,0,0,NA,NA,NA,NA,NA,NA,NA,NA,NA,NA,NA,NA,16.6,0,0,0,0,0
430,3,C.Ham,00-0032918,FB,MIN,16.099999999999998,8,0,8,NA,NA,NA,NA,0,NA,1,NA,NA,0,0,NA,NA,NA,6.6,0.30000000000000004,0,8.2
431,99,T.Etienne,00-0040644,RB,CAR,15.700000000000001,17,0,0,0.4,0.7,0,3.8000000000000003,4.4,3.2,0,2.1,0,0,0.2,0,0.9,NA,0,0,0,0
432,92,J.Deguara,00-0036332,TE,ARI,15.6,7,0,0,NA,0,NA,NA,NA,NA,NA,NA,NA,NA,0,2.1,NA,0,NA,0,0,13.5
433,93,B.Bates,00-0039458,TE,CLE,15.3,5,0,0,NA,NA,NA,NA,8.3,NA,NA,NA,NA,NA,NA,NA,NA,NA,0,0,4.9,2.1
434,177,K.Lambert-Smith,00-0040184,WR,LAC,15.1,10,0,0,0,0,NA,0,0,0.6,NA,NA,0,NA,NA,NA,NA,NA,8.6,2,0,3.9000000000000004
435,4,R.Gilliam,00-0036187,FB,BUF,14.799999999999999,11,0,11,NA,0,NA,NA,0,NA,NA,0,0,NA,0,0.7,0,0,0,NA,0,14.1
436,62,M.Brosmer,00-0040494,QB,MIN,14.72,7,0,0,NA,NA,1.16,NA,-0.1,NA,NA,0.52,NA,NA,NA,NA,4.94,NA,NA,1.78,4.140000000000001,2.2800000000000002
437,178,N.Remigio,00-0038519,WR,KC,14.7,14,0,0,0,13.1,1.6,0,0,0,0,0,0,NA,0,0,0,NA,0,0,NA,NA
438,94,E.Saubert,00-0033576,TE,SEA,14.1,9,0,0,0,0,4.2,0,NA,0,NA,NA,NA,NA,NA,NA,NA,NA,2.4,2,0,5.5
438,179,D.Duvernay,00-0036331,WR,CHI,14.1,17,0,0,0,0,0,0,NA,0,0,0.7,0,0,0,0,0,13.4,0,0,0,0
438,94,A.Okwuegbunam,00-0036423,TE,LV,14.1,1,0,0,NA,NA,NA,NA,14.1,NA,NA,NA,NA,NA,NA,NA,NA,NA,NA,NA,NA,NA
441,180,T.Wallace,00-0036630,WR,BAL,14,11,0,0,0,10.5,0,2.4000000000000004,NA,0,NA,1.1,0,0,0,0,NA,NA,0,NA,NA,NA
441,96,K.Latu,00-0040363,TE,BUF,14,3,0,0,NA,NA,NA,NA,NA,NA,NA,NA,NA,NA,1.9,NA,NA,NA,NA,NA,0,12.1
443,63,S.Buechele,00-0036679,QB,KC,13.92,1,0,0,NA,NA,NA,NA,NA,NA,NA,NA,NA,NA,NA,NA,NA,NA,NA,NA,NA,13.92
444,181,J.Mingo,00-0039062,WR,DAL,13.5,5,0,0,NA,NA,NA,NA,NA,NA,NA,NA,NA,NA,NA,NA,NA,0,13.5,0,0,0
444,181,Ja.Jones,00-0040317,WR,WAS,13.5,1,0,0,NA,NA,NA,NA,NA,NA,NA,NA,NA,NA,13.5,NA,NA,NA,NA,NA,NA,NA
446,100,A.Ekeler,00-0033699,RB,WAS,13.1,2,0,0,8.7,4.4,NA,NA,NA,NA,NA,NA,NA,NA,NA,NA,NA,NA,NA,NA,NA,NA
446,1,C.Ford,00-0035238,G,CIN,13.1,1,0,1,NA,NA,NA,NA,NA,NA,NA,NA,NA,NA,NA,NA,NA,NA,NA,NA,13.1,NA
448,183,S.Miller,00-0035298,WR,PIT,12.7,5,0,0,NA,NA,NA,0,NA,NA,1.4,NA,NA,NA,NA,NA,NA,NA,NA,4.4,5,1.9
449,184,G.Larvadain,00-0040259,WR,CLE,12.4,13,0,0,NA,NA,NA,NA,0,3.2,0,0.30000000000000004,NA,0,0,0,4.300000000000001,3.3,1.3,0,0,0
450,101,N.Harris,00-0036893,RB,LAC,12.100000000000001,3,0,0,1.5,7.300000000000001,3.3000000000000003,NA,NA,NA,NA,NA,NA,NA,NA,NA,NA,NA,NA,NA,NA,NA
450,101,D.Giddens,00-0040179,RB,IND,12.100000000000001,5,0,0,5.1000000000000005,0,0.30000000000000004,NA,2.7,NA,NA,NA,NA,NA,NA,NA,NA,NA,NA,NA,NA,4
452,103,A.Dillon,00-0036265,RB,PHI,11.600000000000001,6,0,0,1.5,2.4000000000000004,NA,2.2,1.7000000000000002,3,NA,NA,NA,NA,NA,NA,NA,NA,NA,NA,NA,0.8
453,104,P.Mafah,00-0040021,RB,DAL,11.4,1,0,0,NA,NA,NA,NA,NA,NA,NA,NA,NA,NA,NA,NA,NA,NA,NA,NA,NA,11.4
454,105,C.Kiner,00-0040556,RB,ARI,10.8,4,0,0,NA,NA,NA,NA,NA,NA,NA,NA,NA,NA,NA,NA,NA,NA,1.6,4.2,0.2,4.8
455,106,B.Brown,00-0037329,RB,CHI,10.7,2,0,0,NA,NA,NA,NA,NA,NA,NA,NA,10.7,NA,NA,NA,NA,NA,0,NA,NA,NA
456,97,B.Sims,00-0038809,TE,MIN,10.5,3,0,0,NA,NA,NA,NA,NA,NA,NA,NA,NA,NA,NA,NA,NA,3.9,NA,NA,1.8,4.8
457,98,J.Mitchell,00-0037282,TE,CAR,10.3,2,0,0,NA,NA,NA,6.2,4.1,NA,NA,NA,NA,NA,NA,NA,NA,NA,NA,NA,NA,NA
457,107,B.Brooks,00-0039603,RB,HOU,10.3,8,0,0,NA,NA,NA,NA,2.5,NA,NA,0,0,NA,NA,0,NA,0,0,0,NA,7.800000000000001
459,99,D.Smythe,00-0034798,TE,CHI,10,7,0,0,NA,NA,NA,NA,NA,NA,NA,NA,0,NA,2.3,1.9,NA,1.7,0,NA,4.1,0
459,108,H.Haskins,00-0037617,RB,LAC,10,11,0,0,0,0,0,0,2,3.8000000000000003,1.5,NA,NA,NA,NA,NA,NA,0,NA,1.9000000000000001,0,0.8
461,185,R.Bell,00-0038647,WR,NO,9.8,2,0,0,NA,NA,NA,NA,NA,NA,NA,NA,NA,NA,NA,NA,NA,NA,NA,NA,0,9.8
461,109,K.Johnson,00-0040142,RB,PIT,9.8,10,0,0,-0.2,0.1,NA,2.7,NA,2,NA,NA,1.8,0.30000000000000004,2,NA,0.30000000000000004,0.4,0.4,NA,NA,NA
463,1,S.Matlock,00-0038614,DT,LAC,9.7,4,0,4,NA,NA,NA,0.6,NA,NA,NA,NA,7.2,NA,NA,NA,NA,0,1.9,NA,NA,NA
464,110,C.Akers,00-0036414,RB,SEA,9.68,4,0,0,NA,NA,2.4000000000000004,NA,7.28,NA,NA,NA,NA,NA,NA,NA,NA,NA,NA,NA,0,0
465,100,D.Culp,00-0039754,TE,TB,9.6,4,0,0,NA,NA,NA,0,NA,0,NA,NA,NA,NA,NA,NA,0,NA,9.6,NA,NA,NA
466,186,R.Chosen,00-0032688,WR,WAS,8.8,3,0,0,NA,NA,NA,NA,NA,NA,6.1,NA,NA,2.7,0,NA,NA,NA,NA,NA,NA,NA
467,187,D.Drummond,00-0038953,WR,ATL,8.7,6,0,0,NA,NA,NA,NA,NA,NA,NA,NA,NA,NA,NA,3.3,1.3,4.1,0,NA,0,0
468,188,C.Wilson,00-0034418,WR,MIA,8.4,6,0,0,NA,NA,NA,NA,NA,NA,NA,0.7,1.7000000000000002,NA,NA,NA,2.6,NA,NA,2.1,1.3,0
469,111,T.Chandler,00-0037276,RB,MIN,8.3,3,0,0,0,NA,NA,NA,NA,NA,NA,NA,NA,NA,NA,NA,NA,NA,NA,NA,2.9000000000000004,5.4
470,189,B.Berrios,00-0034419,WR,HOU,8.200000000000001,4,0,0,NA,NA,NA,NA,NA,NA,0.4,7.800000000000001,0,0,NA,NA,NA,NA,NA,NA,NA,NA
471,112,Z.White,00-0038040,RB,LV,8.1,5,0,0,0.8,2.3,2.8000000000000003,NA,NA,NA,NA,NA,NA,NA,NA,NA,NA,NA,NA,NA,0.2,2
472,101,S.Zylstra,00-0036534,TE,DET,8,1,0,0,NA,NA,NA,NA,NA,NA,NA,NA,NA,NA,NA,NA,NA,NA,NA,8,NA,NA
473,113,E.Hull,00-0038397,RB,NO,7.9,6,0,0,NA,NA,NA,NA,NA,NA,NA,NA,NA,NA,NA,NA,2.5,1.5,2.2,0.30000000000000004,0.30000000000000004,1.1
474,102,C.Yankoff,00-0039686,TE,WAS,7.800000000000001,10,0,0,0,NA,0,0,0,0,0,NA,NA,NA,3.4,NA,4.4,0,0,NA,NA,NA
475,103,T.Reiman,00-0039737,TE,ARI,7.8,3,0,0,4,NA,3.8,NA,0,NA,NA,NA,NA,NA,NA,NA,NA,NA,NA,NA,NA,NA
476,114,N.Carter,00-0040547,RB,ATL,7.500000000000001,2,0,0,NA,NA,5.6000000000000005,NA,NA,NA,NA,1.9000000000000001,NA,NA,NA,NA,NA,NA,NA,NA,NA,NA
477,1,T.Wirfs,00-0036406,OT,TB,7.2,4,0,4,NA,NA,NA,NA,NA,0,0,0,NA,NA,NA,NA,7.2,NA,NA,NA,NA,NA
478,190,A.Trammell,00-0036841,WR,JAX,7.1000000000000005,6,0,0,NA,NA,NA,NA,NA,NA,NA,NA,0,4.800000000000001,2.3,0,0,0,NA,NA,NA,NA
478,115,K.Herbert,00-0036906,RB,NYJ,7.1000000000000005,5,0,0,NA,NA,NA,NA,0,NA,NA,NA,NA,NA,NA,NA,NA,0,0.5,NA,0.5,6.1000000000000005
480,2,J.Simmons,00-0035643,DT,TEN,7.1,15,0,15,0,0,0,0,0,0,0,NA,NA,NA,0,0,0,0,7.1,0,0,0
480,191,X.Restrepo,00-0040522,WR,TEN,7.1,2,0,0,NA,NA,NA,NA,NA,NA,NA,NA,NA,NA,NA,4.6,2.5,NA,NA,NA,NA,NA
482,192,J.Hyatt,00-0038938,WR,NYG,7,6,0,0,NA,NA,NA,NA,0,3.7,0,NA,0,NA,3.3,NA,NA,NA,0,NA,NA,NA
483,104,T.Fisk,00-0037654,TE,LAC,6.4,4,0,0,NA,NA,0,0,NA,NA,NA,NA,4.2,2.2,NA,NA,NA,NA,NA,NA,NA,NA
483,116,T.Brooks,00-0040208,RB,CIN,6.4,12,0,0,0,0,1.7000000000000002,0,NA,NA,0,0,0.1,NA,0.5,0.5,NA,NA,0,0.7000000000000001,2.9,NA
485,105,Z.Mitchell-Paden,00-0037340,TE,NO,6.2,3,0,0,NA,0,NA,NA,1.8,NA,NA,NA,NA,4.4,NA,NA,NA,NA,NA,NA,NA,NA
486,117,R.Rivers,00-0037557,RB,LA,6.1000000000000005,6,0,0,NA,NA,NA,NA,NA,NA,NA,NA,NA,NA,NA,NA,0,5.1000000000000005,0,0,1,0
487,118,J.Chestnut,00-0037594,RB,TEN,6,16,0,0,0.2,NA,3.1,0,0.8,0,0,0.5,0,NA,0,0.8,0,0,0,0.6,0,0
488,106,B.Yurosek,00-0040509,TE,MIN,5.9,6,0,0,NA,0,0,NA,NA,NA,NA,2,0,0,NA,NA,NA,NA,NA,NA,NA,3.9
489,119,K.Nwangwu,00-0036842,RB,NYJ,5.8999999999999995,10,0,0,0,NA,NA,NA,NA,0,0,NA,NA,0,0,0,NA,0,NA,0,4.1,1.8
490,193,T.Washington,00-0039884,WR,MIA,5.699999999999999,2,0,0,NA,NA,NA,NA,NA,NA,NA,NA,1.6,NA,NA,NA,NA,NA,NA,NA,NA,4.1
491,194,K.Hodge,00-0034854,WR,ATL,5.6,8,0,0,0,NA,NA,NA,NA,0,0,5.6,0,0,0,NA,NA,NA,0,NA,NA,NA
491,107,S.Cannella,00-0037015,TE,CLE,5.6,2,0,0,NA,NA,NA,NA,NA,NA,NA,NA,NA,NA,NA,NA,NA,NA,NA,NA,5.6,0
493,195,D.Thompkins,00-0037487,WR,ATL,5.200000000000001,7,0,0,NA,NA,NA,NA,NA,0,NA,NA,NA,NA,NA,NA,4.300000000000001,0.9,0,0,0,0
494,108,H.Bryant,00-0036232,TE,HOU,5.2,5,0,0,NA,0,NA,NA,3.5,NA,0,0,1.7,NA,NA,NA,NA,NA,NA,NA,NA,NA
495,196,J.Watson,00-0034386,WR,HOU,5,3,0,0,4.2,0.8,NA,NA,NA,NA,NA,NA,NA,NA,NA,NA,NA,NA,NA,NA,NA,0
495,196,T.Felton,00-0040154,WR,MIN,5,12,0,0,0,NA,1.4,0,0,NA,0,NA,0,NA,0,0,0,2,NA,1.6,NA,0
497,64,C.Tune,00-0038582,QB,GB,4.98,2,0,0,NA,NA,NA,NA,NA,NA,NA,NA,NA,NA,NA,NA,NA,NA,NA,NA,0.32,4.66
498,65,A.O'Connell,00-0038579,QB,LV,4.78,1,0,0,NA,NA,NA,NA,NA,NA,NA,NA,NA,NA,NA,NA,NA,NA,NA,NA,NA,4.78
499,120,D.Laube,00-0039407,RB,LV,4.7,17,0,0,0,3.2,0.2,0,0,0,0.9,NA,0,0,0,0,0,0,0.4,0,0,0
500,109,W.Mallory,00-0038394,TE,IND,4.6,1,0,0,NA,NA,NA,NA,NA,NA,NA,NA,NA,NA,NA,NA,NA,NA,NA,NA,4.6,NA
501,110,L.Krull,00-0037539,TE,DEN,4.5,2,0,0,2.1,NA,2.4,NA,NA,NA,NA,NA,NA,NA,NA,NA,NA,NA,NA,NA,NA,NA
502,121,T.Goodson,00-0037120,RB,IND,4.2,10,0,0,NA,NA,0.6000000000000001,0.5,NA,NA,NA,0.2,1.3,0.4,NA,0,0,NA,0,0.9,NA,0.30000000000000004
503,198,J.Watkins,00-0040172,WR,SF,4.1000000000000005,2,0,0,NA,NA,NA,NA,NA,NA,NA,1.2000000000000002,2.9000000000000004,NA,NA,NA,NA,NA,NA,NA,NA,NA
504,199,T.Sherfield,00-0034487,WR,ARI,4.1,4,0,0,0.8,0.8,NA,NA,2.5,NA,NA,NA,NA,NA,NA,NA,NA,0,NA,NA,NA,NA
504,122,D.Pierce,00-0037258,RB,KC,4.1,5,0,0,0.5,NA,NA,NA,2.6,NA,NA,0,NA,0,NA,NA,NA,NA,NA,NA,NA,1
504,111,P.Durham,00-0039050,TE,TB,4.1,8,0,0,0,0,NA,0,0,NA,NA,NA,NA,0,NA,NA,4.1,0,NA,NA,NA,0
507,200,B.Covey,00-0037132,WR,PHI,4,6,0,0,NA,NA,NA,NA,NA,NA,NA,NA,NA,NA,NA,NA,0,0,0,0,0,4
507,112,M.Matavao,00-0040244,TE,NO,4,1,0,0,NA,NA,NA,NA,NA,NA,NA,NA,NA,NA,NA,NA,NA,NA,NA,NA,4,NA
507,200,Q.Skinner,00-0040406,WR,NYJ,4,1,0,0,NA,NA,NA,NA,NA,NA,NA,NA,NA,NA,NA,NA,NA,NA,NA,NA,NA,4
507,200,B.Collins,00-0040432,WR,NYG,4,4,0,0,NA,0,NA,NA,1.2000000000000002,NA,0,2.8,NA,NA,NA,NA,NA,NA,NA,NA,NA,NA
511,203,T.Martin,00-0037524,WR,WAS,3.8000000000000003,2,0,0,NA,NA,NA,2.4000000000000004,1.4,NA,NA,NA,NA,NA,NA,NA,NA,NA,NA,NA,NA,NA
512,113,R.Dwelley,00-0034073,TE,DET,3.7,4,0,0,NA,NA,NA,NA,NA,NA,NA,NA,NA,0,NA,0,1.8,1.9,NA,NA,NA,NA
512,123,C.Edwards-Helaire,00-0036360,RB,KC,3.7,2,0,0,NA,NA,NA,NA,NA,NA,NA,NA,0.5,NA,NA,3.2,NA,NA,NA,NA,NA,NA
512,123,V.Jones,00-0037745,RB,SEA,3.7,5,0,0,0,NA,0,0,0,NA,NA,NA,NA,NA,NA,NA,NA,3.7,NA,NA,NA,NA
512,113,C.Grandy,00-0039631,TE,CIN,3.7,2,0,0,NA,NA,2.1,NA,NA,NA,NA,NA,NA,NA,NA,NA,NA,NA,NA,1.6,NA,NA
516,204,J.Wayne,00-0038728,WR,HOU,3.5,1,0,0,NA,NA,NA,NA,NA,NA,NA,3.5,NA,NA,NA,NA,NA,NA,NA,NA,NA,NA
516,204,J.Bobo,00-0038752,WR,SEA,3.5,5,0,0,NA,NA,NA,2.7,0,NA,0.8,NA,NA,NA,NA,0,NA,NA,NA,NA,0,NA
518,115,F.Franks,00-0036825,TE,ATL,3.4,10,0,0,0,NA,NA,0,NA,1.7,NA,0,0,0,0,1.7,NA,0,NA,NA,NA,0
518,115,B.Whiteheart,00-0038710,TE,CLE,3.4,9,0,0,NA,NA,0,0,NA,1.5,1.9,NA,NA,0,NA,NA,0,0,NA,NA,0,0
518,115,J.Wiley,00-0039824,TE,KC,3.4,2,0,0,NA,NA,NA,NA,NA,NA,NA,NA,NA,NA,NA,NA,3.4,NA,NA,NA,NA,0
521,206,A.Bachman,00-0035602,WR,LV,3.2,11,0,0,0,NA,NA,NA,1.9,0,0,NA,0,0,NA,0,0,NA,NA,1.3,0,0
522,118,P.Brown,00-0033439,TE,ARI,3.1,5,0,0,NA,NA,NA,NA,NA,NA,NA,NA,NA,NA,0,0,NA,0,3.1,NA,NA,0
523,66,T.Bagent,00-0038416,QB,CHI,3.08,2,0,0,NA,2.2800000000000002,NA,NA,NA,NA,NA,NA,0.8,NA,NA,NA,NA,NA,NA,NA,NA,NA
524,67,T.Bridgewater,00-0031237,QB,TB,2.88,3,0,0,NA,NA,NA,NA,NA,NA,-0.1,NA,NA,NA,-0.1,3.08,NA,NA,NA,NA,NA,NA
524,67,B.Allen,00-0032434,QB,TEN,2.88,1,0,0,NA,NA,NA,NA,NA,NA,NA,NA,NA,NA,NA,NA,NA,NA,NA,NA,NA,2.88
526,207,D.Moore,00-0033589,WR,CAR,2.7,3,0,0,0,NA,1,1.7000000000000002,NA,NA,NA,NA,NA,NA,NA,NA,NA,NA,NA,NA,NA,NA
527,69,A.Richardson,00-0039164,QB,IND,2.6599999999999997,2,0,0,NA,NA,0.4,NA,2.26,NA,NA,NA,NA,NA,NA,NA,NA,NA,NA,NA,NA,NA
528,125,D.Dallas,00-0036425,RB,JAX,2.6,5,0,0,NA,NA,NA,NA,0,0,NA,NA,NA,NA,NA,NA,NA,NA,NA,0,2.6,0
529,208,D.Davis,00-0038573,WR,LAC,2.5000000000000004,11,0,0,0.30000000000000004,0,0.2,NA,NA,NA,0,0,0,0.8,0,NA,0,0,NA,NA,NA,1.2000000000000002
530,126,D.Johnson,00-0035628,RB,NE,2.5,5,0,0,NA,NA,NA,NA,NA,NA,0,NA,NA,0.1,0.6000000000000001,NA,NA,NA,NA,NA,0.5,1.3
530,209,T.Jones,00-0036497,WR,JAX,2.5,2,0,0,NA,NA,NA,NA,NA,NA,NA,NA,2.5,0,NA,NA,NA,NA,NA,NA,NA,NA
530,126,J.Wright,00-0040067,RB,SEA,2.5,1,0,0,NA,NA,2.5,NA,NA,NA,NA,NA,NA,NA,NA,NA,NA,NA,NA,NA,NA,NA
530,209,J.Keeney-James,00-0040388,WR,GB,2.5,1,0,0,NA,NA,NA,NA,NA,NA,NA,NA,NA,NA,NA,NA,NA,NA,NA,NA,NA,2.5
534,119,C.Manhertz,00-0031484,TE,NYG,2.2,4,0,0,NA,NA,2.2,0,NA,NA,NA,NA,NA,NA,NA,NA,NA,NA,NA,0,NA,0
534,128,R.Johnson,00-0039021,RB,CHI,2.2,6,0,0,NA,0,0,0,NA,0.6000000000000001,1.6,NA,NA,NA,0,NA,NA,NA,NA,NA,NA,NA
536,5,P.Ricard,00-0033376,FB,BAL,2.1,5,0,5,NA,NA,NA,NA,NA,NA,NA,NA,NA,0.8,0,NA,NA,0,NA,NA,0,1.3
537,70,J.Dobbs,00-0033949,QB,NE,2.0999999999999996,4,0,0,NA,NA,NA,-0.2,NA,NA,0.27999999999999997,NA,NA,NA,NA,NA,NA,NA,NA,NA,1.0999999999999999,0.92
538,211,K.Williams,00-0040534,WR,CIN,2,11,0,0,NA,NA,NA,NA,NA,0,0,0,0,0,0,0,0,NA,NA,0.1,1,0.9
539,120,J.Woods,00-0037755,TE,NYJ,1.9,2,0,0,NA,NA,NA,NA,NA,NA,NA,NA,NA,NA,NA,NA,NA,NA,NA,0,1.9,NA
540,212,A.Baccellia,00-0035876,WR,ARI,1.8,4,0,0,NA,NA,NA,NA,NA,NA,NA,NA,NA,NA,1,NA,0,0.8,0,NA,NA,NA
540,121,C.Runyon,00-0040488,TE,LV,1.8,3,0,0,NA,NA,NA,NA,NA,NA,1.8,NA,NA,NA,0,NA,NA,NA,NA,0,NA,NA
540,121,D.Dabney,00-0040628,TE,GB,1.8,1,0,0,NA,NA,NA,NA,NA,NA,NA,NA,NA,NA,NA,NA,NA,NA,NA,NA,NA,1.8
543,129,K.Mullings,00-0040205,RB,TEN,1.7000000000000002,4,0,0,NA,NA,NA,NA,NA,NA,NA,NA,NA,NA,NA,0,NA,NA,0.8,0,0.9,NA
544,71,G.Minshew,00-0035289,QB,KC,1.6799999999999997,4,0,0,NA,NA,NA,-0.30000000000000004,NA,NA,-0.30000000000000004,NA,NA,NA,NA,NA,NA,NA,0.88,1.4,NA,NA
545,123,R.Tonyan,00-0033757,TE,KC,1.6,2,0,0,NA,NA,NA,0,NA,NA,NA,NA,NA,NA,1.6,NA,NA,NA,NA,NA,NA,NA
545,213,X.Gipson,00-0038496,WR,PHI,1.6,6,0,0,0,NA,NA,NA,NA,NA,0,0.8,NA,0,0,0.8,NA,NA,NA,NA,NA,NA
545,130,J.Saylors,00-0038896,RB,DET,1.6,11,0,0,0,0,0,1.6,0,NA,0,NA,0,NA,0,0,NA,0,NA,0,NA,NA
545,213,A.Gould,00-0039816,WR,IND,1.6,11,0,0,0,0,0,0,0,0,0.8,0,NA,NA,NA,0,0,0.8,NA,NA,NA,NA
549,124,J.Westover,00-0039305,TE,NE,1.5,4,0,0,NA,NA,NA,NA,NA,NA,NA,NA,0,0,0,NA,NA,NA,NA,NA,NA,1.5
550,215,J.Royals,00-0040646,WR,KC,1.4,2,0,0,NA,NA,NA,0,NA,NA,NA,NA,NA,NA,NA,NA,NA,NA,NA,NA,NA,1.4
551,72,Z.Wilson,00-0037013,QB,MIA,1.3800000000000001,4,0,0,1.58,NA,NA,NA,NA,NA,NA,0,NA,NA,NA,NA,NA,-0.2,NA,NA,NA,0
552,216,B.Oliver,00-0039650,WR,TEN,1.3,2,0,0,1.3,0,NA,NA,NA,NA,NA,NA,NA,NA,NA,NA,NA,NA,NA,NA,NA,NA
552,1,M.Moore,00-0040165,SAF,NYJ,1.3,17,0,17,0,0,0,0,0,0,0,0,NA,0,0,0,0,0,0,0,1.3,0
554,1,M.Haack,00-0033400,P,ARI,1.12,7,0,7,NA,NA,NA,NA,NA,NA,NA,NA,NA,NA,NA,0,0,0,0,0,0,1.12
555,73,D.Lock,00-0035704,QB,SEA,1.1,3,0,0,NA,NA,0.5,NA,NA,NA,NA,NA,NA,0.09999999999999998,NA,NA,NA,0.5,NA,NA,NA,NA
555,1,B.Aubrey,00-0037692,K,DAL,1.1,17,0,17,0,0,0,0,0,0,0,0,0,NA,0,0,0,0,1.1,0,0,0
555,131,J.Williams,00-0040429,RB,TB,1.1,2,0,0,NA,NA,NA,NA,0,NA,NA,1.1,NA,NA,NA,NA,NA,NA,NA,NA,NA,NA
558,2,S.Anderson,00-0038645,G,PIT,0.9,4,0,4,NA,NA,NA,NA,NA,0,NA,0.9,NA,0,NA,NA,NA,NA,NA,0,NA,NA
558,74,J.Milroe,00-0040673,QB,SEA,0.9,3,0,0,0.1,NA,0.30000000000000004,NA,0.5,NA,NA,NA,NA,NA,NA,NA,NA,NA,NA,NA,NA,NA
560,217,S.Toure,00-0037098,WR,NO,0.8,1,0,0,NA,NA,NA,NA,NA,NA,NA,NA,NA,NA,NA,NA,NA,NA,NA,NA,NA,0.8
560,2,R.Thomas,00-0037323,SAF,IND,0.8,11,0,11,0,0,NA,0,0,0,0,0,0.8,NA,NA,0,NA,NA,0,NA,NA,0
560,132,A.Johnson,00-0040039,RB,LAC,0.8,1,0,0,NA,NA,NA,NA,NA,NA,NA,NA,NA,NA,0.8,NA,NA,NA,NA,NA,NA,NA
563,2,R.Sanchez,00-0033269,P,IND,0.64,15,0,15,NA,NA,0,0,0,0,0,0,0,0,NA,0,0,0,0,0,0,0.64
564,133,M.Gaskin,00-0035311,RB,SEA,0.6000000000000001,1,0,0,NA,NA,NA,NA,NA,NA,NA,NA,NA,NA,NA,NA,0.6000000000000001,NA,NA,NA,NA,NA
564,133,O.Wright,00-0038458,RB,TB,0.6000000000000001,2,0,0,NA,NA,NA,NA,NA,NA,NA,NA,NA,NA,0,0.6000000000000001,NA,NA,NA,NA,NA,NA
566,135,C.Reynolds,00-0035567,RB,DET,0.4,5,0,0,0,0.4,NA,0,0,0,NA,NA,NA,NA,NA,NA,NA,NA,NA,NA,NA,NA
566,135,S.Vaki,00-0039364,RB,DET,0.4,8,0,0,NA,NA,0,NA,NA,NA,NA,NA,0,0.4,NA,NA,0,0,0,NA,0,0
566,3,C.Colby,00-0040245,G,SF,0.4,4,0,4,NA,NA,0,NA,0,NA,0.4,0,NA,NA,NA,NA,NA,NA,NA,NA,NA,NA
569,3,I.Pola-Mao,00-0037512,SAF,LV,0.30000000000000004,17,0,17,0,0,0,0,0,0,0,NA,0,0,0,0,0,0,0,0,0,0.30000000000000004
570,137,K.Milton,00-0039266,RB,CIN,0.2,1,0,0,NA,NA,NA,NA,NA,NA,NA,NA,NA,NA,0.2,NA,NA,NA,NA,NA,NA,NA
571,3,A.McNamara,00-0039634,P,NYJ,0.12,17,0,17,0,0,0,0,0,0,0,0,NA,0,0,0,0,0,0,0,0.12,0
572,218,M.Cunningham,00-0038911,WR,DET,0.1,1,0,0,NA,NA,NA,NA,NA,NA,NA,NA,NA,NA,NA,NA,NA,0.1,NA,NA,NA,NA
573,2,M.Prater,00-0023853,K,BUF,0,15,0,15,0,0,0,0,0,0,NA,0,0,0,0,0,0,0,0,NA,NA,0
573,125,M.Lewis,00-0024243,TE,DEN,0,1,0,0,NA,NA,NA,NA,NA,NA,NA,NA,NA,0,NA,NA,NA,NA,NA,NA,NA,NA
573,2,N.Folk,00-0025565,K,NYJ,0,16,0,16,0,0,0,0,0,0,0,0,NA,0,0,0,0,0,0,0,0,NA
573,1,C.Campbell,00-0026190,DE,ARI,0,17,0,17,0,0,0,0,0,0,0,NA,0,0,0,0,0,0,0,0,0,0
573,2,G.Gano,00-0026858,K,NYG,0,5,0,5,0,0,0,NA,NA,NA,NA,0,0,NA,NA,NA,NA,NA,NA,NA,NA,NA
573,4,T.Morstead,00-0027114,P,SF,0,15,0,15,0,0,0,0,0,0,0,0,0,0,0,0,0,NA,NA,NA,0,0
573,1,J.Weeks,00-0027224,LS,SF,0,2,0,2,NA,NA,NA,NA,NA,NA,NA,NA,NA,NA,0,NA,NA,NA,NA,NA,NA,0
573,2,T.Williams,00-0027857,OT,SF,0,5,0,5,0,NA,0,NA,NA,0,NA,NA,0,NA,NA,NA,0,NA,NA,NA,NA,NA
573,1,B.Graham,00-0027865,DE,PHI,0,4,0,4,NA,NA,NA,NA,NA,NA,NA,NA,NA,NA,NA,NA,0,NA,0,0,NA,0
573,1,J.Pierre-Paul,00-0027867,DE,TB,0,1,0,1,NA,NA,NA,NA,NA,NA,NA,NA,NA,NA,NA,NA,NA,NA,NA,NA,0,NA
573,1,V.Miller,00-0027940,OLB,WAS,0,14,0,14,0,0,0,NA,0,0,0,NA,NA,0,0,NA,0,0,0,0,0,0
573,1,C.Jordan,00-0027962,DE,NO,0,17,0,17,0,0,0,0,0,0,0,0,0,0,NA,0,0,0,0,0,0,0
573,3,Ca.Heyward,00-0027969,DT,PIT,0,17,0,17,0,0,0,0,NA,0,0,0,0,0,0,0,0,0,0,0,0,0
573,1,N.Bellore,00-0028292,LB,WAS,0,8,0,8,0,NA,NA,0,NA,NA,0,0,NA,0,NA,NA,NA,NA,0,0,NA,0
573,1,J.McQuaide,00-0028394,LS,LA,0,1,0,1,NA,NA,NA,NA,NA,NA,NA,NA,NA,NA,NA,NA,NA,NA,NA,0,NA,NA
573,1,J.Harris,00-0028845,LS,LAC,0,1,0,1,NA,NA,NA,NA,NA,NA,NA,NA,NA,NA,NA,NA,NA,NA,0,NA,NA,NA
573,4,J.Hekker,00-0028872,P,TEN,0,17,0,17,0,0,0,0,0,0,0,0,0,NA,0,0,0,0,0,0,0,0
573,1,A.Brewer,00-0028946,LS,ARI,0,1,0,1,NA,NA,NA,NA,NA,NA,NA,NA,NA,NA,NA,NA,NA,0,NA,NA,NA,NA
573,1,C.Hughlett,00-0029008,LS,PHI,0,2,0,2,NA,0,NA,NA,NA,NA,NA,NA,NA,NA,NA,NA,NA,NA,NA,NA,0,NA
573,1,B.Wagner,00-0029255,MLB,WAS,0,17,0,17,0,0,0,0,0,0,0,0,0,0,0,NA,0,0,0,0,0,0
573,2,K.Beachum,00-0029316,OT,ARI,0,6,0,6,NA,NA,0,NA,0,NA,NA,NA,NA,NA,0,0,NA,NA,NA,NA,0,0
573,1,L.David,00-0029562,OLB,TB,0,17,0,17,0,0,0,0,0,0,0,0,NA,0,0,0,0,0,0,0,0,0
573,4,K.Zeitler,00-0029592,G,TEN,0,4,0,4,0,0,NA,0,NA,NA,NA,NA,NA,NA,0,NA,NA,NA,NA,NA,NA,NA
573,1,H.Smith,00-0029606,FS,MIN,0,14,0,14,NA,NA,0,0,0,NA,0,0,0,0,0,0,0,0,0,0,0,NA
573,1,D.Davis,00-0029607,OLB,NO,0,17,0,17,0,0,0,0,0,0,0,0,0,0,NA,0,0,0,0,0,0,0
573,4,G.Van Roten,00-0029685,G,NYG,0,2,0,2,NA,NA,NA,0,NA,NA,NA,0,NA,NA,NA,NA,NA,NA,NA,NA,NA,NA
573,4,B.Anger,00-0029692,P,DAL,0,17,0,17,0,0,0,0,0,0,0,0,0,NA,0,0,0,0,0,0,0,0
573,1,A.DePaola,00-0029714,LS,MIN,0,1,0,1,0,NA,NA,NA,NA,NA,NA,NA,NA,NA,NA,NA,NA,NA,NA,NA,NA,NA
573,2,B.McManus,00-0029822,K,GB,0,14,0,14,0,0,0,0,NA,NA,NA,0,0,0,NA,0,0,0,0,0,0,0
573,2,C.Hubbard,00-0029963,OT,DET,0,1,0,1,NA,NA,NA,NA,NA,NA,NA,NA,NA,NA,NA,NA,NA,NA,NA,NA,NA,0
573,2,D.Slay,00-0030062,CB,PIT,0,10,0,10,0,0,0,0,NA,0,0,0,0,0,NA,0,NA,NA,NA,NA,NA,NA
573,3,J.Jenkins,00-0030070,DT,BAL,0,16,0,16,NA,0,0,0,0,0,NA,0,0,0,0,0,0,0,0,0,0,0
573,4,S.Martin,00-0030092,P,CAR,0,17,0,17,0,0,0,0,0,0,0,0,0,0,0,0,0,NA,0,0,0,0
573,1,J.Poyer,00-0030114,FS,BUF,0,10,0,10,NA,NA,NA,NA,NA,0,NA,0,0,0,0,0,0,0,0,0,NA,NA
573,4,T.Way,00-0030140,P,WAS,0,17,0,17,0,0,0,0,0,0,0,0,0,0,0,NA,0,0,0,0,0,0
573,1,T.Jefferson,00-0030294,S,LAC,0,12,0,12,NA,0,0,0,0,0,0,NA,NA,NA,NA,NA,0,0,0,0,0,0
573,2,L.Johnson,00-0030561,OT,PHI,0,4,0,4,NA,0,NA,NA,NA,NA,NA,0,NA,0,0,NA,NA,NA,NA,NA,NA,NA
573,1,J.Winchester,00-0030615,LS,KC,0,3,0,3,NA,0,0,NA,NA,NA,NA,NA,NA,NA,NA,NA,NA,NA,NA,0,NA,NA
573,2,C.Lucas,00-0030725,OT,CLE,0,2,0,2,NA,NA,0,NA,NA,NA,0,NA,NA,NA,NA,NA,NA,NA,NA,NA,NA,NA
573,3,M.Pennel,00-0030757,DT,KC,0,13,0,13,0,0,0,0,0,0,0,NA,0,NA,NA,0,NA,0,0,0,0,NA
573,1,K.Mack,00-0031040,OLB,LAC,0,12,0,12,0,0,NA,NA,NA,NA,0,0,0,0,0,NA,0,0,0,0,0,NA
573,3,D.Jones,00-0031054,DT,BUF,0,12,0,12,0,0,0,0,0,NA,NA,NA,NA,0,0,0,0,0,0,0,NA,NA
573,4,P.O'Donnell,00-0031079,P,ARI,0,5,0,5,NA,NA,NA,NA,NA,0,0,NA,0,0,0,NA,NA,NA,NA,NA,NA,NA
573,2,C.Boswell,00-0031136,K,PIT,0,17,0,17,0,0,0,0,NA,0,0,0,0,0,0,0,0,0,0,0,0,0
573,1,T.Ott,00-0031156,LS,WAS,0,1,0,1,NA,NA,NA,NA,NA,NA,0,NA,NA,NA,NA,NA,NA,NA,NA,NA,NA,NA
573,1,B.Urban,00-0031177,DE,BAL,0,9,0,9,NA,NA,0,0,0,0,NA,NA,0,NA,0,NA,0,NA,NA,0,NA,0
573,2,C.Santos,00-0031203,K,CHI,0,15,0,15,0,0,0,0,NA,NA,NA,0,0,0,0,0,0,0,0,0,0,0
573,3,D.Autry,00-0031254,DT,HOU,0,9,0,9,NA,NA,NA,NA,NA,NA,0,NA,0,0,0,NA,0,0,0,0,0,NA
573,3,S.Harris,00-0031270,DT,CLE,0,17,0,17,0,0,0,0,0,0,0,0,NA,0,0,0,0,0,0,0,0,0
573,2,J.Matthews,00-0031279,OT,ATL,0,6,0,6,NA,0,NA,NA,NA,0,NA,0,0,NA,NA,NA,NA,NA,0,0,NA,NA
573,2,M.Moses,00-0031330,OT,NE,0,4,0,4,NA,0,NA,NA,NA,0,NA,NA,NA,0,NA,NA,NA,NA,NA,NA,NA,0
573,2,C.Goodwin,00-0031357,CB,DAL,0,13,0,13,NA,0,NA,0,0,NA,0,0,0,NA,0,0,0,0,0,NA,0,0
573,1,K.Van Noy,00-0031360,MLB,BAL,0,14,0,14,0,0,NA,NA,0,0,NA,0,0,0,0,0,0,0,0,0,NA,0
573,1,J.Clowney,00-0031364,OLB,DAL,0,12,0,12,NA,NA,NA,0,0,0,0,0,0,NA,0,0,0,NA,0,NA,0,0
573,1,D.Lawrence,00-0031411,LB,SEA,0,16,0,16,0,0,0,0,NA,0,0,NA,0,0,0,0,0,0,0,0,0,0
573,4,J.Bitonio,00-0031426,G,CLE,0,2,0,2,NA,0,NA,NA,NA,NA,NA,NA,NA,NA,NA,NA,NA,NA,NA,NA,0,NA
573,2,J.Myers,00-0031492,K,SEA,0,17,0,17,0,0,0,0,0,0,0,NA,0,0,0,0,0,0,0,0,0,0
573,1,S.Thompson,00-0031550,OLB,BUF,0,12,0,12,0,NA,0,0,0,0,NA,0,NA,NA,NA,0,0,0,0,0,0,NA
573,1,E.Goldman,00-0031551,NT,WAS,0,12,0,12,0,0,0,0,0,NA,NA,0,0,0,0,NA,0,0,0,NA,NA,NA
573,1,E.Kendricks,00-0031554,MLB,SF,0,2,0,2,NA,NA,NA,NA,NA,NA,NA,NA,NA,NA,NA,NA,NA,NA,NA,0,NA,0
573,3,J.Phillips,00-0031557,DT,BUF,0,8,0,8,NA,NA,NA,0,NA,0,NA,0,0,0,0,NA,0,0,NA,NA,NA,NA
573,1,D.Hunter,00-0031565,DE,HOU,0,16,0,16,0,0,0,0,NA,NA,0,0,0,0,0,0,0,0,0,0,0,0
573,1,Z.Smith,00-0031576,DE,PHI,0,4,0,4,NA,0,NA,0,0,0,NA,NA,NA,NA,NA,NA,NA,NA,NA,NA,NA,NA
573,3,G.Jarrett,00-0031583,DT,CHI,0,13,0,13,0,0,0,NA,NA,NA,NA,0,NA,0,0,0,0,0,0,0,0,0
573,1,Q.Diggs,00-0031608,S,TEN,0,8,0,8,0,0,NA,0,0,0,0,0,0,NA,NA,NA,NA,NA,NA,NA,NA,NA
573,2,B.Hart,00-0031622,OT,LAC,0,4,0,4,NA,NA,NA,NA,NA,0,0,0,NA,NA,NA,NA,NA,NA,NA,NA,NA,0
573,1,N.Hewitt,00-0031740,LB,NYG,0,8,0,8,NA,NA,0,0,0,0,0,0,NA,NA,NA,NA,0,NA,0,NA,NA,NA
573,219,D.Carter,00-0031763,WR,CLE,0,4,0,0,0,0,0,0,NA,NA,NA,NA,NA,NA,NA,NA,NA,NA,NA,NA,NA,NA
573,1,A.Singleton,00-0031898,LB,DEN,0,16,0,16,0,0,0,0,0,0,0,0,0,0,NA,NA,0,0,0,0,0,0
573,1,L.Williams,00-0031933,DE,SEA,0,16,0,16,0,0,0,0,0,0,0,NA,0,0,0,0,0,0,0,0,0,NA
573,1,P.Smith,00-0031935,DE,WAS,0,12,0,12,NA,NA,NA,NA,0,0,0,NA,0,0,0,NA,0,0,0,0,0,0
573,3,R.Nunez-Roches,00-0031957,DT,NYG,0,9,0,9,0,NA,NA,NA,0,0,0,0,0,0,NA,0,0,NA,NA,NA,NA,NA
573,1,D.Fowler,00-0032052,DE,DAL,0,13,0,13,0,0,0,0,0,0,0,0,0,NA,NA,0,0,0,NA,0,NA,NA
573,4,B.Pinion,00-0032065,P,ATL,0,16,0,16,0,0,0,0,NA,0,0,0,0,0,0,0,0,0,0,NA,0,0
573,2,T.Brown,00-0032071,OT,HOU,0,4,0,4,NA,NA,NA,NA,NA,NA,NA,NA,NA,0,0,0,NA,0,NA,NA,NA,NA
573,1,D.Perryman,00-0032103,MLB,LAC,0,9,0,9,NA,NA,NA,NA,NA,NA,0,0,0,0,0,NA,0,0,0,0,NA,NA
573,1,B.Dupree,00-0032146,OLB,LAC,0,10,0,10,0,0,0,0,NA,0,0,NA,NA,0,0,NA,0,NA,NA,NA,NA,0
573,3,A.Armstead,00-0032164,DT,JAX,0,15,0,15,0,0,0,0,0,0,0,NA,0,0,0,0,NA,0,0,0,NA,0
573,4,A.Peat,00-0032203,G,PIT,0,2,0,2,NA,NA,NA,NA,NA,NA,NA,NA,NA,0,NA,NA,NA,0,NA,NA,NA,NA
573,2,D.Humphries,00-0032222,OT,LA,0,1,0,1,NA,NA,NA,NA,NA,NA,NA,NA,NA,NA,NA,NA,NA,NA,NA,NA,0,NA
573,1,J.Cardona,00-0032228,LS,MIA,0,5,0,5,NA,NA,NA,NA,NA,0,0,0,NA,NA,NA,NA,NA,NA,0,NA,0,NA
573,4,L.Tomlinson,00-0032234,G,HOU,0,2,0,2,0,NA,NA,NA,NA,NA,NA,0,NA,NA,NA,NA,NA,NA,NA,NA,NA,NA
573,2,R.Havenstein,00-0032242,OT,LA,0,1,0,1,NA,NA,NA,NA,NA,NA,NA,NA,NA,NA,0,NA,NA,NA,NA,NA,NA,NA
573,3,M.Edwards,00-0032265,DT,HOU,0,9,0,9,NA,NA,NA,0,0,NA,0,NA,NA,0,0,0,0,0,0,NA,NA,NA
573,3,D.Buckner,00-0032378,DT,IND,0,10,0,10,0,0,0,0,0,0,0,0,0,NA,NA,NA,NA,NA,NA,0,NA,NA
573,2,E.Apple,00-0032379,CB,SF,0,1,0,1,NA,NA,NA,NA,NA,NA,NA,NA,NA,NA,NA,NA,NA,NA,NA,0,NA,NA
573,2,L.Tunsil,00-0032380,OT,WAS,0,5,0,5,NA,0,0,NA,0,0,NA,NA,NA,NA,NA,NA,0,NA,NA,NA,NA,NA
573,2,T.Decker,00-0032381,OT,DET,0,4,0,4,NA,NA,NA,0,NA,NA,0,NA,0,NA,NA,0,NA,NA,NA,NA,NA,NA
573,1,R.Kelly,00-0032383,C,MIN,0,1,0,1,NA,NA,NA,NA,NA,NA,NA,NA,NA,NA,NA,NA,0,NA,NA,NA,NA,NA
573,3,J.Reed,00-0032387,DT,SEA,0,12,0,12,0,0,0,0,NA,0,0,NA,0,NA,NA,NA,NA,0,0,0,0,0
573,1,D.Jones,00-0032388,LB,TB,0,13,0,13,0,0,0,NA,0,0,0,0,NA,0,0,NA,0,0,0,NA,0,NA
573,4,J.Thuney,00-0032391,G,CHI,0,2,0,2,NA,NA,NA,NA,NA,NA,NA,0,NA,NA,NA,NA,0,NA,NA,NA,NA,NA
573,1,G.Glasgow,00-0032395,C,DET,0,3,0,3,NA,NA,NA,NA,0,NA,NA,NA,NA,NA,0,0,NA,NA,NA,NA,NA,NA
573,4,M.Killebrew,00-0032399,SAF,PIT,0,4,0,4,0,0,0,NA,NA,0,NA,NA,NA,NA,NA,NA,NA,NA,NA,NA,NA,NA
573,1,M.Judon,00-0032415,OLB,MIA,0,11,0,11,0,0,NA,0,0,NA,NA,0,0,0,0,NA,0,0,0,NA,NA,NA
573,1,D.Reader,00-0032424,DE,DET,0,13,0,13,NA,NA,0,0,NA,0,0,NA,0,0,0,0,0,0,0,0,0,NA
573,1,E.Roberts,00-0032442,OLB,LV,0,17,0,17,0,0,0,0,0,0,0,NA,0,0,0,0,0,0,0,0,0,0
573,1,T.Karras,00-0032445,C,CIN,0,3,0,3,NA,NA,NA,0,0,NA,NA,NA,0,NA,NA,NA,NA,NA,NA,NA,NA,NA
573,1,R.Ferguson,00-0032497,LS,BUF,0,1,0,1,NA,NA,NA,0,NA,NA,NA,NA,NA,NA,NA,NA,NA,NA,NA,NA,NA,NA
573,2,M.Hilton,00-0032521,CB,IND,0,2,0,2,NA,NA,NA,0,0,NA,NA,NA,NA,NA,NA,NA,NA,NA,NA,NA,NA,NA
573,2,W.Lutz,00-0032569,K,DEN,0,17,0,17,0,0,0,0,0,0,0,0,0,0,0,NA,0,0,0,0,0,0
573,2,J.Jones,00-0032580,CB,WAS,0,11,0,11,0,0,NA,NA,NA,NA,0,NA,0,0,0,NA,0,0,NA,0,0,0
573,1,R.Robertson-Harris,00-0032667,DE,NYG,0,15,0,15,0,0,0,NA,0,0,0,0,0,0,0,NA,0,NA,0,0,0,0
573,1,J.Brendel,00-0032701,C,SF,0,3,0,3,NA,NA,0,0,NA,0,NA,NA,NA,NA,NA,NA,NA,NA,NA,NA,NA,NA
573,2,K.Fairbairn,00-0032726,K,HOU,0,15,0,15,0,0,0,0,0,NA,0,0,0,NA,NA,0,0,0,0,0,0,0
573,1,L.Rhodes,00-0032753,LS,IND,0,2,0,2,NA,NA,NA,NA,NA,NA,NA,NA,0,NA,NA,NA,NA,NA,NA,0,NA,NA
573,3,S.Rankins,00-0032759,DT,HOU,0,15,0,15,0,0,0,0,NA,NA,0,NA,0,0,0,0,0,0,0,0,0,0
573,1,C.Jones,00-0032762,DE,KC,0,17,0,17,0,0,0,0,0,0,0,0,0,NA,0,0,0,0,0,0,0,0
573,1,Au.Johnson,00-0032763,NT,JAX,0,9,0,9,0,0,NA,0,0,NA,0,NA,NA,NA,NA,0,0,NA,NA,NA,0,0
573,2,J.Mills,00-0032803,CB,DET,0,4,0,4,NA,NA,NA,NA,0,NA,NA,NA,NA,NA,0,NA,NA,NA,NA,NA,0,0
573,1,A.Robinson,00-0032889,DE,CAR,0,17,0,17,0,0,0,0,0,0,0,0,0,0,0,0,0,NA,0,0,0,0
573,2,A.Hamilton,00-0032933,CB,WAS,0,9,0,9,NA,NA,NA,0,0,0,NA,NA,NA,0,NA,NA,0,0,0,0,NA,0
573,4,R.Dixon,00-0032943,P,TB,0,17,0,17,0,0,0,0,0,0,0,0,NA,0,0,0,0,0,0,0,0,0
573,219,L.Treadwell,00-0032951,WR,IND,0,6,0,0,NA,NA,NA,NA,NA,NA,0,NA,NA,0,NA,0,0,0,NA,NA,0,NA
573,2,R.Stanley,00-0032965,OT,BAL,0,4,0,4,NA,NA,NA,NA,NA,0,NA,0,NA,NA,NA,NA,NA,NA,NA,0,NA,0
573,3,S.Day,00-0033010,DT,WAS,0,7,0,7,NA,NA,NA,NA,NA,NA,0,0,0,0,NA,NA,NA,0,NA,0,0,NA
573,1,E.Murray,00-0033038,S,JAX,0,12,0,12,0,0,0,0,0,0,0,NA,NA,NA,NA,NA,NA,0,0,0,0,0
573,1,J.Ward,00-0033046,LB,TEN,0,17,0,17,0,0,0,0,0,0,0,0,0,NA,0,0,0,0,0,0,0,0
573,2,X.Howard,00-0033050,CB,IND,0,4,0,4,0,0,0,0,NA,NA,NA,NA,NA,NA,NA,NA,NA,NA,NA,NA,NA,NA
573,3,D.Onyemata,00-0033051,DT,ATL,0,16,0,16,NA,0,0,0,NA,0,0,0,0,0,0,0,0,0,0,0,0,0
573,2,J.Ramsey,00-0033055,CB,PIT,0,17,0,17,0,0,0,0,NA,0,0,0,0,0,0,0,0,0,0,0,0,0
573,2,J.Conklin,00-0033057,OT,CLE,0,3,0,3,NA,NA,NA,NA,0,NA,NA,NA,NA,0,NA,0,NA,NA,NA,NA,NA,NA
573,1,Z.Wood,00-0033063,LS,NO,0,2,0,2,NA,NA,NA,NA,NA,NA,0,NA,0,NA,NA,NA,NA,NA,NA,NA,NA,NA
573,1,A.Gotsis,00-0033064,DE,TB,0,1,0,1,NA,NA,NA,NA,NA,NA,NA,NA,NA,NA,NA,NA,NA,NA,NA,0,NA,NA
573,3,A.Billings,00-0033066,DT,CHI,0,15,0,15,NA,0,0,0,NA,0,0,0,0,0,0,NA,0,0,0,0,0,0
573,1,L.Floyd,00-0033072,DE,ATL,0,12,0,12,NA,0,0,0,NA,0,0,0,NA,NA,NA,0,0,0,NA,0,0,0
573,1,E.Ogbah,00-0033073,DE,JAX,0,9,0,9,0,NA,NA,0,0,0,0,NA,0,NA,NA,0,0,NA,NA,0,NA,NA
573,1,J.Bullard,00-0033093,DE,NO,0,13,0,13,NA,NA,0,NA,0,0,0,0,0,0,NA,0,NA,0,0,0,0,0
573,1,J.Hargrave,00-0033109,NT,MIN,0,15,0,15,0,0,0,0,0,NA,0,0,0,0,0,0,NA,0,0,NA,0,0
573,1,K.Clark,00-0033120,NT,DAL,0,16,0,16,0,0,0,0,0,0,NA,0,0,NA,0,0,0,0,0,0,0,0
573,3,M.Collins,00-0033131,DT,CLE,0,11,0,11,NA,0,0,0,0,0,0,0,NA,0,0,0,0,NA,NA,NA,NA,NA
573,1,K.Byard,00-0033132,FS,CHI,0,17,0,17,0,0,0,0,NA,0,0,0,0,0,0,0,0,0,0,0,0,0
573,1,J.Bosa,00-0033156,DE,BUF,0,15,0,15,0,0,0,0,0,0,NA,0,0,0,0,0,0,NA,0,0,0,NA
573,1,T.Hennessy,00-0033260,LS,NYJ,0,2,0,2,NA,NA,NA,NA,NA,NA,NA,NA,NA,0,NA,NA,NA,0,NA,NA,NA,NA
573,2,M.Humphrey,00-0033281,CB,BAL,0,15,0,15,0,0,0,0,NA,0,NA,0,0,0,NA,0,0,0,0,0,0,0
573,2,T.Moton,00-0033284,OT,CAR,0,5,0,5,NA,0,0,NA,0,NA,NA,NA,NA,NA,NA,NA,NA,NA,0,NA,0,NA
573,4,J.Eluemunor,00-0033290,G,NYG,0,9,0,9,0,NA,NA,NA,0,0,0,NA,NA,NA,0,0,NA,NA,0,0,0,NA
573,1,C.Clark,00-0033294,DB,PIT,0,13,0,13,0,0,0,0,NA,NA,0,0,NA,NA,0,NA,0,0,0,0,0,0
573,3,D.Jones,00-0033297,DT,DEN,0,16,0,16,0,0,0,0,0,0,0,0,0,0,0,NA,0,NA,0,0,0,0
573,2,H.Butker,00-0033303,K,KC,0,17,0,17,0,0,0,0,0,0,0,0,0,NA,0,0,0,0,0,0,0,0
573,1,E.Wilson,00-0033336,LB,MIN,0,17,0,17,0,0,0,0,0,NA,0,0,0,0,0,0,0,0,0,0,0,0
573,3,J.Tupou,00-0033347,DT,BAL,0,2,0,2,NA,NA,NA,0,NA,NA,NA,NA,NA,NA,NA,NA,NA,NA,NA,0,NA,NA
573,3,A.Butler,00-0033381,DT,LV,0,15,0,15,0,0,0,0,0,0,NA,NA,0,0,0,0,0,0,0,0,0,NA
573,2,K.Moore,00-0033393,CB,IND,0,14,0,14,0,0,0,NA,NA,NA,0,0,0,0,NA,0,0,0,0,0,0,0
573,1,C.Lawson,00-0033463,DE,BAL,0,1,0,1,NA,NA,NA,NA,NA,NA,NA,NA,NA,NA,NA,NA,0,NA,NA,NA,NA,NA
573,2,A.Maulet,00-0033503,CB,DET,0,5,0,5,NA,NA,NA,NA,NA,0,0,NA,0,0,0,NA,NA,NA,NA,NA,NA,NA
573,1,J.Allen,00-0033523,DE,MIN,0,17,0,17,0,0,0,0,0,NA,0,0,0,0,0,0,0,0,0,0,0,0
573,2,G.Bolles,00-0033538,OT,DEN,0,5,0,5,NA,NA,0,NA,0,NA,0,NA,NA,NA,NA,NA,NA,NA,0,0,NA,NA
573,1,D.Tomlinson,00-0033546,DE,ARI,0,14,0,14,NA,0,0,0,0,0,0,NA,0,0,0,0,NA,0,0,0,0,NA
573,1,Z.Cunningham,00-0033547,ILB,DET,0,4,0,4,0,0,0,NA,NA,NA,0,NA,NA,NA,NA,NA,NA,NA,NA,NA,NA,NA
573,2,C.Awuzie,00-0033548,CB,BAL,0,14,0,14,0,0,0,0,NA,NA,NA,0,0,0,0,0,0,0,0,NA,0,0
573,2,R.Douglas,00-0033551,CB,MIA,0,15,0,15,0,0,0,0,0,0,0,0,0,NA,NA,NA,0,0,0,0,0,0
573,1,J.Reeves-Maybin,00-0033557,LB,CHI,0,1,0,1,NA,NA,NA,NA,NA,NA,NA,NA,NA,NA,NA,NA,NA,NA,0,NA,NA,NA
573,1,M.Milano,00-0033571,OLB,BUF,0,12,0,12,0,0,NA,NA,0,NA,NA,NA,0,0,0,0,0,0,0,0,0,NA
573,219,J.Agnew,00-0033572,WR,ATL,0,11,0,0,0,NA,NA,0,NA,0,0,0,0,0,0,0,0,0,NA,NA,NA,NA
573,1,X.Woods,00-0033579,FS,TEN,0,10,0,10,0,0,0,0,0,0,0,0,NA,NA,NA,NA,0,0,NA,NA,NA,NA
573,1,P.O'Connor,00-0033595,DE,DET,0,7,0,7,NA,0,0,0,0,0,0,NA,0,NA,NA,NA,NA,NA,NA,NA,NA,NA
573,2,E.Wilkinson,00-0033676,OT,ATL,0,10,0,10,0,0,NA,NA,NA,0,0,NA,NA,0,0,0,NA,NA,0,0,0,NA
573,2,M.Davis,00-0033697,CB,NO,0,5,0,5,NA,NA,NA,NA,NA,NA,NA,NA,NA,0,NA,0,0,0,NA,NA,0,NA
573,2,Y.Koo,00-0033702,K,NYG,0,6,0,6,0,NA,NA,NA,NA,NA,NA,NA,NA,0,0,0,0,NA,0,NA,NA,NA
573,4,C.Johnston,00-0033729,P,NYG,0,4,0,4,NA,0,0,0,NA,NA,NA,NA,NA,NA,NA,NA,NA,NA,0,NA,NA,NA
573,1,D.Walker,00-0033782,DE,WAS,0,1,0,1,NA,NA,NA,NA,NA,NA,NA,NA,NA,NA,NA,NA,NA,0,NA,NA,NA,NA
573,2,A.Witherspoon,00-0033783,CB,LA,0,5,0,5,0,0,NA,NA,NA,NA,NA,NA,NA,NA,NA,NA,NA,0,NA,NA,0,0
573,2,J.Elliott,00-0033787,K,PHI,0,17,0,17,0,0,0,0,0,0,0,0,NA,0,0,0,0,0,0,0,0,0
573,4,A.Wylie,00-0033831,G,WAS,0,1,0,1,NA,NA,0,NA,NA,NA,NA,NA,NA,NA,NA,NA,NA,NA,NA,NA,NA,NA
573,3,D.Godchaux,00-0033860,DT,NO,0,16,0,16,0,0,0,0,NA,0,0,0,0,0,NA,0,0,0,0,0,0,0
573,2,Z.Gonzalez,00-0033862,K,ATL,0,9,0,9,NA,NA,NA,NA,NA,NA,NA,NA,NA,0,0,0,0,0,0,0,0,0
573,2,D.Skipper,00-0033863,OT,DET,0,1,0,1,NA,NA,NA,NA,NA,NA,NA,NA,NA,NA,NA,NA,NA,0,NA,NA,NA,NA
573,1,M.Garrett,00-0033868,DE,CLE,0,17,0,17,0,0,0,0,0,0,0,0,NA,0,0,0,0,0,0,0,0,0
573,1,S.Thomas,00-0033870,DE,DAL,0,13,0,13,0,0,0,NA,0,0,0,0,0,NA,NA,0,0,NA,NA,0,0,0
573,1,J.Adams,00-0033872,LB,LV,0,17,0,17,0,0,0,0,0,0,0,NA,0,0,0,0,0,0,0,0,0,0
573,2,M.Lattimore,00-0033874,CB,WAS,0,9,0,9,0,0,0,0,0,0,0,0,0,NA,NA,NA,NA,NA,NA,NA,NA,NA
573,1,H.Reddick,00-0033875,OLB,TB,0,13,0,13,0,0,0,0,0,0,0,NA,NA,NA,NA,NA,0,0,0,0,0,0
573,1,D.Barnett,00-0033876,DE,HOU,0,16,0,16,0,0,0,0,0,NA,NA,0,0,0,0,0,0,0,0,0,0,0
573,1,M.Hooker,00-0033877,FS,DAL,0,12,0,12,0,0,0,0,NA,NA,NA,NA,NA,NA,0,0,0,0,0,0,0,0
573,2,A.Jackson,00-0033878,CB,PHI,0,13,0,13,0,0,0,NA,NA,0,0,NA,NA,0,0,0,0,0,0,0,0,NA
573,1,J.Peppers,00-0033883,FS,PIT,0,7,0,7,NA,NA,0,NA,NA,0,0,NA,NA,NA,0,NA,NA,0,NA,0,NA,0
573,2,T.White,00-0033884,CB,BUF,0,16,0,16,NA,0,0,0,0,0,NA,0,0,0,0,0,0,0,0,0,0,0
573,1,T.Watt,00-0033886,OLB,PIT,0,14,0,14,0,0,0,0,NA,0,0,0,0,0,0,0,0,0,NA,NA,NA,0
573,2,C.Robinson,00-0033889,OT,CLE,0,7,0,7,0,NA,NA,NA,0,0,NA,NA,NA,0,0,0,NA,NA,NA,NA,0,NA
573,1,B.Baker,00-0033890,S,ARI,0,16,0,16,0,0,0,0,0,0,0,NA,0,0,0,0,0,0,0,0,NA,0
573,1,M.Maye,00-0033892,FS,LAC,0,1,0,1,NA,NA,NA,NA,NA,NA,NA,NA,NA,NA,NA,NA,NA,NA,NA,NA,NA,0
573,1,M.Williams,00-0033894,FS,LAC,0,3,0,3,NA,NA,NA,NA,NA,NA,NA,NA,NA,NA,NA,NA,NA,NA,0,0,0,NA
573,1,E.Pocic,00-0033901,C,CLE,0,2,0,2,NA,NA,NA,NA,NA,NA,NA,NA,NA,NA,0,NA,0,NA,NA,NA,NA,NA
573,1,T.Kpassagnon,00-0033902,DE,CHI,0,4,0,4,0,0,0,0,NA,NA,NA,NA,NA,NA,NA,NA,NA,NA,NA,NA,NA,NA
573,2,D.Dawkins,00-0033904,OT,BUF,0,8,0,8,0,NA,0,0,0,NA,NA,0,NA,NA,0,0,NA,NA,NA,NA,0,NA
573,3,L.Ogunjobi,00-0033905,DT,BUF,0,8,0,8,NA,NA,NA,NA,NA,NA,NA,0,0,0,0,0,NA,NA,0,NA,0,0
573,1,D.Smoot,00-0033907,DE,JAX,0,13,0,13,0,NA,0,0,NA,0,0,NA,0,NA,NA,0,0,0,0,0,0,0
573,1,C.Wormley,00-0033913,NT,IND,0,3,0,3,NA,NA,NA,NA,NA,NA,NA,NA,NA,NA,NA,NA,0,0,NA,NA,NA,0
573,1,A.Anzalone,00-0033914,MLB,DET,0,16,0,16,0,0,0,0,0,0,0,NA,0,0,0,0,0,0,0,0,0,NA
573,2,F.Moreau,00-0033918,CB,MIN,0,10,0,10,NA,NA,NA,NA,NA,NA,NA,NA,0,0,0,0,0,0,0,0,0,0
573,2,S.Griffin,00-0033926,CB,SEA,0,1,0,1,NA,NA,NA,NA,NA,0,NA,NA,NA,NA,NA,NA,NA,NA,NA,NA,NA,NA
573,2,J.Lewis,00-0033928,CB,JAX,0,12,0,12,0,0,0,0,0,0,0,NA,0,NA,NA,NA,0,0,0,0,NA,NA
573,1,T.Hendrickson,00-0033935,DE,CIN,0,7,0,7,0,0,0,0,0,0,NA,0,NA,NA,NA,NA,NA,NA,NA,NA,NA,NA
573,4,R.Jenkins,00-0033941,SAF,CLE,0,16,0,16,NA,0,0,0,0,0,0,0,NA,0,0,0,0,0,0,0,0,0
573,1,S.Ebukam,00-0033945,DE,IND,0,14,0,14,0,0,0,0,0,0,0,NA,NA,NA,NA,0,0,0,0,0,0,0
573,1,D.Wise,00-0033947,DE,WAS,0,2,0,2,0,0,NA,NA,NA,NA,NA,NA,NA,NA,NA,NA,NA,NA,NA,NA,NA,NA
573,3,G.Stewart,00-0033952,DT,IND,0,17,0,17,0,0,0,0,0,0,0,0,0,0,NA,0,0,0,0,0,0,0
573,1,A.Muhammad,00-0033964,DE,DET,0,13,0,13,0,0,0,NA,0,0,0,NA,0,NA,0,0,0,0,0,NA,0,NA
573,1,C.Kuntz,00-0034051,LS,PIT,0,2,0,2,NA,NA,NA,NA,NA,NA,NA,0,NA,NA,NA,NA,NA,NA,NA,0,NA,NA
573,219,R.Cracraft,00-0034054,WR,WAS,0,2,0,0,NA,NA,NA,NA,NA,NA,NA,NA,NA,NA,NA,NA,NA,NA,NA,NA,0,0
573,1,S.Daly,00-0034067,LS,CHI,0,3,0,3,0,NA,NA,NA,NA,NA,NA,NA,NA,NA,0,NA,NA,NA,NA,NA,NA,0
573,2,M.Badgley,00-0034084,K,BUF,0,9,0,9,NA,NA,NA,NA,NA,0,0,0,0,0,NA,0,0,NA,NA,0,0,NA
573,1,G.Odum,00-0034091,DB,IND,0,2,0,2,NA,NA,NA,NA,NA,NA,NA,NA,NA,NA,NA,NA,0,NA,NA,0,NA,NA
573,4,A.Schlottmann,00-0034112,G,NYG,0,4,0,4,NA,NA,NA,NA,NA,0,NA,NA,NA,0,0,NA,NA,NA,NA,NA,NA,0
573,1,C.Shelton,00-0034114,C,LA,0,3,0,3,NA,NA,0,NA,NA,NA,NA,NA,NA,NA,NA,0,NA,NA,NA,NA,NA,0
573,1,J.Gray,00-0034116,DB,TB,0,2,0,2,NA,NA,NA,NA,NA,NA,NA,NA,NA,NA,NA,NA,NA,NA,0,NA,NA,0
573,1,C.Lammons,00-0034145,DB,IND,0,7,0,7,NA,0,NA,NA,0,0,0,0,NA,NA,NA,0,0,NA,NA,NA,NA,NA
573,2,B.O'Neill,00-0034158,OT,MIN,0,3,0,3,NA,0,NA,NA,NA,NA,NA,NA,NA,0,NA,NA,0,NA,NA,NA,NA,NA
573,4,M.Dickson,00-0034160,P,SEA,0,16,0,16,0,0,0,0,0,0,0,NA,0,NA,0,0,0,0,0,0,0,0
573,2,D.Carlson,00-0034161,K,LV,0,17,0,17,0,0,0,0,0,0,0,NA,0,0,0,0,0,0,0,0,0,0
573,4,J.Scott,00-0034162,P,LAC,0,16,0,16,0,0,0,0,0,0,0,NA,0,0,0,NA,0,0,0,0,0,0
573,1,J.Martin,00-0034163,DE,WAS,0,17,0,17,0,0,0,0,0,0,0,0,0,0,0,NA,0,0,0,0,0,0
573,2,E.Pineiro,00-0034173,K,SF,0,14,0,14,NA,0,0,0,0,0,0,0,0,0,0,NA,NA,NA,0,0,0,0
573,1,T.Sieg,00-0034198,LS,DAL,0,2,0,2,NA,NA,NA,NA,0,NA,NA,NA,NA,NA,NA,0,NA,NA,NA,NA,NA,NA
573,2,D.Williams,00-0034203,CB,LA,0,11,0,11,NA,0,0,0,0,0,0,NA,NA,0,0,0,0,NA,NA,0,NA,NA
573,3,P.Ford,00-0034234,DT,LA,0,16,0,16,0,0,0,0,0,0,NA,NA,0,0,0,0,0,0,0,0,0,0
573,1,E.Campbell,00-0034248,DB,MIA,0,4,0,4,NA,0,NA,NA,0,NA,NA,NA,NA,0,NA,NA,0,NA,NA,NA,NA,NA
573,3,D.Ekuale,00-0034251,DT,PIT,0,4,0,4,0,0,0,NA,NA,0,NA,NA,NA,NA,NA,NA,NA,NA,NA,NA,NA,NA
573,1,A.Corbett,00-0034261,C,CAR,0,2,0,2,0,NA,NA,NA,NA,NA,NA,0,NA,NA,NA,NA,NA,NA,NA,NA,NA,NA
573,3,J.Holmes,00-0034264,DT,WAS,0,8,0,8,NA,NA,0,0,0,0,NA,0,NA,NA,0,NA,NA,NA,NA,0,0,NA
573,2,P.Nickerson,00-0034274,CB,PHI,0,1,0,1,NA,NA,NA,0,NA,NA,NA,NA,NA,NA,NA,NA,NA,NA,NA,NA,NA,NA
573,3,F.Fatukasi,00-0034275,DT,HOU,0,4,0,4,0,0,0,0,NA,NA,NA,NA,NA,NA,NA,NA,NA,NA,NA,NA,NA,NA
573,4,D.Elliott,00-0034277,SAF,PIT,0,5,0,5,0,NA,NA,0,NA,0,0,0,NA,NA,NA,NA,NA,NA,NA,NA,NA,NA
573,2,T.Smith,00-0034278,CB,HOU,0,15,0,15,0,0,0,0,0,NA,0,NA,0,0,0,0,0,0,0,NA,0,0
573,1,B.Bozeman,00-0034281,C,LAC,0,1,0,1,NA,NA,NA,NA,NA,NA,NA,NA,NA,0,NA,NA,NA,NA,NA,NA,NA,NA
573,3,Z.Sieler,00-0034285,DT,MIA,0,17,0,17,0,0,0,0,0,0,0,0,0,0,0,NA,0,0,0,0,0,0
573,1,F.Luvu,00-0034302,LB,WAS,0,17,0,17,0,0,0,0,0,0,0,0,0,0,0,NA,0,0,0,0,0,0
573,1,K.Street,00-0034320,DE,ATL,0,7,0,7,NA,NA,NA,NA,NA,NA,NA,NA,NA,NA,0,0,0,0,0,0,NA,0
573,1,D.Payne,00-0034333,NT,WAS,0,14,0,14,0,0,0,0,0,0,0,0,0,0,NA,NA,0,0,NA,0,NA,0
573,4,Q.Nelson,00-0034342,G,IND,0,2,0,2,NA,NA,NA,0,NA,NA,NA,NA,NA,NA,NA,NA,NA,0,NA,NA,NA,NA
573,1,M.Davenport,00-0034344,DE,DET,0,6,0,6,0,0,NA,NA,NA,NA,NA,NA,NA,NA,NA,NA,NA,0,0,0,0,NA
573,4,W.Hernandez,00-0034346,G,ARI,0,2,0,2,NA,NA,NA,NA,NA,0,NA,NA,0,NA,NA,NA,NA,NA,NA,NA,NA,NA
573,1,U.Nwosu,00-0034350,LB,SEA,0,15,0,15,NA,0,NA,0,0,0,0,NA,0,0,0,0,0,0,0,0,0,0
573,4,M.Stewart,00-0034355,SAF,HOU,0,7,0,7,NA,0,0,0,0,NA,0,0,0,NA,NA,NA,NA,NA,NA,NA,NA,NA
573,2,D.Jackson,00-0034356,CB,LAC,0,15,0,15,0,0,0,0,0,0,0,0,0,0,0,NA,0,0,0,NA,0,NA
573,4,I.Oliver,00-0034357,SAF,NYJ,0,13,0,13,NA,0,0,0,0,0,0,0,NA,0,0,0,0,0,0,NA,NA,NA
573,1,T.Lewis,00-0034359,DE,IND,0,9,0,9,0,0,0,NA,0,NA,0,NA,NA,NA,NA,0,NA,NA,0,0,NA,0
573,1,J.Reid,00-0034361,S,NO,0,15,0,15,0,0,0,0,0,0,0,0,0,0,NA,0,0,NA,NA,0,0,0
573,1,D.Hand,00-0034371,DE,LAC,0,13,0,13,0,0,0,0,0,NA,NA,NA,NA,0,0,NA,0,0,0,0,0,0
573,1,D.Armstrong,00-0034373,DE,WAS,0,6,0,6,0,0,0,0,0,0,NA,NA,NA,NA,NA,NA,NA,NA,NA,NA,NA,NA
573,1,K.White,00-0034375,OLB,TEN,0,1,0,1,NA,NA,0,NA,NA,NA,NA,NA,NA,NA,NA,NA,NA,NA,NA,NA,NA,NA
573,2,Ta.Johnson,00-0034376,CB,BUF,0,13,0,13,0,NA,0,0,0,0,NA,0,NA,NA,0,0,0,0,0,0,0,NA
573,2,A.Maddox,00-0034377,CB,DET,0,8,0,8,0,0,NA,NA,0,NA,NA,NA,NA,0,NA,NA,NA,0,0,0,NA,0
573,1,J.Sweat,00-0034381,OLB,ARI,0,16,0,16,0,0,0,0,0,0,0,NA,0,0,0,0,0,NA,0,0,0,0
573,2,D.Reed,00-0034384,CB,DET,0,11,0,11,0,0,0,0,NA,NA,NA,NA,NA,NA,NA,0,0,0,0,0,0,0
573,3,B.Nichols,00-0034387,DT,ARI,0,3,0,3,NA,NA,NA,NA,NA,NA,0,NA,NA,NA,NA,NA,0,0,NA,NA,NA,NA
573,2,S.Neal,00-0034391,CB,SF,0,13,0,13,0,0,0,NA,0,0,0,0,0,0,0,0,NA,NA,NA,NA,0,0
573,3,T.Settle,00-0034397,DT,HOU,0,10,0,10,0,0,0,0,0,NA,0,NA,NA,0,0,0,0,NA,NA,NA,NA,NA
573,4,W.Teller,00-0034399,G,CLE,0,4,0,4,NA,NA,0,0,NA,NA,NA,NA,NA,0,0,NA,NA,NA,NA,NA,NA,NA
573,1,F.Oluokun,00-0034413,LB,JAX,0,17,0,17,0,0,0,0,0,0,0,NA,0,0,0,0,0,0,0,0,0,0
573,2,J.Mailata,00-0034429,OT,PHI,0,5,0,5,NA,NA,NA,NA,0,NA,0,NA,NA,0,0,NA,NA,0,NA,NA,NA,NA
573,1,Z.Franklin,00-0034431,OLB,IND,0,17,0,17,0,0,0,0,0,0,0,0,0,0,NA,0,0,0,0,0,0,0
573,4,L.Cooke,00-0034437,P,JAX,0,16,0,16,0,0,0,0,0,0,0,NA,0,0,NA,0,0,0,0,0,0,0
573,2,J.Davis,00-0034446,CB,CIN,0,6,0,6,NA,NA,NA,NA,NA,NA,NA,NA,NA,NA,NA,0,0,0,NA,0,0,0
573,4,J.Reaves,00-0034465,SAF,WAS,0,17,0,17,0,0,0,0,0,0,0,0,0,0,0,NA,0,0,0,0,0,0
573,1,D.Gardeck,00-0034473,LB,JAX,0,15,0,15,0,NA,0,0,0,0,0,NA,0,0,0,0,0,0,0,0,NA,0
573,1,J.Owens,00-0034485,DB,CHI,0,13,0,13,0,0,0,0,NA,0,0,0,0,0,0,0,NA,0,NA,0,NA,NA
573,4,T.Thomas,00-0034488,SAF,MIN,0,14,0,14,0,0,0,0,0,NA,0,NA,0,0,0,0,NA,0,0,NA,0,0
573,4,Ev.Brown,00-0034495,G,ARI,0,4,0,4,0,0,NA,NA,NA,0,0,NA,NA,NA,NA,NA,NA,NA,NA,NA,NA,NA
573,2,T.Scott,00-0034571,OT,WAS,0,1,0,1,NA,NA,NA,NA,0,NA,NA,NA,NA,NA,NA,NA,NA,NA,NA,NA,NA,NA
573,2,C.Ward,00-0034573,CB,IND,0,7,0,7,0,NA,0,0,0,NA,NA,NA,NA,NA,NA,0,0,0,NA,NA,NA,NA
573,2,M.Ford,00-0034639,CB,ATL,0,10,0,10,NA,0,NA,0,NA,0,NA,0,0,0,NA,0,NA,NA,0,NA,0,0
573,1,M.Dickerson,00-0034657,DE,JAX,0,5,0,5,NA,NA,NA,NA,NA,NA,NA,NA,NA,NA,NA,0,NA,0,0,NA,0,0
573,4,A.Stinnie,00-0034668,G,NYG,0,1,0,1,NA,NA,NA,NA,NA,NA,NA,NA,NA,NA,NA,NA,NA,NA,NA,0,NA,NA
573,1,T.Edmunds,00-0034673,MLB,CHI,0,13,0,13,0,0,0,0,NA,0,0,0,0,0,0,NA,NA,NA,NA,0,0,0
573,1,J.Bates,00-0034675,FS,ATL,0,17,0,17,0,0,0,0,NA,0,0,0,0,0,0,0,0,0,0,0,0,0
573,4,A.Cappa,00-0034678,G,LV,0,4,0,4,NA,NA,NA,NA,NA,0,0,NA,0,NA,NA,NA,NA,NA,NA,0,NA,NA
573,138,C.Edmonds,00-0034681,RB,WAS,0,3,0,0,NA,NA,NA,NA,NA,NA,NA,NA,NA,NA,0,NA,NA,NA,0,NA,0,NA
573,1,R.Spillane,00-0034720,LB,NE,0,13,0,13,0,0,0,0,0,0,0,0,0,0,0,0,0,NA,NA,NA,NA,NA
573,4,C.Bojorquez,00-0034721,P,CLE,0,17,0,17,0,0,0,0,0,0,0,0,NA,0,0,0,0,0,0,0,0,0
573,2,J.Alexander,00-0034728,CB,BAL,0,2,0,2,0,NA,NA,NA,0,NA,NA,NA,NA,NA,NA,NA,NA,NA,NA,NA,NA,NA
573,3,M.Hurst,00-0034746,DT,CLE,0,2,0,2,NA,NA,NA,NA,NA,NA,NA,NA,NA,NA,NA,NA,NA,NA,0,0,NA,NA
573,2,O.Brown,00-0034752,OT,CIN,0,6,0,6,NA,NA,NA,NA,0,NA,NA,NA,0,NA,NA,NA,0,NA,0,NA,0,0
573,1,O.Burks,00-0034754,ILB,CIN,0,17,0,17,0,0,0,0,0,0,0,0,0,NA,0,0,0,0,0,0,0,0
573,3,N.Shepherd,00-0034760,DT,NO,0,16,0,16,0,0,0,0,0,0,0,0,0,0,NA,0,0,0,0,0,0,NA
573,3,V.Vea,00-0034773,DT,TB,0,14,0,14,0,0,0,0,NA,0,0,0,NA,0,NA,NA,0,0,0,0,0,0
573,2,C.Davis,00-0034778,CB,NE,0,17,0,17,0,0,0,0,0,0,0,0,0,0,0,0,0,NA,0,0,0,0
573,1,R.Harrison,00-0034779,LB,ATL,0,9,0,9,NA,NA,NA,NA,NA,NA,NA,0,0,0,0,0,0,0,NA,0,0,NA
573,2,I.Yiadom,00-0034780,CB,NO,0,11,0,11,0,0,0,0,NA,NA,NA,NA,0,0,NA,0,0,0,NA,NA,0,0
573,3,H.Phillips,00-0034782,DT,NYJ,0,17,0,17,0,0,0,0,0,0,0,0,NA,0,0,0,0,0,0,0,0,0
573,1,C.Board,00-0034787,LB,NYG,0,1,0,1,NA,0,NA,NA,NA,NA,NA,NA,NA,NA,NA,NA,NA,NA,NA,NA,NA,NA
573,1,M.Fitzpatrick,00-0034789,FS,MIA,0,14,0,14,0,0,0,0,0,0,0,0,0,0,0,NA,0,0,0,NA,NA,NA
573,1,D.James,00-0034790,FS,LAC,0,15,0,15,0,0,0,0,0,0,0,NA,0,0,0,NA,0,0,0,0,0,NA
573,1,C.Armstrong,00-0034792,DB,MIA,0,2,0,2,NA,NA,0,0,NA,NA,NA,NA,NA,NA,NA,NA,NA,NA,NA,NA,NA,NA
573,1,J.Baker,00-0034797,OLB,CLE,0,16,0,16,0,0,0,0,0,0,0,0,NA,0,0,0,0,NA,0,0,0,0
573,1,B.Hill,00-0034800,DE,CIN,0,17,0,17,0,0,0,0,0,0,0,0,0,NA,0,0,0,0,0,0,0,0
573,1,J.Woods,00-0034801,LB,ATL,0,7,0,7,NA,0,NA,NA,NA,0,0,NA,0,0,NA,NA,NA,NA,NA,0,NA,0
573,2,J.Noteboom,00-0034803,OT,BAL,0,1,0,1,NA,NA,NA,NA,NA,0,NA,NA,NA,NA,NA,NA,NA,NA,NA,NA,NA,NA
573,1,J.Franklin-Myers,00-0034805,DE,DEN,0,13,0,13,0,NA,0,0,NA,0,0,0,0,0,0,NA,0,0,0,0,NA,NA
573,1,S.Joseph,00-0034810,DE,TEN,0,15,0,15,0,0,0,0,0,0,0,NA,0,NA,0,0,0,0,0,0,0,NA
573,1,F.Warner,00-0034815,MLB,SF,0,6,0,6,0,0,0,0,0,0,NA,NA,NA,NA,NA,NA,NA,NA,NA,NA,NA,NA
573,1,D.Nnadi,00-0034818,NT,KC,0,10,0,10,0,0,NA,NA,0,NA,0,NA,0,NA,0,0,0,NA,0,NA,NA,0
573,1,A.Key,00-0034825,LB,TEN,0,12,0,12,0,0,0,0,0,NA,NA,NA,NA,NA,0,0,0,0,0,0,0,NA
573,1,H.Landry,00-0034828,LB,NE,0,14,0,14,0,0,0,0,0,0,0,0,0,0,0,0,0,NA,0,NA,NA,NA
573,1,B.Chubb,00-0034832,OLB,MIA,0,17,0,17,0,0,0,0,0,0,0,0,0,0,0,NA,0,0,0,0,0,0
573,2,B.Smith,00-0034836,OT,IND,0,5,0,5,NA,NA,0,NA,0,NA,NA,NA,NA,0,NA,0,NA,0,NA,NA,NA,NA
573,3,T.Bryan,00-0034842,DT,BAL,0,2,0,2,NA,NA,NA,NA,NA,NA,NA,NA,NA,0,NA,0,NA,NA,NA,NA,NA,NA
573,2,M.Hughes,00-0034843,CB,ATL,0,11,0,11,0,0,0,0,NA,0,0,0,0,NA,NA,0,0,0,NA,NA,NA,NA
573,2,M.McGlinchey,00-0034847,OT,DEN,0,7,0,7,0,NA,NA,NA,0,NA,NA,0,NA,0,0,NA,NA,0,0,NA,NA,NA
573,2,D.Ward,00-0034856,CB,CLE,0,14,0,14,0,0,0,0,0,0,0,0,NA,0,0,0,0,0,NA,NA,0,NA
573,219,M.Turner,00-0034867,WR,SF,0,2,0,0,NA,NA,NA,NA,0,NA,0,NA,NA,NA,NA,NA,NA,NA,NA,NA,NA,NA
573,1,R.Smith,00-0034874,ILB,BAL,0,15,0,15,0,0,0,0,NA,NA,NA,0,0,0,0,0,0,0,0,0,0,0
573,219,S.Sims,00-0034928,WR,ARI,0,3,0,0,NA,NA,NA,NA,NA,NA,NA,NA,NA,NA,NA,NA,NA,NA,NA,0,0,0
573,4,M.Wishnowsky,00-0034941,P,BUF,0,12,0,12,NA,NA,NA,NA,0,0,NA,0,0,0,0,0,0,NA,0,0,0,0
573,2,F.Johnson,00-0034951,OT,PHI,0,3,0,3,NA,NA,NA,NA,NA,NA,NA,NA,NA,NA,0,0,NA,NA,NA,0,NA,NA
573,75,B.Rypien,00-0034955,QB,CIN,0,1,0,0,NA,NA,0,NA,NA,NA,NA,NA,NA,NA,NA,NA,NA,NA,NA,NA,NA,NA
573,2,D.Ross,00-0034966,CB,CLE,0,3,0,3,NA,NA,NA,NA,NA,NA,NA,NA,NA,NA,NA,0,NA,NA,NA,0,NA,0
573,1,R.Gary,00-0034967,DE,GB,0,16,0,16,0,0,0,0,NA,0,0,0,0,0,0,0,0,0,0,0,0,NA
573,4,D.Savage,00-0034968,SAF,BUF,0,9,0,9,NA,0,NA,0,NA,0,0,0,0,0,0,NA,NA,NA,NA,NA,NA,0
573,1,M.Crosby,00-0034973,DE,LV,0,15,0,15,0,0,0,0,0,0,0,NA,0,0,0,0,0,0,0,0,NA,NA
573,4,J.Love,00-0034974,SAF,SEA,0,7,0,7,0,0,NA,0,NA,NA,NA,NA,NA,NA,NA,NA,NA,0,0,0,0,NA
573,4,B.Powers,00-0034978,G,DEN,0,3,0,3,0,NA,NA,NA,0,NA,NA,NA,NA,NA,NA,NA,NA,NA,NA,NA,0,NA
573,1,D.Greenlaw,00-0034982,LB,DEN,0,8,0,8,NA,NA,NA,NA,NA,NA,0,NA,0,0,0,NA,0,0,0,0,NA,NA
573,1,E.Speed,00-0034987,LB,HOU,0,14,0,14,0,0,0,0,0,NA,0,0,NA,0,0,0,0,NA,NA,0,0,0
573,2,J.Skule,00-0034989,OT,MIN,0,3,0,3,0,NA,NA,NA,NA,NA,NA,NA,NA,NA,NA,NA,NA,NA,NA,0,0,NA
573,4,M.Epps,00-0034993,SAF,PHI,0,9,0,9,0,NA,0,0,NA,0,NA,0,NA,NA,NA,NA,NA,0,0,0,0,NA
573,2,O.Udoh,00-0034994,OT,TEN,0,3,0,3,NA,NA,NA,NA,NA,NA,NA,NA,NA,NA,NA,0,NA,NA,0,0,NA,NA
573,1,T.Summers,00-0034999,LB,DET,0,1,0,1,NA,NA,NA,NA,NA,NA,NA,NA,0,NA,NA,NA,NA,NA,NA,NA,NA,NA
573,1,Q.Bell,00-0035000,LB,MIA,0,4,0,4,NA,NA,NA,NA,NA,NA,NA,NA,NA,0,NA,NA,NA,NA,NA,0,0,0
573,1,D.Flannigan-Fowles,00-0035020,LB,NYG,0,7,0,7,NA,NA,NA,0,NA,NA,NA,NA,0,0,0,0,NA,NA,NA,NA,0,0
573,3,K.Givens,00-0035026,DT,SF,0,2,0,2,NA,NA,NA,NA,NA,NA,NA,NA,0,0,NA,NA,NA,NA,NA,NA,NA,NA
573,2,Y.Nijman,00-0035084,OT,CAR,0,1,0,1,0,NA,NA,NA,NA,NA,NA,NA,NA,NA,NA,NA,NA,NA,NA,NA,NA,NA
573,2,P.Mekari,00-0035112,OT,JAX,0,8,0,8,0,0,0,NA,0,NA,0,NA,0,NA,NA,NA,NA,0,0,NA,NA,NA
573,1,M.Orzech,00-0035118,LS,GB,0,3,0,3,NA,NA,NA,NA,NA,NA,NA,0,NA,NA,0,NA,NA,0,NA,NA,NA,NA
573,2,K.Nixon,00-0035133,CB,GB,0,17,0,17,0,0,0,0,NA,0,0,0,0,0,0,0,0,0,0,0,0,0
573,219,M.Hardman,00-0035140,WR,BUF,0,2,0,0,NA,NA,NA,NA,NA,NA,NA,NA,NA,NA,0,NA,NA,NA,NA,0,NA,NA
573,2,U.Amadi,00-0035142,CB,NO,0,1,0,1,NA,NA,NA,0,NA,NA,NA,NA,NA,NA,NA,NA,NA,NA,NA,NA,NA,NA
573,1,Ma.Wilson,00-0035144,LB,ARI,0,8,0,8,0,0,0,0,0,0,0,NA,0,NA,NA,NA,NA,NA,NA,NA,NA,NA
573,4,N.Allegretti,00-0035149,G,WAS,0,2,0,2,0,0,NA,NA,NA,NA,NA,NA,NA,NA,NA,NA,NA,NA,NA,NA,NA,NA
573,4,J.Fox,00-0035156,P,DET,0,16,0,16,0,0,0,0,0,0,0,NA,0,NA,0,0,0,0,0,0,0,0
573,1,D.Harris,00-0035157,LB,NE,0,2,0,2,NA,NA,NA,0,NA,NA,NA,NA,NA,NA,0,NA,NA,NA,NA,NA,NA,NA
573,1,A.Al-Shaair,00-0035166,LB,HOU,0,16,0,16,0,0,0,0,0,NA,0,0,0,0,0,0,0,0,0,NA,0,0
573,2,M.Wright,00-0035189,K,HOU,0,4,0,4,NA,NA,NA,NA,NA,0,NA,0,NA,0,0,NA,NA,NA,NA,NA,NA,NA
573,4,A.Cole,00-0035190,P,LV,0,17,0,17,0,0,0,0,0,0,0,NA,0,0,0,0,0,0,0,0,0,0
573,2,J.Slye,00-0035192,K,TEN,0,16,0,16,0,0,0,0,0,NA,0,0,0,NA,0,0,0,0,0,0,0,0
573,1,D.Phillips,00-0035202,LB,LAC,0,13,0,13,0,NA,NA,0,0,0,0,NA,NA,0,0,NA,0,0,0,0,0,0
573,4,P.Locke,00-0035227,SAF,DEN,0,8,0,8,NA,0,NA,NA,NA,0,NA,0,NA,NA,NA,NA,0,NA,0,0,0,0
573,3,E.Oliver,00-0035230,DT,BUF,0,3,0,3,0,NA,NA,NA,NA,0,NA,0,NA,NA,NA,NA,NA,NA,NA,NA,NA,NA
573,2,T.Howard,00-0035234,OT,HOU,0,4,0,4,NA,0,0,0,NA,NA,NA,NA,NA,NA,0,NA,NA,NA,NA,NA,NA,NA
573,2,B.Murphy,00-0035236,CB,MIN,0,17,0,17,0,0,0,0,0,NA,0,0,0,0,0,0,0,0,0,0,0,0
573,2,J.Taylor,00-0035237,OT,KC,0,6,0,6,0,0,0,NA,0,NA,NA,NA,NA,NA,0,0,NA,NA,NA,NA,NA,NA
573,1,J.Tavai,00-0035240,LB,NE,0,12,0,12,NA,NA,NA,NA,0,0,0,0,0,0,0,NA,0,NA,0,0,0,0
573,1,E.McCoy,00-0035242,C,NO,0,3,0,3,NA,0,NA,0,NA,0,NA,NA,NA,NA,NA,NA,NA,NA,NA,NA,NA,NA
573,4,L.Johnson,00-0035244,SAF,LV,0,8,0,8,NA,NA,NA,NA,NA,NA,NA,NA,NA,0,0,0,NA,0,0,0,0,0
573,1,Z.Allen,00-0035248,DE,DEN,0,17,0,17,0,0,0,0,0,0,0,0,0,0,0,NA,0,0,0,0,0,0
573,4,C.Gardner-Johnson,00-0035253,SAF,CHI,0,13,0,13,0,0,0,NA,NA,NA,NA,NA,0,0,0,0,0,0,0,0,0,0
573,1,A.Nelson,00-0035254,LB,TB,0,14,0,14,0,0,0,0,0,0,0,0,NA,0,0,0,0,0,0,NA,NA,NA
573,1,K.Sheffield,00-0035255,DB,MIA,0,1,0,1,NA,NA,NA,NA,NA,NA,NA,0,NA,NA,NA,NA,NA,NA,NA,NA,NA,NA
573,1,H.Froholdt,00-0035258,C,ARI,0,5,0,5,0,0,0,0,NA,NA,NA,NA,NA,0,NA,NA,NA,NA,NA,NA,NA,NA
573,1,D.Tranquill,00-0035262,LB,KC,0,17,0,17,0,0,0,0,0,0,0,0,0,NA,0,0,0,0,0,0,0,0
573,4,M.Jordan,00-0035266,G,TB,0,1,0,1,NA,NA,NA,NA,NA,NA,NA,NA,NA,NA,NA,NA,NA,0,NA,NA,NA,NA
573,2,M.Gay,00-0035269,K,SF,0,12,0,12,0,0,0,0,0,0,0,NA,0,0,0,0,0,NA,NA,NA,NA,NA
573,2,A.Oruwariye,00-0035270,CB,BAL,0,1,0,1,NA,NA,NA,NA,NA,NA,NA,NA,NA,NA,NA,0,NA,NA,NA,NA,NA,NA
573,1,A.Van Ginkel,00-0035272,OLB,MIN,0,12,0,12,0,NA,0,NA,NA,NA,NA,NA,0,0,0,0,0,0,0,0,0,0
573,1,B.Cashman,00-0035276,LB,MIN,0,13,0,13,0,NA,NA,NA,NA,NA,0,0,0,0,0,0,0,0,0,0,0,0
573,2,M.Jackson,00-0035277,CB,CAR,0,17,0,17,0,0,0,0,0,0,0,0,0,0,0,0,0,NA,0,0,0,0
573,1,C.Omenihu,00-0035279,DE,KC,0,14,0,14,0,0,0,0,0,0,0,0,NA,NA,0,NA,0,NA,0,0,0,0
573,4,J.Bailey,00-0035280,P,MIA,0,17,0,17,0,0,0,0,0,0,0,0,0,0,0,NA,0,0,0,0,0,0
573,1,C.Holcomb,00-0035286,LB,PIT,0,11,0,11,NA,0,0,0,NA,0,0,0,NA,NA,NA,0,0,0,0,0,NA,NA
573,4,D.Wilson,00-0035301,SAF,DAL,0,15,0,15,0,0,0,0,0,0,0,NA,NA,NA,0,0,0,0,0,0,0,0
573,1,K.Elliss,00-0035316,LB,ATL,0,17,0,17,0,0,0,0,NA,0,0,0,0,0,0,0,0,0,0,0,0,0
573,1,A.Pittman,00-0035330,LB,DET,0,1,0,1,0,NA,NA,NA,NA,NA,NA,NA,NA,NA,NA,NA,NA,NA,NA,NA,NA,NA
573,1,T.Dodson,00-0035352,LB,MIA,0,16,0,16,0,0,0,0,0,NA,0,0,0,0,0,NA,0,0,0,0,0,0
573,1,B.Hance,00-0035355,OL,TEN,0,1,0,1,NA,0,NA,NA,NA,NA,NA,NA,NA,NA,NA,NA,NA,NA,NA,NA,NA,NA
573,2,C.Lewis,00-0035357,CB,BUF,0,16,0,16,0,0,0,0,0,0,NA,0,0,0,0,0,0,0,0,NA,0,0
573,2,C.McLaughlin,00-0035358,K,TB,0,17,0,17,0,0,0,0,0,0,0,0,NA,0,0,0,0,0,0,0,0,0
573,1,J.Giles-Harris,00-0035363,LB,CIN,0,8,0,8,NA,NA,NA,NA,NA,NA,NA,0,NA,NA,0,0,NA,0,0,0,0,0
573,4,A.Wingard,00-0035378,SAF,JAX,0,16,0,16,0,0,0,0,0,0,0,NA,0,0,0,0,0,NA,0,0,0,0
573,1,T.Edwards,00-0035386,LB,CHI,0,10,0,10,NA,0,NA,NA,NA,0,0,0,0,NA,NA,NA,NA,0,0,0,0,0
573,1,C.Granderson,00-0035402,DE,NO,0,16,0,16,0,0,0,0,0,0,0,0,0,0,NA,0,0,0,NA,0,0,0
573,3,S.Tuttle,00-0035409,DT,WAS,0,9,0,9,NA,0,0,0,0,0,0,0,NA,NA,NA,NA,NA,NA,NA,NA,0,0
573,1,L.Gifford,00-0035413,LB,SF,0,14,0,14,0,0,0,0,0,0,NA,0,0,0,0,NA,0,NA,0,0,0,NA
573,1,D.Bush,00-0035525,LB,CLE,0,17,0,17,0,0,0,0,0,0,0,0,NA,0,0,0,0,0,0,0,0,0
573,1,E.Jenkins,00-0035526,C,GB,0,2,0,2,NA,NA,NA,0,NA,NA,NA,NA,0,NA,NA,NA,NA,NA,NA,NA,NA,NA
573,1,K.Hall,00-0035542,DB,TEN,0,2,0,2,NA,NA,NA,NA,NA,NA,NA,NA,NA,NA,NA,NA,NA,NA,NA,0,0,NA
573,1,G.Bradbury,00-0035588,C,NE,0,3,0,3,NA,0,NA,NA,NA,0,NA,NA,NA,NA,NA,NA,NA,NA,NA,0,NA,NA
573,1,T.Reeder,00-0035617,LB,LA,0,14,0,14,0,0,0,0,0,0,0,NA,NA,NA,0,0,0,0,0,NA,0,0
573,4,J.Thornhill,00-0035625,SAF,PIT,0,8,0,8,0,0,0,0,NA,0,0,0,NA,0,NA,NA,NA,NA,NA,NA,NA,NA
573,2,J.Williams,00-0035629,OT,ARI,0,4,0,4,NA,0,NA,0,0,NA,NA,NA,NA,0,NA,NA,NA,NA,NA,NA,NA,NA
573,4,C.Lindstrom,00-0035630,G,ATL,0,5,0,5,NA,NA,NA,NA,NA,NA,NA,NA,NA,NA,0,NA,NA,0,0,0,0,NA
573,4,A.Hooker,00-0035632,SAF,TEN,0,16,0,16,0,0,0,0,0,0,0,0,0,NA,0,0,0,0,0,0,0,NA
573,1,C.Ballentine,00-0035633,DB,DAL,0,3,0,3,0,NA,NA,NA,NA,NA,NA,0,NA,NA,NA,NA,NA,NA,NA,NA,0,NA
573,1,L.Collier,00-0035636,DE,ARI,0,3,0,3,0,NA,NA,NA,NA,NA,NA,NA,NA,NA,NA,NA,NA,NA,NA,NA,0,0
573,2,R.Ya-Sin,00-0035637,CB,DET,0,15,0,15,0,0,0,0,0,0,0,NA,NA,0,0,0,NA,0,0,0,0,0
573,219,P.Campbell,00-0035639,WR,DAL,0,1,0,0,NA,NA,NA,NA,NA,0,NA,NA,NA,NA,NA,NA,NA,NA,NA,NA,NA,NA
573,1,J.Hines-Allen,00-0035642,DE,JAX,0,17,0,17,0,0,0,0,0,0,0,NA,0,0,0,0,0,0,0,0,0,0
573,1,S.Takitaki,00-0035646,LB,MIN,0,2,0,2,NA,NA,NA,NA,NA,NA,NA,NA,NA,NA,NA,NA,NA,NA,NA,0,0,NA
573,1,M.Sweat,00-0035647,DE,CHI,0,17,0,17,0,0,0,0,NA,0,0,0,0,0,0,0,0,0,0,0,0,0
573,4,W.Harris,00-0035655,SAF,WAS,0,9,0,9,0,0,0,NA,NA,NA,NA,NA,NA,NA,NA,NA,0,0,0,0,0,0
573,3,K.Saunders,00-0035656,DT,NYJ,0,7,0,7,0,NA,NA,NA,NA,NA,NA,NA,NA,0,NA,NA,NA,0,0,0,0,0
573,4,T.Rapp,00-0035663,SAF,BUF,0,6,0,6,0,0,0,0,0,0,NA,NA,NA,NA,NA,NA,NA,NA,NA,NA,NA,NA
573,3,G.Gaines,00-0035667,DT,TB,0,14,0,14,0,0,NA,0,NA,0,0,NA,NA,0,0,0,0,0,0,0,0,0
573,4,D.Edwards,00-0035668,G,BUF,0,2,0,2,NA,NA,NA,0,NA,NA,NA,NA,NA,NA,NA,NA,NA,NA,NA,0,NA,NA
573,4,N.Scott,00-0035669,SAF,CAR,0,17,0,17,0,0,0,0,0,0,0,0,0,0,0,0,0,NA,0,0,0,0
573,1,C.Barton,00-0035672,LB,TEN,0,17,0,17,0,0,0,0,0,0,0,0,0,NA,0,0,0,0,0,0,0,0
573,3,J.Tillery,00-0035674,DT,KC,0,11,0,11,0,0,NA,0,0,NA,0,0,NA,NA,NA,NA,0,0,NA,0,0,0
573,1,D.Jones,00-0035678,DE,BAL,0,17,0,17,0,0,0,0,0,0,0,0,0,0,0,0,0,0,0,0,0,NA
573,1,C.McGovern,00-0035679,C,BUF,0,2,0,2,NA,NA,NA,NA,0,NA,NA,NA,NA,NA,NA,NA,0,NA,NA,NA,NA,NA
573,1,Q.Williams,00-0035680,LB,NYJ,0,13,0,13,0,0,0,NA,NA,NA,NA,0,NA,0,0,0,0,0,0,0,0,0
573,4,M.Edwards,00-0035681,SAF,KC,0,4,0,4,NA,NA,NA,NA,NA,NA,NA,NA,NA,NA,NA,NA,0,0,NA,0,0,NA
573,3,D.Lawrence,00-0035683,DT,NYG,0,16,0,16,0,0,0,0,0,0,0,0,0,0,0,0,NA,NA,0,0,0,0
573,1,B.Okereke,00-0035687,ILB,NYG,0,17,0,17,0,0,0,0,0,0,0,0,0,0,0,0,0,NA,0,0,0,0
573,2,T.Pipkins,00-0035688,OT,LAC,0,5,0,5,NA,0,NA,0,0,NA,NA,NA,NA,NA,NA,NA,0,0,NA,NA,NA,NA
573,1,C.Ferrell,00-0035692,DE,SF,0,8,0,8,NA,NA,NA,NA,0,NA,NA,NA,0,0,NA,0,0,NA,0,0,NA,0
573,1,G.Pratt,00-0035697,LB,IND,0,16,0,16,0,0,0,0,NA,0,0,0,0,0,NA,0,0,0,0,0,0,0
573,2,C.Edoga,00-0035698,OT,JAX,0,3,0,3,NA,NA,NA,0,NA,0,NA,NA,NA,0,NA,NA,NA,NA,NA,NA,NA,NA
573,2,J.Dean,00-0035699,CB,TB,0,13,0,13,0,0,0,0,NA,0,0,0,NA,0,NA,NA,0,0,0,0,0,NA
573,4,D.Risner,00-0035702,G,CIN,0,5,0,5,NA,0,NA,NA,NA,NA,NA,NA,NA,NA,NA,NA,0,0,NA,0,NA,0
573,4,J.Thompson,00-0035705,SAF,ARI,0,15,0,15,0,0,0,0,0,0,0,NA,0,0,0,0,0,0,NA,NA,0,0
573,1,D.White,00-0035707,LB,LV,0,17,0,17,0,0,0,0,0,0,0,NA,0,0,0,0,0,0,0,0,0,0
573,1,B.Burns,00-0035713,LB,NYG,0,17,0,17,0,0,0,0,0,0,0,0,0,0,0,0,0,NA,0,0,0,0
573,1,N.Bosa,00-0035717,DE,SF,0,3,0,3,0,0,0,NA,NA,NA,NA,NA,NA,NA,NA,NA,NA,NA,NA,NA,NA,NA
573,3,Q.Williams,00-0035718,DT,DAL,0,15,0,15,0,0,0,0,0,0,0,0,NA,NA,0,0,0,0,0,NA,0,0
573,138,J.Johnson,00-0035726,RB,HOU,0,2,0,0,NA,0,0,NA,NA,NA,NA,NA,NA,NA,NA,NA,NA,NA,NA,NA,NA,NA
573,4,B.Toth,00-0035743,G,PHI,0,3,0,3,NA,NA,NA,NA,0,NA,NA,0,NA,0,NA,NA,NA,NA,NA,NA,NA,NA
573,1,J.Bobenmoyer,00-0035757,LS,LV,0,4,0,4,0,NA,NA,NA,NA,NA,NA,NA,NA,0,0,0,NA,NA,NA,NA,NA,NA
573,3,M.Roach,00-0035763,DT,DEN,0,12,0,12,NA,NA,NA,NA,NA,0,0,0,0,0,0,NA,0,0,0,0,0,0
573,2,J.Pierre,00-0035795,CB,PIT,0,10,0,10,NA,NA,0,0,NA,0,NA,NA,0,0,0,0,0,0,NA,NA,NA,0
573,4,C.Waitman,00-0035821,P,PIT,0,17,0,17,0,0,0,0,NA,0,0,0,0,0,0,0,0,0,0,0,0,0
573,1,R.Matiscik,00-0035827,LS,JAX,0,3,0,3,NA,NA,NA,0,NA,0,NA,NA,NA,NA,NA,NA,0,NA,NA,NA,NA,NA
573,3,B.Jones,00-0035841,DT,MIA,0,9,0,9,NA,NA,NA,NA,0,0,0,0,0,0,0,NA,0,NA,NA,0,NA,NA
573,1,Ch.Williams,00-0035857,DL,CHI,0,10,0,10,0,0,0,NA,NA,0,0,NA,0,0,NA,NA,0,NA,0,NA,NA,0
573,4,B.Gillikin,00-0035859,P,ARI,0,5,0,5,0,0,0,0,0,NA,NA,NA,NA,NA,NA,NA,NA,NA,NA,NA,NA,NA
573,4,T.Townsend,00-0035889,P,HOU,0,17,0,17,0,0,0,0,0,NA,0,0,0,0,0,0,0,0,0,0,0,0
573,1,T.Wharton,00-0035890,DE,CAR,0,9,0,9,0,NA,NA,0,NA,NA,0,0,0,0,0,0,0,NA,NA,NA,NA,NA
573,1,J.Bachie,00-0035895,LB,TEN,0,8,0,8,0,0,0,0,0,NA,NA,NA,NA,NA,0,0,NA,NA,0,NA,NA,NA
573,1,C.Christiansen,00-0035900,LB,KC,0,2,0,2,NA,NA,NA,NA,NA,NA,NA,NA,NA,NA,NA,NA,NA,NA,NA,NA,0,0
573,1,M.Hoecht,00-0035933,LB,BUF,0,2,0,2,NA,NA,NA,NA,NA,NA,NA,0,0,NA,NA,NA,NA,NA,NA,NA,NA,NA
573,1,C.Rozeboom,00-0035942,LB,CAR,0,15,0,15,0,0,0,0,0,0,0,0,0,0,0,NA,NA,NA,0,0,0,0
573,1,J.Williams,00-0035944,DE,NO,0,10,0,10,0,NA,0,NA,NA,NA,NA,NA,0,0,NA,0,NA,0,0,0,0,0
573,125,G.Ricci,00-0035956,TE,DET,0,2,0,0,NA,NA,NA,NA,NA,NA,NA,NA,NA,NA,NA,NA,NA,NA,0,NA,0,NA
573,1,K.Barnes,00-0035961,LB,CAR,0,5,0,5,NA,NA,NA,NA,0,NA,NA,NA,NA,NA,NA,0,0,NA,NA,0,NA,0
573,2,T.Steele,00-0036036,OT,DAL,0,3,0,3,NA,NA,0,NA,NA,NA,NA,0,NA,NA,NA,NA,0,NA,NA,NA,NA,NA
573,4,S.Franklin,00-0036037,SAF,BUF,0,12,0,12,0,0,NA,NA,0,0,NA,0,NA,0,0,0,0,NA,NA,0,0,0
573,3,B.Washington,00-0036081,DT,BAL,0,2,0,2,0,NA,0,NA,NA,NA,NA,NA,NA,NA,NA,NA,NA,NA,NA,NA,NA,NA
573,1,L.McCullough,00-0036082,LS,ATL,0,1,0,1,NA,NA,NA,NA,NA,NA,NA,NA,NA,NA,NA,NA,0,NA,NA,NA,NA,NA
573,2,M.Bryant,00-0036087,CB,HOU,0,8,0,8,NA,NA,NA,NA,NA,NA,NA,NA,NA,0,0,0,0,0,0,0,NA,0
573,2,A.Green,00-0036114,CB,MIA,0,1,0,1,NA,NA,NA,NA,NA,NA,NA,NA,NA,NA,NA,NA,NA,NA,NA,0,NA,NA
573,2,B.Walton,00-0036123,OT,CAR,0,1,0,1,NA,NA,NA,0,NA,NA,NA,NA,NA,NA,NA,NA,NA,NA,NA,NA,NA,NA
573,2,K.Dorsey,00-0036124,CB,DET,0,7,0,7,0,0,0,0,NA,NA,NA,NA,NA,NA,NA,NA,0,0,0,NA,NA,NA
573,3,N.Madubuike,00-0036130,DT,BAL,0,2,0,2,0,0,NA,NA,NA,NA,NA,NA,NA,NA,NA,NA,NA,NA,NA,NA,NA,NA
573,4,B.Bredeson,00-0036132,G,TB,0,2,0,2,NA,NA,0,NA,NA,NA,NA,0,NA,NA,NA,NA,NA,NA,NA,NA,NA,NA
573,1,B.Huff,00-0036151,DE,SF,0,14,0,14,0,0,0,0,0,0,0,NA,NA,0,0,0,0,NA,0,0,0,NA
573,1,K.Welch,00-0036157,LB,GB,0,3,0,3,NA,NA,NA,NA,NA,NA,NA,NA,NA,0,NA,NA,0,0,NA,NA,NA,NA
573,1,J.Uche,00-0036159,LB,PHI,0,11,0,11,0,0,0,0,0,0,0,0,NA,0,NA,0,NA,NA,NA,NA,NA,0
573,2,D.Jackson,00-0036166,CB,BUF,0,1,0,1,NA,NA,NA,NA,NA,NA,NA,NA,0,NA,NA,NA,NA,NA,NA,NA,NA,NA
573,1,A.Brewer,00-0036171,C,MIA,0,2,0,2,NA,0,NA,NA,NA,0,NA,NA,NA,NA,NA,NA,NA,NA,NA,NA,NA,NA
573,3,T.Tart,00-0036181,DT,LAC,0,17,0,17,0,0,0,0,0,0,0,0,0,0,0,NA,0,0,0,0,0,0
573,1,A.Epenesa,00-0036192,DE,BUF,0,15,0,15,0,0,0,0,0,0,NA,0,0,NA,0,0,0,0,NA,0,0,0
573,1,A.Jennings,00-0036193,LB,NE,0,13,0,13,NA,0,NA,0,0,NA,NA,0,0,0,0,0,0,NA,0,0,0,0
573,2,C.Heck,00-0036195,OT,TB,0,2,0,2,NA,0,NA,NA,NA,NA,0,NA,NA,NA,NA,NA,NA,NA,NA,NA,NA,NA
573,4,M.Onwenu,00-0036198,G,NE,0,3,0,3,NA,NA,0,NA,NA,NA,NA,0,NA,NA,NA,NA,NA,NA,0,NA,NA,NA
573,4,G.Stone,00-0036199,SAF,CIN,0,16,0,16,0,0,0,0,0,0,0,0,0,NA,0,0,0,0,0,NA,0,0
573,3,L.London,00-0036204,DT,ATL,0,10,0,10,NA,NA,0,NA,NA,NA,NA,NA,0,NA,0,0,0,0,0,0,0,0
573,1,D.Pinter,00-0036215,C,IND,0,1,0,1,NA,NA,NA,NA,NA,NA,NA,NA,NA,NA,NA,NA,NA,NA,NA,0,NA,NA
573,1,D.Brown,00-0036220,DE,CAR,0,16,0,16,0,0,0,0,0,0,0,0,0,0,NA,0,0,NA,0,0,0,0
573,4,B.Jones,00-0036221,SAF,DEN,0,14,0,14,0,0,0,0,0,0,0,0,0,0,0,NA,0,0,0,NA,NA,NA
573,2,I.Rodgers,00-0036222,CB,MIN,0,17,0,17,0,0,0,0,0,NA,0,0,0,0,0,0,0,0,0,0,0,0
573,1,J.Greenard,00-0036224,LB,MIN,0,12,0,12,0,0,0,0,0,NA,0,0,0,0,NA,NA,0,0,0,NA,NA,NA
573,4,K.Dugger,00-0036231,SAF,PIT,0,16,0,16,0,0,0,0,0,0,0,NA,0,0,0,0,0,NA,0,0,0,0
573,1,L.Murchison,00-0036237,DE,LA,0,7,0,7,NA,0,NA,NA,NA,0,0,NA,NA,0,0,NA,NA,NA,0,NA,0,NA
573,4,J.Runyan,00-0036246,G,NYG,0,5,0,5,NA,NA,0,NA,NA,NA,NA,NA,NA,0,0,NA,0,NA,0,NA,NA,NA
573,2,A.Jackson,00-0036248,OT,MIA,0,3,0,3,NA,NA,NA,NA,NA,NA,NA,NA,NA,NA,NA,NA,NA,0,NA,0,0,NA
573,4,J.Blackmon,00-0036253,SAF,NO,0,1,0,1,0,NA,NA,NA,NA,NA,NA,NA,NA,NA,NA,NA,NA,NA,NA,NA,NA,NA
573,2,C.McKivitz,00-0036256,OT,SF,0,5,0,5,0,NA,NA,0,0,NA,NA,NA,0,NA,NA,0,NA,NA,NA,NA,NA,NA
573,4,J.Jackson,00-0036258,G,CHI,0,4,0,4,0,0,NA,0,NA,NA,NA,NA,NA,NA,NA,NA,NA,NA,0,NA,NA,NA
573,3,J.Kinlaw,00-0036260,DT,WAS,0,16,0,16,0,0,0,0,0,0,0,0,0,0,0,NA,NA,0,0,0,0,0
573,3,D.Hamilton,00-0036262,DT,JAX,0,15,0,15,NA,0,0,0,0,0,0,NA,NA,0,0,0,0,0,0,0,0,0
573,3,J.Elliott,00-0036266,DT,SF,0,14,0,14,0,0,0,0,0,0,0,NA,0,0,0,0,0,NA,NA,NA,0,0
573,2,J.Okudah,00-0036274,CB,MIN,0,6,0,6,0,NA,0,0,0,NA,0,0,NA,NA,NA,NA,NA,NA,NA,NA,NA,NA
573,1,M.Harrison,00-0036280,LB,PIT,0,10,0,10,0,NA,NA,NA,NA,NA,NA,NA,0,0,0,0,0,0,0,NA,0,0
573,2,C.Henderson,00-0036281,CB,ATL,0,3,0,3,NA,NA,NA,NA,NA,NA,NA,NA,NA,NA,NA,NA,NA,NA,NA,0,0,0
573,4,G.Delpit,00-0036282,SAF,CLE,0,17,0,17,0,0,0,0,0,0,0,0,NA,0,0,0,0,0,0,0,0,0
573,4,M.Becton,00-0036284,G,LAC,0,4,0,4,0,NA,0,NA,NA,NA,0,NA,NA,0,NA,NA,NA,NA,NA,NA,NA,NA
573,2,A.Terrell,00-0036285,CB,ATL,0,15,0,15,0,0,NA,NA,NA,0,0,0,0,0,0,0,0,0,0,0,0,0
573,1,K.Chaisson,00-0036286,LB,NE,0,15,0,15,0,0,0,0,NA,0,0,0,0,0,0,0,0,NA,NA,0,0,0
573,2,N.Igbinoghene,00-0036287,CB,WAS,0,10,0,10,0,NA,0,NA,NA,NA,NA,NA,NA,0,0,NA,0,0,0,0,0,0
573,1,Y.Gross-Matos,00-0036288,DE,SF,0,6,0,6,0,0,NA,0,0,NA,NA,NA,NA,NA,NA,NA,NA,NA,NA,NA,0,0
573,1,M.Davidson,00-0036291,DE,HOU,0,1,0,1,NA,NA,NA,NA,NA,NA,NA,NA,NA,NA,NA,NA,NA,NA,NA,0,NA,NA
573,2,J.Johnson,00-0036292,CB,CHI,0,7,0,7,NA,0,NA,NA,NA,NA,NA,NA,NA,NA,NA,NA,0,0,0,0,0,0
573,4,J.Chinn,00-0036293,SAF,LV,0,15,0,15,0,0,0,0,0,0,0,NA,0,0,0,0,0,0,0,0,NA,NA
573,1,L.Wilson,00-0036294,LB,DAL,0,15,0,15,0,0,0,0,0,0,0,0,NA,NA,0,0,0,0,0,0,NA,0
573,1,A.Davis-Gaither,00-0036298,LB,ARI,0,16,0,16,0,0,0,0,0,0,0,NA,0,0,0,0,0,NA,0,0,0,0
573,1,M.Walker,00-0036300,LB,NYJ,0,12,0,12,NA,NA,NA,0,NA,0,0,0,NA,NA,0,0,0,0,0,0,0,0
573,4,J.Hawkins,00-0036302,SAF,NE,0,15,0,15,0,0,0,0,0,NA,NA,0,0,0,0,0,0,NA,0,0,0,0
573,1,T.Gipson,00-0036305,DE,CAR,0,10,0,10,NA,NA,NA,NA,0,0,NA,0,0,0,0,0,0,NA,0,NA,NA,0
573,4,D.Thomas,00-0036306,SAF,DET,0,9,0,9,NA,0,0,NA,NA,NA,NA,NA,NA,NA,0,NA,0,0,0,0,0,0
573,2,K.Vildor,00-0036307,CB,TB,0,4,0,4,NA,NA,NA,NA,0,0,NA,NA,NA,NA,NA,0,NA,NA,0,NA,NA,NA
573,2,H.Adeniji,00-0036310,OT,DAL,0,1,0,1,NA,NA,NA,NA,NA,NA,NA,NA,NA,NA,NA,NA,NA,NA,0,NA,NA,NA
573,1,C.Young,00-0036321,DE,NO,0,12,0,12,NA,NA,NA,NA,NA,0,0,0,0,0,NA,0,0,0,0,0,0,0
573,1,P.Queen,00-0036323,LB,PIT,0,17,0,17,0,0,0,0,NA,0,0,0,0,0,0,0,0,0,0,0,0,0
573,2,R.Hunt,00-0036325,OT,CAR,0,1,0,1,NA,0,NA,NA,NA,NA,NA,NA,NA,NA,NA,NA,NA,NA,NA,NA,NA,NA
573,4,E.Cleveland,00-0036327,G,JAX,0,2,0,2,NA,NA,NA,NA,NA,0,NA,NA,NA,NA,NA,NA,NA,0,NA,NA,NA,NA
573,4,A.Davis,00-0036329,SAF,MIA,0,13,0,13,0,NA,0,0,0,0,0,NA,NA,NA,0,NA,0,0,0,0,0,0
573,1,A.Highsmith,00-0036333,LB,PIT,0,13,0,13,0,0,NA,NA,NA,0,0,0,0,0,NA,NA,0,0,0,0,0,0
573,1,D.Wonnum,00-0036335,LB,CAR,0,16,0,16,0,0,0,NA,0,0,0,0,0,0,0,0,0,NA,0,0,0,0
573,3,J.Lynch,00-0036337,DT,TEN,0,16,0,16,0,0,0,0,0,0,0,0,0,NA,0,NA,0,0,0,0,0,0
573,1,T.Dye,00-0036338,LB,LAC,0,15,0,15,0,0,0,0,0,0,NA,0,0,NA,0,NA,0,0,0,0,0,0
573,4,K.Dotson,00-0036339,G,LA,0,2,0,2,NA,NA,NA,0,NA,NA,NA,NA,0,NA,NA,NA,NA,NA,NA,NA,NA,NA
573,1,K.Kareem,00-0036341,DE,ATL,0,4,0,4,NA,NA,NA,NA,NA,NA,NA,NA,NA,NA,0,NA,NA,NA,NA,0,0,0
573,1,B.Brandel,00-0036347,C,MIN,0,6,0,6,NA,NA,0,NA,NA,NA,0,0,NA,0,NA,NA,0,NA,NA,NA,0,NA
573,4,J.Metellus,00-0036348,SAF,MIN,0,14,0,14,0,0,0,0,0,NA,0,0,0,0,0,0,0,0,0,NA,NA,NA
573,4,K.Curl,00-0036349,SAF,LA,0,17,0,17,0,0,0,0,0,0,0,NA,0,0,0,0,0,0,0,0,0,0
573,1,I.Simmons,00-0036356,LB,CAR,0,2,0,2,NA,NA,NA,NA,NA,NA,NA,NA,NA,NA,NA,NA,0,NA,NA,NA,0,NA
573,2,D.Arnette,00-0036359,CB,HOU,0,2,0,2,NA,NA,NA,NA,0,NA,NA,NA,NA,0,NA,NA,NA,NA,NA,NA,NA,NA
573,2,T.Diggs,00-0036361,CB,GB,0,9,0,9,0,0,0,0,0,0,NA,NA,NA,NA,NA,NA,NA,NA,NA,0,0,0
573,1,W.Gay,00-0036362,LB,MIA,0,9,0,9,NA,0,NA,NA,NA,NA,NA,0,0,0,NA,NA,0,0,0,NA,0,0
573,3,N.Gallimore,00-0036366,DT,IND,0,15,0,15,0,NA,0,0,0,0,0,0,0,0,NA,0,0,NA,0,0,0,0
573,4,J.Simpson,00-0036369,G,NYJ,0,8,0,8,0,NA,NA,0,0,NA,0,NA,NA,NA,NA,0,0,0,NA,0,NA,NA
573,3,L.Fotu,00-0036371,DT,HOU,0,6,0,6,NA,0,NA,NA,NA,0,0,NA,NA,NA,NA,NA,0,NA,NA,NA,0,0
573,2,L.Sneed,00-0036374,CB,TEN,0,7,0,7,0,0,0,0,0,0,0,NA,NA,NA,NA,NA,NA,NA,NA,NA,NA,NA
573,2,A.Robertson,00-0036375,CB,DET,0,17,0,17,0,0,0,0,0,0,0,NA,0,0,0,0,0,0,0,0,0,0
573,1,T.Biadasz,00-0036376,C,WAS,0,2,0,2,NA,NA,NA,NA,NA,NA,NA,NA,0,NA,NA,NA,NA,NA,0,NA,NA,NA
573,1,M.Danna,00-0036378,DE,KC,0,12,0,12,0,NA,NA,NA,0,0,0,0,0,NA,0,NA,0,0,0,0,NA,0
573,4,A.Gilman,00-0036380,SAF,BAL,0,17,0,17,0,0,0,0,0,0,NA,0,0,0,0,0,0,0,0,0,0,0
573,2,A.Thomas,00-0036386,OT,NYG,0,3,0,3,NA,NA,NA,0,NA,NA,NA,NA,NA,NA,0,0,NA,NA,NA,NA,NA,NA
573,4,X.McKinney,00-0036388,SAF,GB,0,16,0,16,0,0,0,0,NA,0,0,0,0,0,0,0,0,0,0,0,0,NA
573,1,L.Cushenberry,00-0036391,C,TEN,0,3,0,3,NA,NA,NA,0,NA,NA,0,NA,NA,NA,0,NA,NA,NA,NA,NA,NA,NA
573,2,M.Peart,00-0036392,OT,DEN,0,1,0,1,NA,NA,NA,NA,NA,0,NA,NA,NA,NA,NA,NA,NA,NA,NA,NA,NA,NA
573,2,D.Holmes,00-0036394,CB,LV,0,10,0,10,0,NA,0,0,0,0,0,NA,NA,0,0,0,NA,NA,NA,NA,NA,0
573,4,K.Wallace,00-0036395,SAF,HOU,0,2,0,2,NA,NA,NA,NA,NA,NA,NA,NA,NA,NA,NA,NA,NA,NA,NA,NA,0,0
573,4,C.Ruiz,00-0036408,G,NO,0,4,0,4,0,0,NA,NA,NA,NA,NA,NA,NA,NA,NA,0,NA,0,NA,NA,NA,NA
573,1,J.Brooks,00-0036409,LB,MIA,0,17,0,17,0,0,0,0,0,0,0,0,0,0,0,NA,0,0,0,0,0,0
573,4,A.Winfield,00-0036411,SAF,TB,0,17,0,17,0,0,0,0,0,0,0,0,NA,0,0,0,0,0,0,0,0,0
573,1,D.Taylor,00-0036413,DE,HOU,0,3,0,3,0,NA,NA,NA,0,NA,NA,NA,0,NA,NA,NA,NA,NA,NA,NA,NA,NA
573,2,K.Fulton,00-0036416,CB,KC,0,6,0,6,0,NA,NA,NA,NA,NA,NA,NA,NA,NA,0,0,NA,NA,NA,0,0,0
573,4,D.Lewis,00-0036417,G,CAR,0,5,0,5,NA,NA,0,0,NA,NA,NA,NA,NA,0,NA,NA,NA,NA,NA,0,NA,0
573,1,Z.Baun,00-0036418,LB,PHI,0,16,0,16,0,0,0,0,0,0,0,0,NA,0,0,0,0,0,0,0,0,NA
573,4,T.Burgess,00-0036421,SAF,NO,0,11,0,11,NA,NA,0,NA,0,NA,0,0,0,0,NA,0,0,0,NA,0,NA,0
573,1,J.Strnad,00-0036428,LB,DEN,0,13,0,13,0,0,0,0,0,0,0,0,0,0,0,NA,NA,0,NA,NA,NA,0
573,4,J.Fuller,00-0036431,SAF,ATL,0,2,0,2,NA,NA,NA,NA,NA,NA,NA,0,NA,NA,NA,NA,NA,0,NA,NA,NA,NA
573,1,K.Murray,00-0036441,LB,DAL,0,17,0,17,0,0,0,0,0,0,0,0,0,NA,0,0,0,0,0,0,0,0
573,1,R.Sunahara,00-0036443,LS,CLE,0,6,0,6,NA,NA,NA,0,0,NA,0,NA,NA,NA,0,NA,NA,0,0,NA,NA,NA
573,219,C.Blair,00-0036463,WR,ATL,0,1,0,0,NA,NA,NA,NA,NA,NA,NA,NA,NA,NA,NA,NA,NA,NA,NA,NA,0,NA
573,1,K.Paye,00-0036479,DE,IND,0,16,0,16,0,0,0,0,NA,0,0,0,0,0,NA,0,0,0,0,0,0,0
573,1,D.Odeyingbo,00-0036480,DE,CHI,0,8,0,8,0,0,0,0,NA,0,0,0,0,NA,NA,NA,NA,NA,NA,NA,NA,NA
573,4,W.Fries,00-0036483,G,MIN,0,4,0,4,NA,0,0,0,NA,NA,NA,NA,NA,NA,NA,NA,0,NA,NA,NA,NA,NA
573,1,J.Sherwood,00-0036500,LB,NYJ,0,17,0,17,0,0,0,0,0,0,0,0,NA,0,0,0,0,0,0,0,0,0
573,2,M.Carter,00-0036501,CB,PHI,0,7,0,7,0,0,0,0,NA,NA,NA,0,NA,NA,NA,0,NA,NA,NA,NA,NA,0
573,4,J.Pinnock,00-0036502,SAF,SF,0,13,0,13,0,0,0,0,0,NA,0,NA,NA,0,0,0,0,NA,0,NA,0,0
573,2,B.Echols,00-0036504,CB,PIT,0,14,0,14,0,NA,0,0,NA,0,0,0,0,0,0,0,0,0,0,0,NA,NA
573,219,D.Turner,00-0036527,WR,LV,0,1,0,0,NA,NA,NA,NA,NA,NA,NA,NA,NA,NA,NA,NA,NA,0,NA,NA,NA,NA
573,4,A.Banks,00-0036551,G,GB,0,4,0,4,NA,NA,NA,NA,NA,NA,0,NA,NA,0,NA,NA,NA,0,NA,NA,0,NA
573,1,A.Ojulari,00-0036552,LB,PHI,0,2,0,2,NA,NA,NA,NA,0,0,NA,NA,NA,NA,NA,NA,NA,NA,NA,NA,NA,NA
573,1,C.Basham,00-0036553,LB,CAR,0,2,0,2,NA,NA,NA,0,NA,NA,NA,0,NA,NA,NA,NA,NA,NA,NA,NA,NA,NA
573,2,K.Taylor,00-0036561,CB,ATL,0,1,0,1,NA,NA,NA,NA,NA,NA,NA,NA,NA,0,NA,NA,NA,NA,NA,NA,NA,NA
573,2,D.Lenoir,00-0036563,CB,SF,0,17,0,17,0,0,0,0,0,0,0,0,0,0,0,0,0,NA,0,0,0,0
573,4,T.Hufanga,00-0036564,SAF,DEN,0,17,0,17,0,0,0,0,0,0,0,0,0,0,0,NA,0,0,0,0,0,0
573,138,E.Mitchell,00-0036567,RB,KC,0,1,0,0,NA,NA,NA,NA,NA,NA,NA,NA,NA,NA,0,NA,NA,NA,NA,NA,NA,NA
573,3,R.Lopez,00-0036568,DT,DET,0,14,0,14,0,NA,0,0,0,0,0,NA,NA,0,0,0,0,NA,0,0,0,0
573,138,G.Brightwell,00-0036569,RB,CIN,0,2,0,0,NA,NA,NA,NA,NA,NA,NA,NA,NA,NA,NA,0,0,NA,NA,NA,NA,NA
573,4,A.Washington,00-0036587,SAF,BAL,0,4,0,4,NA,NA,NA,NA,NA,NA,NA,NA,NA,NA,NA,NA,NA,NA,0,0,0,0
573,2,N.McCloud,00-0036589,CB,CHI,0,10,0,10,NA,0,0,0,NA,0,NA,0,0,NA,0,0,NA,0,NA,0,NA,NA
573,2,A.Jackson,00-0036603,OT,LA,0,3,0,3,NA,NA,NA,NA,0,NA,NA,NA,NA,NA,NA,NA,NA,0,NA,0,NA,NA
573,1,J.Meredith,00-0036604,C,LV,0,3,0,3,NA,0,0,NA,0,NA,NA,NA,NA,NA,NA,NA,NA,NA,NA,NA,NA,NA
573,1,J.Davis,00-0036614,LB,LV,0,1,0,1,NA,NA,NA,NA,NA,NA,NA,NA,NA,NA,0,NA,NA,NA,NA,NA,NA,NA
573,2,C.Darrisaw,00-0036616,OT,MIN,0,7,0,7,NA,NA,0,0,NA,NA,NA,NA,0,0,0,0,NA,0,NA,NA,NA,NA
573,2,A.Samuel,00-0036617,CB,PIT,0,5,0,5,NA,NA,NA,NA,NA,NA,NA,NA,NA,NA,NA,NA,0,NA,0,0,0,0
573,4,S.Cosmi,00-0036618,G,WAS,0,2,0,2,NA,NA,NA,NA,NA,NA,0,NA,NA,NA,NA,NA,0,NA,NA,NA,NA,NA
573,2,D.Radunz,00-0036619,OT,NO,0,7,0,7,0,NA,NA,NA,NA,NA,NA,NA,NA,0,NA,NA,0,0,0,NA,0,0
573,1,N.Bolton,00-0036621,LB,KC,0,17,0,17,0,0,0,0,0,0,0,0,0,NA,0,0,0,0,0,0,0,0
573,1,J.Myers,00-0036622,C,NYJ,0,6,0,6,NA,NA,NA,0,0,0,NA,NA,NA,0,NA,NA,NA,0,NA,NA,0,NA
573,1,C.Humphrey,00-0036623,C,KC,0,2,0,2,0,NA,NA,NA,NA,NA,NA,0,NA,NA,NA,NA,NA,NA,NA,NA,NA,NA
573,3,A.McNeill,00-0036624,DT,DET,0,8,0,8,NA,NA,NA,NA,NA,NA,0,NA,0,0,0,0,0,0,NA,0,NA,NA
573,2,B.St-Juste,00-0036625,CB,LAC,0,14,0,14,0,0,0,0,0,0,0,0,0,0,0,NA,NA,NA,0,0,NA,0
573,4,C.Bynum,00-0036629,SAF,IND,0,17,0,17,0,0,0,0,0,0,0,0,0,0,NA,0,0,0,0,0,0,0
573,3,T.Slaton,00-0036642,DT,CIN,0,15,0,15,0,0,0,0,0,0,0,0,0,NA,0,0,NA,0,NA,0,0,0
573,1,K.Britt,00-0036643,LB,MIA,0,12,0,12,NA,0,0,0,0,0,NA,0,0,NA,0,NA,NA,0,NA,0,0,0
573,1,C.McGrone,00-0036644,LB,IND,0,2,0,2,0,0,NA,NA,NA,NA,NA,NA,NA,NA,NA,NA,NA,NA,NA,NA,NA,NA
573,219,S.Fehoko,00-0036646,WR,ARI,0,7,0,0,NA,NA,0,0,0,0,0,NA,0,0,NA,NA,NA,NA,NA,NA,NA,NA
573,1,N.Niemann,00-0036648,LB,GB,0,5,0,5,0,0,0,NA,NA,NA,0,0,NA,NA,NA,NA,NA,NA,NA,NA,NA,NA
573,3,Q.Bohanna,00-0036649,DT,GB,0,3,0,3,NA,NA,NA,NA,NA,NA,NA,NA,NA,NA,NA,0,0,NA,NA,NA,0,NA
573,2,S.Forsythe,00-0036653,OT,LV,0,4,0,4,NA,NA,NA,NA,0,NA,0,NA,NA,NA,0,0,NA,NA,NA,NA,NA,NA
573,4,C.Van Lanen,00-0036655,G,JAX,0,4,0,4,NA,NA,NA,NA,NA,NA,NA,NA,0,0,NA,NA,0,NA,NA,NA,NA,0
573,1,I.McDuffie,00-0036658,LB,GB,0,16,0,16,0,0,0,0,NA,0,0,0,NA,0,0,0,0,0,0,0,0,0
573,4,T.Smith,00-0036660,G,KC,0,2,0,2,NA,NA,NA,NA,NA,NA,NA,NA,NA,NA,NA,0,NA,NA,NA,0,NA,NA
573,2,I.Mukuamu,00-0036661,CB,CAR,0,1,0,1,NA,NA,NA,NA,NA,NA,NA,NA,NA,NA,0,NA,NA,NA,NA,NA,NA,NA
573,1,G.Stuard,00-0036672,LB,DET,0,14,0,14,0,0,0,0,0,0,0,NA,0,0,0,0,NA,NA,0,0,NA,0
573,4,Z.Anderson,00-0036677,SAF,GB,0,12,0,12,NA,NA,0,0,NA,0,NA,0,0,0,0,0,0,0,0,NA,0,NA
573,4,D.Key,00-0036683,SAF,DEN,0,15,0,15,0,0,0,0,0,0,0,NA,0,0,0,NA,0,NA,0,0,0,0
573,3,N.Jones,00-0036695,DT,HOU,0,8,0,8,NA,0,NA,0,NA,0,0,0,NA,NA,NA,NA,NA,NA,NA,0,0,0
573,1,C.Johnson,00-0036704,LB,MIA,0,2,0,2,NA,NA,NA,NA,NA,NA,NA,NA,NA,NA,NA,NA,0,0,NA,NA,NA,NA
573,1,S.Kamara,00-0036705,LB,CLE,0,3,0,3,NA,NA,NA,NA,NA,NA,NA,NA,NA,NA,NA,NA,0,0,0,NA,NA,NA
573,1,C.Snowden,00-0036711,DE,LV,0,12,0,12,0,NA,NA,NA,0,NA,0,NA,0,0,0,0,0,0,0,0,NA,0
573,1,A.Ogbongbemiga,00-0036716,LB,CHI,0,3,0,3,NA,NA,NA,NA,NA,NA,NA,NA,NA,NA,0,0,0,NA,NA,NA,NA,NA
573,1,C.Robinson,00-0036728,LB,SF,0,10,0,10,NA,NA,NA,NA,0,0,0,0,0,0,0,0,0,NA,0,NA,NA,NA
573,1,J.Heflin,00-0036788,DE,LA,0,1,0,1,NA,NA,NA,NA,NA,NA,NA,NA,NA,NA,NA,NA,NA,NA,NA,NA,NA,0
573,1,J.Rhattigan,00-0036802,LB,LV,0,6,0,6,NA,NA,NA,NA,NA,NA,0,NA,0,NA,NA,0,NA,0,0,NA,0,NA
573,1,C.Elliss,00-0036813,LB,NE,0,15,0,15,0,0,0,0,0,0,0,0,0,NA,NA,0,0,NA,0,0,0,0
573,2,R.Patterson,00-0036816,K,MIA,0,17,0,17,0,0,0,0,0,0,0,0,0,0,0,NA,0,0,0,0,0,0
573,1,R.Neuzil,00-0036833,C,ATL,0,5,0,5,NA,NA,NA,NA,NA,NA,0,0,NA,NA,0,NA,NA,0,0,NA,NA,NA
573,2,K.Smith,00-0036839,OT,MIA,0,1,0,1,NA,NA,0,NA,NA,NA,NA,NA,NA,NA,NA,NA,NA,NA,NA,NA,NA,NA
573,1,G.Wallow,00-0036844,LB,SF,0,6,0,6,NA,0,0,0,NA,NA,NA,NA,NA,NA,0,NA,NA,NA,0,NA,NA,0
573,1,C.Sample,00-0036850,DE,CIN,0,10,0,10,NA,NA,0,0,0,0,0,NA,0,NA,0,NA,NA,NA,NA,0,0,0
573,2,E.McPherson,00-0036854,K,CIN,0,17,0,17,0,0,0,0,0,0,0,0,0,NA,0,0,0,0,0,0,0,0
573,2,J.Hudson,00-0036866,OT,NYG,0,2,0,2,0,0,NA,NA,NA,NA,NA,NA,NA,NA,NA,NA,NA,NA,NA,NA,NA,NA
573,1,C.Rumph,00-0036867,DE,NO,0,17,0,17,0,0,0,0,0,0,0,0,0,0,NA,0,0,0,0,0,0,0
573,2,D.Moore,00-0036869,OT,TEN,0,4,0,4,0,NA,NA,NA,NA,0,NA,NA,0,NA,NA,NA,NA,0,NA,NA,NA,NA
573,1,B.Johnson,00-0036870,LB,IND,0,7,0,7,NA,NA,NA,NA,NA,0,0,0,NA,NA,NA,0,0,0,NA,NA,NA,0
573,2,N.Hobbs,00-0036871,CB,GB,0,8,0,8,NA,0,0,0,NA,0,0,NA,NA,NA,NA,NA,NA,0,NA,0,0,NA
573,2,P.Surtain,00-0036874,CB,DEN,0,14,0,14,0,0,0,0,0,0,0,0,NA,NA,NA,NA,0,0,0,0,0,0
573,2,P.Sewell,00-0036880,OT,DET,0,2,0,2,NA,NA,NA,NA,NA,NA,0,NA,NA,NA,NA,NA,NA,NA,0,NA,NA,NA
573,3,J.Tufele,00-0036881,DT,NYJ,0,9,0,9,0,NA,NA,0,0,0,NA,NA,NA,0,0,0,NA,NA,0,0,NA,NA
573,3,T.Togiai,00-0036883,DT,HOU,0,15,0,15,NA,NA,0,0,0,NA,0,0,0,0,0,0,0,0,0,0,0,0
573,2,M.Wilson,00-0036884,CB,CIN,0,2,0,2,NA,NA,0,NA,NA,NA,0,NA,NA,NA,NA,NA,NA,NA,NA,NA,NA,NA
573,2,T.Brown,00-0036885,CB,NYJ,0,2,0,2,NA,NA,NA,NA,0,NA,NA,NA,NA,NA,NA,NA,NA,NA,NA,NA,NA,0
573,4,D.Hamlin,00-0036888,SAF,BUF,0,1,0,1,NA,0,NA,NA,NA,NA,NA,NA,NA,NA,NA,NA,NA,NA,NA,NA,NA,NA
573,1,V.Dimukeje,00-0036896,LB,NYG,0,2,0,2,NA,NA,NA,NA,NA,NA,0,0,NA,NA,NA,NA,NA,NA,NA,NA,NA,NA
573,2,E.Stokes,00-0036901,CB,LV,0,16,0,16,0,0,0,0,NA,0,0,NA,0,0,0,0,0,0,0,0,0,0
573,1,J.Ossai,00-0036902,DE,CIN,0,14,0,14,0,0,0,0,0,0,0,0,0,NA,0,0,0,0,0,NA,NA,NA
573,3,B.Brown,00-0036903,DT,CAR,0,12,0,12,0,0,NA,0,NA,0,0,0,NA,NA,0,0,NA,NA,0,0,0,0
573,2,R.Rochell,00-0036904,CB,CAR,0,4,0,4,NA,0,NA,NA,NA,NA,NA,NA,NA,NA,NA,NA,0,NA,0,0,NA,NA
573,4,L.Borom,00-0036905,G,MIA,0,5,0,5,NA,NA,NA,0,NA,0,0,0,0,NA,NA,NA,NA,NA,NA,NA,NA,NA
573,3,K.Tonga,00-0036909,DT,NE,0,11,0,11,0,NA,NA,0,0,0,0,0,0,NA,0,0,NA,NA,0,0,NA,NA
573,1,G.Rousseau,00-0036914,DE,BUF,0,16,0,16,0,0,0,0,0,0,NA,0,0,0,0,0,0,0,0,0,0,NA
573,1,M.Williams,00-0036916,DE,NE,0,11,0,11,0,0,0,0,0,0,0,0,0,0,NA,NA,NA,NA,NA,NA,NA,0
573,3,M.Tuipulotu,00-0036920,DT,KC,0,1,0,1,NA,NA,NA,NA,NA,NA,NA,0,NA,NA,NA,NA,NA,NA,NA,NA,NA,NA
573,1,P.Johnson,00-0036922,LB,PHI,0,5,0,5,NA,NA,NA,0,NA,0,0,NA,NA,0,NA,NA,0,NA,NA,NA,NA,NA
573,1,P.Werner,00-0036927,LB,NO,0,17,0,17,0,0,0,0,0,0,0,0,0,0,NA,0,0,0,0,0,0,0
573,1,M.Parsons,00-0036932,DE,GB,0,14,0,14,0,0,0,0,NA,0,0,0,0,0,0,0,0,0,0,NA,NA,NA
573,1,Z.Collins,00-0036933,LB,ARI,0,17,0,17,0,0,0,0,0,0,0,NA,0,0,0,0,0,0,0,0,0,0
573,1,J.Phillips,00-0036934,LB,PHI,0,17,0,17,0,0,0,0,0,0,0,0,0,0,0,0,0,0,0,0,0,NA
573,2,P.Adebo,00-0036937,CB,NYG,0,12,0,12,0,0,0,0,0,0,0,NA,NA,NA,NA,NA,0,NA,0,0,0,0
573,1,O.Oweh,00-0036940,LB,LAC,0,17,0,17,0,0,0,0,0,0,0,0,0,0,0,NA,0,0,0,0,0,0
573,4,A.Cisco,00-0036941,SAF,NYJ,0,8,0,8,0,0,0,0,0,0,0,0,NA,NA,NA,NA,NA,NA,NA,NA,NA,NA
573,3,O.Odighizuwa,00-0036942,DT,DAL,0,17,0,17,0,0,0,0,0,0,0,0,0,NA,0,0,0,0,0,0,0,0
573,1,M.Fraboni,00-0036943,LS,DEN,0,5,0,5,NA,0,0,NA,NA,0,NA,NA,0,NA,0,NA,NA,NA,NA,NA,NA,NA
573,2,Ja.Horn,00-0036944,CB,CAR,0,15,0,15,0,0,0,0,0,0,0,0,0,0,0,0,NA,NA,0,0,0,NA
573,3,T.Graham,00-0036948,DT,ATL,0,1,0,1,NA,NA,NA,NA,NA,NA,0,NA,NA,NA,NA,NA,NA,NA,NA,NA,NA,NA
573,138,A.Williams,00-0036950,RB,NYJ,0,1,0,0,NA,NA,NA,NA,0,NA,NA,NA,NA,NA,NA,NA,NA,NA,NA,NA,NA,NA
573,1,J.Cooper,00-0036952,LB,DEN,0,17,0,17,0,0,0,0,0,0,0,0,0,0,0,NA,0,0,0,0,0,0
573,4,T.Jenkins,00-0036953,G,CLE,0,1,0,1,NA,NA,NA,NA,NA,NA,NA,NA,NA,NA,NA,NA,NA,NA,NA,NA,0,NA
573,2,D.Hall,00-0036956,CB,ARI,0,8,0,8,NA,NA,NA,NA,0,0,0,NA,NA,0,NA,NA,NA,0,0,NA,0,0
573,1,D.Dalman,00-0036957,C,CHI,0,3,0,3,NA,0,NA,NA,NA,NA,0,NA,NA,NA,NA,NA,NA,NA,NA,0,NA,NA
573,4,R.Grant,00-0036961,SAF,NE,0,1,0,1,NA,NA,NA,NA,NA,NA,NA,0,NA,NA,NA,NA,NA,NA,NA,NA,NA,NA
573,4,T.Moehrig,00-0036962,SAF,CAR,0,16,0,16,0,0,0,0,0,0,0,0,0,0,0,0,NA,NA,0,0,0,0
573,1,D.Barnes,00-0036964,LB,DET,0,17,0,17,0,0,0,0,0,0,0,NA,0,0,0,0,0,0,0,0,0,0
573,1,J.Tryon,00-0036967,DE,CHI,0,10,0,10,NA,NA,0,0,0,0,NA,0,NA,0,NA,0,0,NA,0,NA,0,NA
573,2,B.Christensen,00-0036968,OT,CAR,0,2,0,2,NA,NA,NA,NA,NA,0,NA,0,NA,NA,NA,NA,NA,NA,NA,NA,NA,NA
573,2,T.Campbell,00-0036974,CB,CLE,0,17,0,17,0,0,0,0,0,0,0,0,NA,0,0,0,0,0,0,0,0,0
573,2,W.Little,00-0036975,OT,JAX,0,6,0,6,0,NA,0,0,NA,NA,NA,NA,NA,0,NA,NA,NA,NA,NA,NA,0,0
573,2,S.Brown,00-0036976,OT,BUF,0,4,0,4,0,0,NA,NA,NA,NA,NA,0,NA,0,NA,NA,NA,NA,NA,NA,NA,NA
573,3,C.Barmore,00-0036981,DT,NE,0,15,0,15,0,0,0,0,0,0,NA,0,NA,0,0,0,0,NA,0,0,0,0
573,1,C.Golston,00-0036982,DE,NYG,0,8,0,8,NA,0,NA,NA,NA,0,NA,NA,NA,NA,NA,0,0,NA,0,0,0,0
573,138,T.Sermon,00-0036984,RB,PIT,0,3,0,0,NA,NA,NA,0,NA,NA,NA,NA,0,0,NA,NA,NA,NA,NA,NA,NA,NA
573,1,R.Hainsey,00-0036985,C,JAX,0,5,0,5,0,NA,NA,0,NA,NA,NA,NA,NA,NA,NA,0,0,NA,NA,NA,NA,0
573,2,N.Wright,00-0036986,CB,CHI,0,17,0,17,0,0,0,0,NA,0,0,0,0,0,0,0,0,0,0,0,0,0
573,2,B.Stephens,00-0036987,CB,NYJ,0,16,0,16,0,0,0,0,0,0,0,0,NA,0,0,0,0,0,0,0,0,NA
573,1,M.Koonce,00-0036989,DE,LV,0,15,0,15,0,0,0,0,0,0,0,NA,0,NA,NA,0,0,0,0,0,0,0
573,1,D.Deablo,00-0036990,LB,ATL,0,13,0,13,0,0,0,0,NA,0,0,NA,NA,NA,NA,0,0,0,0,0,0,0
573,2,E.Molden,00-0036992,CB,LAC,0,12,0,12,0,NA,NA,0,0,0,NA,0,0,0,0,NA,0,0,NA,0,0,NA
573,4,I.Melifonwu,00-0036993,SAF,MIA,0,14,0,14,0,0,NA,NA,0,NA,0,0,0,0,0,NA,0,0,0,0,0,0
573,1,E.Jones,00-0036994,LB,SEA,0,15,0,15,0,0,0,0,0,0,0,NA,0,NA,0,NA,0,0,0,0,0,0
573,1,B.Browning,00-0036995,LB,ARI,0,15,0,15,0,0,0,0,0,0,0,NA,0,0,NA,NA,0,0,0,0,0,0
573,2,G.Newsome,00-0036996,CB,JAX,0,15,0,15,0,0,0,0,0,NA,0,NA,0,0,0,0,NA,0,0,0,0,0
573,4,J.Holland,00-0036998,SAF,NYG,0,13,0,13,0,0,0,0,0,0,NA,NA,NA,0,0,0,0,NA,0,0,0,NA
573,1,M.Rice,00-0037000,LB,DET,0,1,0,1,NA,0,NA,NA,NA,NA,NA,NA,NA,NA,NA,NA,NA,NA,NA,NA,NA,NA
573,4,Q.Meinerz,00-0037001,G,DEN,0,2,0,2,0,NA,NA,NA,NA,0,NA,NA,NA,NA,NA,NA,NA,NA,NA,NA,NA,NA
573,4,L.Dickerson,00-0037002,G,PHI,0,5,0,5,NA,0,0,NA,NA,NA,NA,0,NA,NA,NA,NA,0,NA,NA,0,NA,NA
573,1,C.Surratt,00-0037003,LB,SEA,0,10,0,10,0,0,0,0,0,0,0,NA,0,0,0,NA,NA,NA,NA,NA,NA,NA
573,1,P.Jones,00-0037007,LB,CAR,0,4,0,4,0,0,NA,NA,0,0,NA,NA,NA,NA,NA,NA,NA,NA,NA,NA,NA,NA
573,125,N.Kalinic,00-0037031,TE,CHI,0,2,0,0,NA,NA,NA,NA,NA,NA,NA,NA,NA,NA,NA,0,NA,NA,NA,NA,NA,0
573,2,D.Alford,00-0037034,CB,ATL,0,15,0,15,NA,0,0,0,NA,0,0,0,0,0,NA,0,0,0,0,0,0,0
573,3,H.Ndubuisi,00-0037041,DT,HOU,0,1,0,1,NA,NA,NA,NA,NA,NA,NA,NA,NA,NA,NA,NA,NA,0,NA,NA,NA,NA
573,1,E.Garcia,00-0037051,DE,ATL,0,6,0,6,0,0,0,NA,NA,NA,NA,NA,NA,NA,NA,NA,NA,0,NA,NA,0,0
573,3,J.Davis,00-0037073,DT,PHI,0,17,0,17,0,0,0,0,0,0,0,0,NA,0,0,0,0,0,0,0,0,0
573,1,Q.Walker,00-0037074,LB,GB,0,14,0,14,0,0,0,0,NA,0,0,0,0,0,0,NA,NA,0,0,0,0,NA
573,3,D.Wyatt,00-0037075,DT,GB,0,9,0,9,0,0,NA,0,NA,NA,NA,0,0,0,0,0,0,NA,NA,NA,NA,NA
573,2,S.Rhyan,00-0037076,OT,GB,0,5,0,5,NA,0,0,0,NA,NA,NA,NA,0,NA,0,NA,NA,NA,NA,NA,NA,NA
573,2,T.Woolen,00-0037079,CB,SEA,0,15,0,15,0,0,0,0,0,NA,0,NA,0,0,0,0,0,0,NA,0,0,0
573,2,B.Jones,00-0037081,OT,CHI,0,1,0,1,NA,0,NA,NA,NA,NA,NA,NA,NA,NA,NA,NA,NA,NA,NA,NA,NA,NA
573,1,D.Robinson,00-0037082,DE,CHI,0,10,0,10,NA,0,0,0,NA,0,0,NA,NA,NA,0,0,NA,NA,NA,0,0,0
573,1,K.Enagbare,00-0037083,DE,GB,0,16,0,16,0,0,0,0,NA,0,0,0,0,0,0,0,0,0,0,0,0,NA
573,4,C.Paul,00-0037092,G,WAS,0,2,0,2,NA,NA,NA,NA,NA,NA,NA,NA,0,NA,NA,NA,NA,NA,NA,NA,NA,0
573,3,J.Ford,00-0037094,DT,GB,0,4,0,4,NA,NA,NA,NA,NA,NA,NA,0,0,0,NA,NA,NA,NA,NA,NA,NA,0
573,4,E.Hicks,00-0037096,SAF,CHI,0,13,0,13,0,NA,NA,0,NA,0,0,0,0,0,0,0,0,NA,0,0,0,NA
573,1,J.Jones,00-0037106,DB,CHI,0,11,0,11,0,0,NA,0,NA,NA,NA,0,0,NA,NA,0,0,0,0,NA,0,0
573,1,J.Sanborn,00-0037109,LB,DAL,0,5,0,5,0,0,0,0,0,NA,NA,NA,NA,NA,NA,NA,NA,NA,NA,NA,NA,NA
573,2,J.Blackwell,00-0037129,CB,CHI,0,13,0,13,NA,0,NA,0,NA,NA,0,0,0,NA,0,0,0,0,0,0,0,0
573,4,R.Blankenship,00-0037130,SAF,PHI,0,16,0,16,0,0,0,0,0,0,0,0,NA,0,0,0,0,0,0,0,0,NA
573,2,J.Jobe,00-0037137,CB,SEA,0,15,0,15,0,0,0,0,0,0,0,NA,0,NA,0,0,0,0,0,0,NA,0
573,4,T.Adams,00-0037155,SAF,NYJ,0,10,0,10,0,0,NA,0,0,NA,NA,0,NA,0,0,0,0,NA,0,NA,NA,NA
573,1,J.Moon,00-0037179,LB,PIT,0,2,0,2,NA,NA,NA,NA,NA,NA,NA,NA,NA,NA,NA,NA,NA,NA,NA,0,0,NA
573,2,A.Gardner,00-0037190,CB,IND,0,10,0,10,0,0,0,0,0,0,0,NA,NA,0,NA,0,NA,NA,NA,NA,0,NA
573,2,T.McDuffie,00-0037191,CB,KC,0,13,0,13,0,0,0,0,0,0,0,0,0,NA,0,0,0,0,NA,NA,NA,NA
573,1,G.Karlaftis,00-0037192,DE,KC,0,16,0,16,0,0,0,0,0,0,0,0,0,NA,0,0,0,0,0,0,0,NA
573,4,B.Cook,00-0037193,SAF,KC,0,16,0,16,0,0,0,0,0,0,NA,0,0,NA,0,0,0,0,0,0,0,0
573,2,D.Kinnard,00-0037194,OT,GB,0,1,0,1,NA,NA,NA,0,NA,NA,NA,NA,NA,NA,NA,NA,NA,NA,NA,NA,NA,NA
573,2,J.Watson,00-0037195,CB,KC,0,15,0,15,0,0,0,0,0,0,0,0,0,NA,0,0,0,0,0,0,NA,NA
573,2,R.Walker,00-0037196,OT,GB,0,4,0,4,NA,NA,0,NA,NA,NA,NA,NA,NA,NA,0,NA,0,NA,0,NA,NA,NA
573,2,N.Johnson,00-0037198,CB,KC,0,1,0,1,NA,NA,NA,NA,NA,NA,NA,NA,NA,NA,NA,NA,NA,NA,NA,NA,NA,0
573,3,L.Ray,00-0037203,DT,CAR,0,9,0,9,NA,NA,NA,NA,0,0,NA,NA,NA,NA,0,0,0,NA,0,0,0,0
573,4,B.Schooler,00-0037205,SAF,NE,0,12,0,12,NA,0,0,0,0,0,0,0,NA,0,0,NA,NA,NA,0,0,0,NA
573,4,M.Caliendo,00-0037207,G,KC,0,4,0,4,NA,NA,NA,NA,NA,NA,0,0,NA,NA,NA,NA,0,0,NA,NA,NA,NA
573,1,J.Cochrane,00-0037208,LB,KC,0,11,0,11,0,NA,NA,0,0,NA,NA,0,0,NA,0,0,NA,0,0,0,NA,0
573,2,C.Dicker,00-0037224,K,LAC,0,17,0,17,0,0,0,0,0,0,0,0,0,0,0,NA,0,0,0,0,0,0
573,2,I.Ekwonu,00-0037229,OT,CAR,0,6,0,6,NA,NA,NA,0,NA,0,0,NA,0,NA,NA,0,NA,NA,0,NA,NA,NA
573,1,T.Walker,00-0037235,DE,JAX,0,14,0,14,0,0,0,0,NA,0,0,NA,0,0,0,NA,NA,0,0,0,0,0
573,1,A.Hutchinson,00-0037236,DE,DET,0,17,0,17,0,0,0,0,0,0,0,NA,0,0,0,0,0,0,0,0,0,0
573,2,D.Stingley,00-0037237,CB,HOU,0,15,0,15,0,0,0,0,0,NA,0,0,0,0,0,NA,NA,0,0,0,0,0
573,2,T.Penning,00-0037241,OT,LAC,0,5,0,5,NA,NA,NA,NA,NA,0,NA,0,NA,NA,0,NA,NA,NA,0,0,NA,NA
573,2,K.Elam,00-0037242,CB,TEN,0,11,0,11,0,0,0,0,0,0,0,0,0,NA,NA,NA,NA,NA,0,NA,0,NA
573,2,T.Smith,00-0037243,OT,DAL,0,8,0,8,0,NA,NA,0,NA,0,0,NA,NA,NA,0,NA,NA,0,NA,0,0,NA
573,1,D.Lloyd,00-0037244,LB,JAX,0,15,0,15,0,0,0,0,0,0,NA,NA,NA,0,0,0,0,0,0,0,0,0
573,4,J.Pitre,00-0037246,SAF,HOU,0,14,0,14,0,0,0,0,0,NA,0,0,0,NA,NA,NA,0,0,0,0,0,0
573,1,N.Bonitto,00-0037249,LB,DEN,0,17,0,17,0,0,0,0,0,0,0,0,0,0,0,NA,0,0,0,0,0,0
573,1,A.Wright,00-0037251,DE,CLE,0,13,0,13,0,0,0,NA,0,0,0,0,NA,0,NA,NA,NA,0,0,0,0,0
573,2,M.Jones,00-0037253,CB,NE,0,17,0,17,0,0,0,0,0,0,0,0,0,0,0,0,0,NA,0,0,0,0
573,1,T.Bernard,00-0037254,LB,BUF,0,12,0,12,0,0,0,0,0,0,NA,NA,0,0,0,0,NA,NA,NA,0,0,NA
573,4,D.Parham,00-0037255,G,LV,0,4,0,4,0,0,NA,NA,NA,NA,NA,NA,NA,NA,NA,0,NA,NA,NA,0,NA,NA
573,1,M.McFadden,00-0037259,LB,NYG,0,1,0,1,0,NA,NA,NA,NA,NA,NA,NA,NA,NA,NA,NA,NA,NA,NA,NA,NA,NA
573,3,D.Davidson,00-0037260,DT,NYG,0,6,0,6,NA,NA,NA,NA,0,0,NA,0,0,NA,NA,0,NA,NA,NA,0,NA,NA
573,3,T.Booker,00-0037262,DT,LV,0,17,0,17,0,0,0,0,0,0,0,NA,0,0,0,0,0,0,0,0,0,0
573,4,D.Turner-Yell,00-0037264,SAF,DEN,0,1,0,1,NA,NA,NA,NA,NA,NA,NA,NA,NA,NA,NA,NA,NA,NA,NA,0,NA,NA
573,2,Z.McCollum,00-0037268,CB,TB,0,13,0,13,0,0,0,0,0,NA,0,0,NA,0,0,0,0,0,0,NA,NA,NA
573,3,E.Johnson,00-0037269,DT,IND,0,5,0,5,0,NA,0,NA,NA,NA,NA,0,0,NA,NA,NA,NA,NA,NA,0,NA,NA
573,3,O.Ogbonnia,00-0037270,DT,LAC,0,5,0,5,NA,NA,NA,NA,0,0,NA,NA,NA,NA,NA,NA,NA,0,NA,NA,0,0
573,1,D.Jackson,00-0037271,LB,CHI,0,13,0,13,NA,NA,NA,0,NA,0,0,0,0,NA,0,0,0,0,0,0,0,0
573,1,E.Otomewo,00-0037274,DE,PIT,0,6,0,6,NA,NA,NA,NA,NA,NA,NA,0,NA,NA,0,NA,0,0,0,NA,NA,0
573,2,D.Bland,00-0037275,CB,DAL,0,12,0,12,0,NA,NA,0,0,0,0,0,0,NA,0,0,0,0,0,NA,NA,NA
573,125,T.Quitoriano,00-0037277,TE,ATL,0,2,0,0,NA,NA,NA,NA,NA,NA,NA,NA,NA,NA,NA,0,NA,NA,NA,NA,0,NA
573,1,L.Wattenberg,00-0037278,C,DEN,0,3,0,3,0,NA,NA,0,NA,NA,NA,NA,NA,0,NA,NA,NA,NA,NA,NA,NA,NA
573,3,M.Butler,00-0037280,DT,MIA,0,10,0,10,0,0,0,0,0,0,0,NA,0,NA,NA,NA,NA,NA,NA,NA,0,0
573,1,D.Clark,00-0037281,LB,HOU,0,9,0,9,0,0,0,NA,NA,NA,NA,0,NA,NA,NA,NA,NA,0,0,0,0,0
573,3,J.Ridgeway,00-0037283,DT,NO,0,4,0,4,NA,NA,NA,NA,NA,NA,NA,0,NA,NA,NA,NA,NA,NA,NA,0,0,0
573,4,M.Araiza,00-0037284,P,KC,0,17,0,17,0,0,0,0,0,0,0,0,0,NA,0,0,0,0,0,0,0,0
573,2,V.Lowe,00-0037287,OT,NE,0,2,0,2,NA,NA,NA,NA,0,NA,NA,NA,NA,NA,NA,NA,NA,NA,0,NA,NA,NA
573,2,C.Benford,00-0037288,CB,BUF,0,14,0,14,0,0,0,0,0,0,NA,0,0,NA,0,0,0,0,NA,0,0,NA
573,1,M.Rodriguez,00-0037289,LB,DET,0,5,0,5,NA,NA,NA,NA,NA,NA,NA,NA,NA,NA,NA,0,NA,0,0,NA,0,0
573,3,J.Jackson,00-0037294,DT,DEN,0,4,0,4,0,0,0,NA,NA,NA,NA,NA,NA,NA,NA,NA,NA,NA,NA,NA,NA,0
573,4,J.Salyer,00-0037295,G,LAC,0,6,0,6,0,NA,0,NA,NA,NA,NA,NA,0,NA,NA,NA,0,0,0,NA,NA,NA
573,1,C.Mays,00-0037297,C,CAR,0,2,0,2,NA,NA,0,NA,NA,NA,0,NA,NA,NA,NA,NA,NA,NA,NA,NA,NA,NA
573,1,S.Roberts,00-0037298,DE,ATL,0,5,0,5,NA,NA,NA,NA,NA,0,0,0,0,0,NA,NA,NA,NA,NA,NA,NA,NA
573,4,T.Jackson,00-0037301,SAF,MIN,0,12,0,12,0,0,0,0,0,NA,0,0,0,NA,0,0,NA,NA,NA,NA,0,0
573,2,A.Deculus,00-0037302,OT,LAC,0,5,0,5,NA,NA,NA,0,NA,0,0,NA,NA,0,NA,NA,NA,NA,NA,0,NA,NA
573,2,J.Taylor,00-0037307,CB,NYJ,0,10,0,10,0,NA,0,NA,NA,0,0,0,NA,0,NA,NA,0,NA,0,NA,0,0
573,1,J.Houston,00-0037310,DE,DAL,0,16,0,16,0,0,0,0,0,0,0,0,0,NA,0,0,0,0,NA,0,0,0
573,125,K.Kieft,00-0037311,TE,TB,0,2,0,0,0,NA,0,NA,NA,NA,NA,NA,NA,NA,NA,NA,NA,NA,NA,NA,NA,NA
573,2,M.Brown,00-0037313,CB,JAX,0,14,0,14,NA,NA,NA,0,0,0,0,NA,0,0,0,0,0,0,0,0,0,0
573,1,C.Goode,00-0037315,LB,MIA,0,14,0,14,NA,0,0,0,0,0,0,0,NA,NA,0,NA,0,0,0,0,0,0
573,1,M.Robinson,00-0037316,LB,NYJ,0,5,0,5,0,0,NA,0,0,0,NA,NA,NA,NA,NA,NA,NA,NA,NA,NA,NA,NA
573,1,B.Spector,00-0037318,LB,BUF,0,3,0,3,NA,NA,NA,NA,NA,NA,NA,NA,NA,0,NA,NA,0,0,NA,NA,NA,NA
573,2,D.Leonard,00-0037320,CB,LAC,0,3,0,3,NA,NA,NA,NA,NA,NA,NA,NA,NA,NA,NA,NA,0,NA,NA,NA,0,0
573,2,C.Lucas,00-0037321,CB,SF,0,10,0,10,0,0,0,0,0,0,0,NA,NA,NA,0,NA,NA,NA,0,NA,0,NA
573,4,D.Bell,00-0037332,SAF,SEA,0,8,0,8,NA,0,0,0,0,NA,NA,NA,0,NA,NA,0,0,0,NA,NA,NA,NA
573,1,B.Hoffman,00-0037336,C,DAL,0,1,0,1,NA,NA,NA,NA,NA,NA,NA,0,NA,NA,NA,NA,NA,NA,NA,NA,NA,NA
573,1,A.Mosby,00-0037364,DE,GB,0,8,0,8,NA,NA,NA,NA,NA,NA,0,0,0,NA,0,NA,NA,0,0,0,NA,0
573,219,K.Davis,00-0037380,WR,CLE,0,1,0,0,NA,NA,0,NA,NA,NA,NA,NA,NA,NA,NA,NA,NA,NA,NA,NA,NA,NA
573,2,J.McMillian,00-0037384,CB,DEN,0,16,0,16,0,0,0,0,0,0,0,0,0,0,0,NA,0,0,0,0,NA,0
573,2,D.Flowers,00-0037395,CB,CHI,0,1,0,1,NA,NA,0,NA,NA,NA,NA,NA,NA,NA,NA,NA,NA,NA,NA,NA,NA,NA
573,2,R.Van Demark,00-0037404,OT,BUF,0,1,0,1,NA,NA,NA,NA,NA,NA,NA,NA,NA,NA,NA,NA,NA,0,NA,NA,NA,NA
573,1,C.Adomitis,00-0037412,LS,PHI,0,1,0,1,NA,NA,NA,NA,NA,NA,NA,NA,NA,NA,0,NA,NA,NA,NA,NA,NA,NA
573,1,B.Brown,00-0037413,C,NE,0,3,0,3,NA,NA,NA,NA,NA,NA,NA,NA,NA,NA,NA,0,0,NA,NA,NA,0,NA
573,2,A.Anderson,00-0037428,OT,BUF,0,2,0,2,NA,NA,NA,NA,NA,NA,NA,NA,NA,NA,0,NA,0,NA,NA,NA,NA,NA
573,1,K.Jonathan,00-0037431,DE,NYJ,0,1,0,1,NA,NA,NA,NA,NA,NA,NA,NA,NA,NA,NA,NA,NA,NA,NA,NA,NA,0
573,1,T.Fox,00-0037447,LB,NYG,0,5,0,5,NA,NA,NA,0,NA,NA,NA,NA,NA,NA,0,NA,0,NA,0,NA,NA,0
573,1,J.Hansen,00-0037457,LB,HOU,0,12,0,12,NA,0,0,0,0,NA,0,0,0,0,NA,0,0,NA,0,0,NA,NA
573,4,T.McCollum,00-0037461,SAF,LV,0,9,0,9,NA,NA,0,0,0,0,0,NA,0,0,NA,NA,NA,NA,NA,NA,0,0
573,4,R.Layne,00-0037468,SAF,NYG,0,3,0,3,NA,NA,NA,NA,NA,NA,NA,0,NA,NA,NA,NA,NA,NA,NA,NA,0,0
573,2,D.Cook,00-0037480,OT,PIT,0,1,0,1,NA,NA,NA,NA,NA,NA,NA,NA,NA,NA,NA,NA,NA,NA,NA,NA,0,NA
573,4,M.Brown,00-0037493,SAF,TEN,0,4,0,4,NA,0,NA,NA,NA,NA,NA,NA,NA,NA,NA,0,0,0,NA,NA,NA,NA
573,4,R.Wright,00-0037500,P,MIN,0,17,0,17,0,0,0,0,0,NA,0,0,0,0,0,0,0,0,0,0,0,0
573,2,S.Webb,00-0037516,CB,CLE,0,3,0,3,NA,NA,NA,NA,NA,NA,NA,NA,NA,NA,NA,NA,NA,0,0,NA,NA,0
573,1,M.McCrary-Ball,00-0037526,LB,NYJ,0,5,0,5,0,0,0,NA,NA,NA,NA,NA,NA,NA,NA,0,0,NA,NA,NA,NA,NA
573,1,S.Olubi,00-0037527,LB,IND,0,10,0,10,0,0,0,0,0,NA,NA,NA,0,0,NA,NA,NA,0,NA,0,0,NA
573,2,J.Romo,00-0037542,K,ATL,0,7,0,7,NA,0,0,0,NA,0,0,0,0,NA,NA,NA,NA,NA,NA,NA,NA,NA
573,1,N.Sewell,00-0037544,LB,NO,0,1,0,1,NA,NA,NA,0,NA,NA,NA,NA,NA,NA,NA,NA,NA,NA,NA,NA,NA,NA
573,4,D.Whelan,00-0037547,P,GB,0,14,0,14,0,0,0,0,NA,0,0,0,NA,0,0,0,0,0,0,NA,NA,0
573,2,D.Baker,00-0037549,CB,TEN,0,15,0,15,0,0,0,NA,NA,0,0,0,0,NA,0,0,0,0,0,0,0,0
573,4,M.Bell,00-0037561,SAF,DAL,0,15,0,15,NA,0,NA,0,0,0,0,0,0,NA,0,0,0,0,0,0,0,0
573,4,J.Thomas,00-0037578,SAF,DAL,0,6,0,6,NA,0,0,0,0,0,NA,NA,0,NA,NA,NA,NA,NA,NA,NA,NA,NA
573,1,N.Landman,00-0037587,LB,LA,0,17,0,17,0,0,0,0,0,0,0,NA,0,0,0,0,0,0,0,0,0,0
573,2,T.Avery,00-0037593,CB,CLE,0,8,0,8,NA,NA,NA,0,0,0,0,NA,NA,NA,NA,NA,NA,NA,0,0,0,0
573,1,J.Gibbens,00-0037596,LB,NE,0,17,0,17,0,0,0,0,0,0,0,0,0,0,0,0,0,NA,0,0,0,0
573,3,S.Okuayinonu,00-0037602,DT,SF,0,14,0,14,0,0,0,0,0,NA,0,0,0,0,0,0,NA,NA,NA,0,0,0
573,1,K.Thibodeaux,00-0037611,LB,NYG,0,10,0,10,0,0,0,0,0,0,0,0,0,0,NA,NA,NA,NA,NA,NA,NA,NA
573,1,N.Dean,00-0037615,LB,PHI,0,9,0,9,NA,NA,NA,NA,NA,NA,0,0,NA,0,0,0,0,0,0,0,NA,NA
573,4,N.Cross,00-0037616,SAF,IND,0,17,0,17,0,0,0,0,0,0,0,0,0,0,NA,0,0,0,0,0,0,0
573,1,J.Hummel,00-0037633,LB,BAL,0,14,0,14,0,0,0,0,NA,NA,NA,0,0,0,0,0,0,NA,0,0,0,0
573,2,J.Ingram,00-0037661,CB,HOU,0,9,0,9,NA,0,NA,NA,NA,0,NA,0,0,0,NA,NA,NA,NA,0,0,0,0
573,3,C.Brewer,00-0037662,DT,TB,0,3,0,3,NA,NA,NA,NA,NA,0,NA,NA,NA,NA,NA,NA,0,0,NA,NA,NA,NA
573,1,J.Johnson,00-0037663,LB,NYJ,0,14,0,14,0,0,NA,NA,NA,0,0,0,NA,0,0,0,0,0,0,0,0,0
573,1,S.Williams,00-0037665,DE,DAL,0,16,0,16,0,0,0,0,0,0,NA,0,0,NA,0,0,0,0,0,0,0,0
573,4,K.Joseph,00-0037667,SAF,DET,0,6,0,6,0,0,0,0,0,0,NA,NA,NA,NA,NA,NA,NA,NA,NA,NA,NA,NA
573,1,J.Pharms,00-0037711,DE,NE,0,3,0,3,NA,NA,NA,NA,NA,NA,NA,NA,NA,NA,NA,0,0,NA,NA,NA,0,NA
573,2,D.Hill,00-0037743,CB,CIN,0,16,0,16,0,0,0,0,0,0,0,0,0,NA,0,0,0,0,NA,0,0,0
573,4,T.Anderson,00-0037752,SAF,CIN,0,14,0,14,0,0,0,0,0,0,0,NA,0,NA,0,0,0,0,NA,0,NA,0
573,2,C.Taylor-Britt,00-0037753,CB,CIN,0,8,0,8,0,0,NA,0,0,0,NA,0,0,NA,0,NA,NA,NA,NA,NA,NA,NA
573,3,T.Jones,00-0037756,DT,BAL,0,16,0,16,0,0,0,NA,0,0,NA,0,0,0,0,0,0,0,0,0,0,0
573,2,B.Raimann,00-0037757,OT,IND,0,7,0,7,0,0,NA,0,0,NA,NA,NA,NA,0,NA,NA,0,0,NA,NA,NA,NA
573,2,C.Flott,00-0037758,CB,NYG,0,14,0,14,0,0,0,0,0,0,0,0,NA,0,0,0,0,NA,0,0,NA,NA
573,1,D.Leal,00-0037759,DE,PIT,0,1,0,1,NA,NA,0,NA,NA,NA,NA,NA,NA,NA,NA,NA,NA,NA,NA,NA,NA,NA
573,1,D.Tillman,00-0037799,LB,DEN,0,17,0,17,0,0,0,0,0,0,0,0,0,0,0,NA,0,0,0,0,0,0
573,3,Z.Carter,00-0037804,DT,ARI,0,4,0,4,NA,NA,NA,NA,0,0,NA,NA,NA,NA,NA,NA,NA,NA,NA,NA,0,0
573,1,D.Malone,00-0037808,LB,ATL,0,7,0,7,NA,0,0,0,NA,0,0,0,0,NA,NA,NA,NA,NA,NA,NA,NA,NA
573,1,C.Muma,00-0037811,LB,NE,0,5,0,5,NA,0,NA,0,0,0,NA,NA,NA,NA,NA,NA,NA,NA,NA,NA,0,NA
573,2,A.Lucas,00-0037812,OT,SEA,0,5,0,5,NA,NA,NA,NA,NA,NA,NA,NA,0,0,0,0,NA,NA,NA,0,NA,NA
573,1,C.Tindall,00-0037813,LB,ARI,0,4,0,4,NA,NA,NA,NA,NA,NA,NA,NA,NA,NA,NA,NA,0,0,0,NA,0,NA
573,1,L.Fortner,00-0037814,C,NO,0,3,0,3,NA,NA,NA,NA,NA,NA,NA,NA,NA,0,NA,NA,NA,NA,0,NA,0,NA
573,1,C.Thomas,00-0037815,DE,CLE,0,12,0,12,NA,0,NA,0,NA,0,0,0,NA,0,0,0,0,NA,0,NA,0,0
573,4,Z.Tom,00-0037817,G,GB,0,1,0,1,NA,NA,NA,NA,NA,NA,NA,NA,NA,NA,NA,NA,NA,0,NA,NA,NA,NA
573,4,Z.Johnson,00-0037818,G,LAC,0,2,0,2,NA,NA,NA,0,NA,NA,NA,NA,NA,0,NA,NA,NA,NA,NA,NA,NA,NA
573,1,L.Chenal,00-0037819,LB,KC,0,14,0,14,0,0,0,0,0,0,0,0,0,NA,0,0,0,0,0,NA,NA,NA
573,2,C.Cross,00-0037821,OT,SEA,0,4,0,4,NA,NA,NA,NA,NA,NA,0,NA,0,NA,NA,0,NA,NA,0,NA,NA,NA
573,1,C.Harris,00-0037823,LB,HOU,0,7,0,7,0,0,0,NA,NA,NA,NA,NA,NA,NA,NA,NA,0,NA,0,0,NA,0
573,1,T.Linderbaum,00-0037825,C,BAL,0,4,0,4,NA,NA,NA,NA,NA,0,NA,NA,NA,NA,NA,0,NA,0,NA,NA,NA,0
573,1,D.Jackson,00-0037826,DE,WAS,0,3,0,3,NA,NA,NA,NA,NA,NA,NA,NA,NA,NA,NA,NA,NA,NA,NA,0,0,0
573,2,S.Burford,00-0037829,OT,SF,0,2,0,2,NA,NA,NA,NA,NA,NA,NA,NA,NA,0,NA,NA,NA,NA,0,NA,NA,NA
573,2,S.Womack,00-0037830,CB,NYJ,0,3,0,3,NA,NA,NA,NA,NA,NA,NA,NA,NA,NA,0,0,NA,NA,NA,NA,NA,0
573,3,K.Davis,00-0037832,DT,SF,0,15,0,15,0,0,0,0,0,NA,0,0,0,0,0,0,0,NA,0,0,0,NA
573,2,L.Goedeke,00-0037835,OT,TB,0,4,0,4,NA,NA,NA,NA,NA,NA,NA,NA,NA,NA,NA,0,0,0,NA,0,NA,NA
573,2,C.Durant,00-0037839,CB,LA,0,17,0,17,0,0,0,0,0,0,0,NA,0,0,0,0,0,0,0,0,0,0
573,4,Q.Lake,00-0037841,SAF,LA,0,10,0,10,0,0,0,0,0,0,0,NA,0,0,0,NA,NA,NA,NA,NA,NA,NA
573,2,D.Kendrick,00-0037842,CB,LA,0,7,0,7,NA,0,0,NA,0,NA,NA,NA,NA,NA,0,NA,NA,0,NA,NA,0,0
573,1,D.Hardy,00-0037843,DE,CHI,0,13,0,13,0,NA,0,0,NA,0,0,0,0,NA,0,0,0,0,NA,NA,0,0
573,4,K.Hamilton,00-0038038,SAF,BAL,0,16,0,16,0,0,0,0,NA,0,NA,0,0,0,0,0,0,0,0,0,0,0
573,2,J.Jones,00-0038039,CB,MIA,0,17,0,17,0,0,0,0,0,0,0,0,0,0,0,NA,0,0,0,0,0,0
573,2,J.Williams,00-0038043,CB,KC,0,8,0,8,0,NA,0,NA,0,NA,NA,0,NA,NA,NA,NA,NA,NA,0,0,0,0
573,4,J.Stout,00-0038094,P,BAL,0,17,0,17,0,0,0,0,0,0,NA,0,0,0,0,0,0,0,0,0,0,0
573,3,P.Mathis,00-0038099,DT,BUF,0,5,0,5,NA,NA,NA,NA,0,NA,NA,NA,0,NA,NA,NA,NA,NA,NA,0,0,0
573,4,P.Butler,00-0038100,SAF,WAS,0,11,0,11,0,0,NA,NA,0,0,0,0,NA,0,0,NA,0,0,NA,NA,0,NA
573,2,A.Evans,00-0038101,CB,CAR,0,7,0,7,0,NA,0,0,NA,NA,NA,0,0,NA,NA,NA,0,NA,NA,0,NA,NA
573,4,C.Strange,00-0038103,G,MIA,0,3,0,3,NA,NA,NA,NA,0,NA,NA,NA,0,NA,NA,NA,NA,NA,NA,0,NA,NA
573,3,E.Uwazurike,00-0038106,DT,DEN,0,16,0,16,0,0,0,0,0,0,0,0,0,0,0,NA,0,NA,0,0,0,0
573,1,M.Clemons,00-0038107,DE,NYJ,0,13,0,13,NA,0,0,0,0,0,0,0,NA,NA,0,0,0,0,0,NA,0,NA
573,2,K.Gordon,00-0038111,CB,CHI,0,3,0,3,NA,NA,NA,NA,NA,0,0,NA,NA,NA,NA,NA,0,NA,NA,NA,NA,NA
573,1,C.Jurgens,00-0038112,C,PHI,0,4,0,4,NA,0,NA,0,NA,NA,NA,NA,NA,NA,NA,0,NA,0,NA,NA,NA,NA
573,2,M.Mitchell,00-0038114,OT,NYJ,0,1,0,1,NA,NA,NA,NA,NA,NA,NA,NA,NA,NA,NA,NA,NA,NA,NA,NA,NA,0
573,1,A.Ebiketie,00-0038116,LB,ATL,0,15,0,15,0,0,0,0,NA,0,0,0,0,0,0,0,0,0,0,0,NA,NA
573,4,D.Faalele,00-0038118,G,BAL,0,2,0,2,NA,NA,NA,NA,NA,0,NA,NA,NA,NA,NA,0,NA,NA,NA,NA,NA,NA
573,2,J.Armour-Davis,00-0038119,CB,TEN,0,10,0,10,NA,NA,0,0,0,0,0,0,0,NA,0,0,NA,NA,NA,0,NA,NA
573,2,A.Taylor,00-0038121,CB,NO,0,17,0,17,0,0,0,0,0,0,0,0,0,0,NA,0,0,0,0,0,0,0
573,4,D.Belton,00-0038123,SAF,NYG,0,17,0,17,0,0,0,0,0,0,0,0,0,0,0,0,0,NA,0,0,0,0
573,2,R.McCreary,00-0038125,CB,LA,0,10,0,10,0,0,0,0,0,0,0,0,NA,NA,NA,NA,NA,NA,NA,NA,0,0
573,3,P.Winfrey,00-0038126,DT,DAL,0,1,0,1,NA,NA,NA,NA,NA,NA,NA,NA,NA,NA,NA,NA,NA,NA,NA,0,NA,NA
573,1,L.Hall,00-0038127,DE,TB,0,17,0,17,0,0,0,0,0,0,0,0,NA,0,0,0,0,0,0,0,0,0
573,4,E.Ingram,00-0038131,G,HOU,0,2,0,2,NA,NA,NA,NA,NA,NA,0,NA,NA,NA,NA,NA,NA,NA,NA,NA,NA,0
573,1,B.Mafe,00-0038133,LB,SEA,0,16,0,16,0,0,0,0,0,0,0,NA,0,0,0,0,0,0,0,NA,0,0
573,4,J.Brisker,00-0038135,SAF,CHI,0,17,0,17,0,0,0,0,NA,0,0,0,0,0,0,0,0,0,0,0,0,0
573,4,C.Bryant,00-0038136,SAF,SEA,0,15,0,15,0,0,0,0,0,0,0,NA,0,0,0,0,0,0,0,0,NA,NA
573,1,D.Ojabo,00-0038142,LB,BAL,0,12,0,12,NA,NA,NA,0,0,NA,NA,0,0,0,0,0,NA,0,0,0,0,0
573,2,L.Havrisik,00-0038152,K,GB,0,3,0,3,NA,NA,NA,NA,NA,0,0,NA,NA,NA,0,NA,NA,NA,NA,NA,NA,NA
573,2,J.Butler,00-0038348,CB,DAL,0,1,0,1,NA,NA,NA,NA,NA,NA,NA,NA,NA,NA,NA,NA,NA,NA,NA,NA,NA,0
573,1,A.Ward,00-0038360,LS,LA,0,2,0,2,NA,NA,NA,0,NA,NA,0,NA,NA,NA,NA,NA,NA,NA,NA,NA,NA,NA
573,4,T.Ingle,00-0038366,SAF,LA,0,2,0,2,NA,NA,NA,NA,NA,NA,NA,NA,NA,NA,NA,NA,NA,NA,NA,NA,0,0
573,2,K.Kelly,00-0038381,CB,LV,0,12,0,12,0,0,0,0,0,0,0,NA,NA,0,0,0,0,0,NA,NA,NA,NA
573,4,A.Vorhees,00-0038383,G,BAL,0,3,0,3,NA,NA,NA,NA,NA,NA,NA,NA,NA,0,NA,NA,0,0,NA,NA,NA,NA
573,3,J.Carter,00-0038386,DT,PHI,0,12,0,12,0,0,0,0,0,NA,0,0,NA,0,0,0,0,NA,NA,NA,0,NA
573,1,C.Wooden,00-0038387,DE,GB,0,15,0,15,0,0,0,0,NA,0,0,0,NA,0,0,0,0,0,0,0,0,NA
573,1,N.Sewell,00-0038390,LB,CHI,0,13,0,13,0,0,0,0,NA,0,NA,0,0,0,0,NA,NA,0,0,0,0,NA
573,4,D.Scott,00-0038392,SAF,IND,0,2,0,2,NA,0,0,NA,NA,NA,NA,NA,NA,NA,NA,NA,NA,NA,NA,NA,NA,NA
573,138,E.Gray,00-0038396,RB,NYG,0,1,0,0,NA,NA,NA,NA,NA,NA,NA,NA,NA,NA,NA,0,NA,NA,NA,NA,NA,NA
573,3,K.Brooks,00-0038398,DT,GB,0,12,0,12,NA,0,0,0,NA,NA,0,0,0,0,0,NA,NA,0,0,0,0,NA
573,1,Z.Barnes,00-0038399,LB,NYG,0,8,0,8,NA,NA,NA,NA,NA,0,0,NA,0,0,0,0,0,NA,NA,0,NA,NA
573,2,J.Bernard-Converse,00-0038401,CB,NYG,0,2,0,2,NA,NA,NA,NA,NA,NA,NA,NA,0,0,NA,NA,NA,NA,NA,NA,NA,NA
573,2,J.Jones,00-0038407,CB,IND,0,8,0,8,NA,NA,NA,NA,NA,NA,NA,NA,0,0,NA,0,0,0,NA,0,0,0
573,2,C.Valentine,00-0038408,CB,GB,0,14,0,14,0,0,0,0,NA,0,NA,0,0,0,0,NA,0,0,0,0,0,NA
573,138,L.Nichols,00-0038409,RB,PIT,0,1,0,0,NA,NA,NA,NA,NA,NA,NA,NA,0,NA,NA,NA,NA,NA,NA,NA,NA,NA
573,3,M.Ojomo,00-0038412,DT,PHI,0,17,0,17,0,0,0,0,0,0,0,0,NA,0,0,0,0,0,0,0,0,0
573,4,K.Williamson,00-0038414,SAF,LAC,0,9,0,9,0,NA,NA,NA,NA,NA,0,0,NA,0,0,NA,0,0,0,NA,0,NA
573,2,A.Szmyt,00-0038428,K,CLE,0,17,0,17,0,0,0,0,0,0,0,0,NA,0,0,0,0,0,0,0,0,0
573,125,T.Vokolek,00-0038456,TE,ARI,0,1,0,0,NA,NA,NA,NA,0,NA,NA,NA,NA,NA,NA,NA,NA,NA,NA,NA,NA,NA
573,1,B.Cox,00-0038463,DE,GB,0,2,0,2,NA,NA,NA,NA,NA,NA,NA,NA,NA,NA,NA,NA,NA,NA,NA,0,NA,0
573,6,B.Russell,00-0038488,FB,SEA,0,10,0,10,0,0,0,NA,NA,0,0,NA,NA,0,0,0,NA,NA,0,0,NA,NA
573,219,J.Brownlee,00-0038492,WR,KC,0,3,0,0,0,NA,NA,NA,0,0,NA,NA,NA,NA,NA,NA,NA,NA,NA,NA,NA,NA
573,1,C.Cherelus,00-0038493,LB,CAR,0,9,0,9,NA,NA,NA,0,NA,NA,0,0,0,0,0,0,NA,NA,0,0,NA,NA
573,125,E.Jenkins,00-0038498,TE,PHI,0,1,0,0,NA,NA,NA,NA,NA,NA,0,NA,NA,NA,NA,NA,NA,NA,NA,NA,NA,NA
573,1,T.Simpson,00-0038504,LB,BAL,0,15,0,15,0,0,0,0,0,0,NA,NA,NA,0,0,0,0,0,0,0,0,0
573,1,T.Robinson,00-0038505,LB,BAL,0,9,0,9,0,0,0,0,0,NA,NA,NA,NA,NA,NA,NA,NA,NA,0,0,0,0
573,3,J.Riley,00-0038506,DT,GB,0,1,0,1,NA,NA,NA,NA,NA,NA,NA,NA,NA,NA,NA,NA,NA,NA,NA,0,NA,NA
573,1,C.Jones,00-0038513,LB,NYJ,0,5,0,5,0,0,NA,NA,0,NA,NA,NA,NA,NA,NA,NA,NA,NA,NA,0,0,NA
573,1,T.Jones,00-0038514,LB,TEN,0,5,0,5,NA,NA,NA,NA,NA,NA,NA,NA,NA,NA,0,NA,0,NA,NA,0,0,0
573,2,R.Taylor,00-0038521,CB,DEN,0,2,0,2,NA,NA,NA,NA,NA,NA,NA,NA,NA,NA,NA,NA,0,NA,NA,NA,0,NA
573,1,D.Johnson,00-0038535,LB,CAR,0,2,0,2,NA,NA,0,0,NA,NA,NA,NA,NA,NA,NA,NA,NA,NA,NA,NA,NA,NA
573,4,C.Zavala,00-0038536,G,CAR,0,3,0,3,NA,0,NA,NA,NA,NA,NA,NA,0,NA,0,NA,NA,NA,NA,NA,NA,NA
573,2,P.Johnson,00-0038540,OT,ARI,0,5,0,5,NA,0,NA,0,NA,NA,NA,NA,NA,NA,0,0,NA,0,NA,NA,NA,NA
573,1,T.Wilson,00-0038541,DE,LV,0,15,0,15,0,0,0,0,0,0,0,NA,0,0,0,0,0,NA,NA,0,0,0
573,3,M.Smith,00-0038545,DT,DAL,0,3,0,3,NA,NA,NA,0,NA,NA,0,0,NA,NA,NA,NA,NA,NA,NA,NA,NA,NA
573,1,M.Murphy,00-0038546,DE,CIN,0,15,0,15,0,NA,0,0,0,0,0,0,0,NA,0,0,0,NA,0,0,0,0
573,4,O.Torrence,00-0038548,G,BUF,0,1,0,1,NA,NA,NA,NA,NA,NA,NA,NA,NA,NA,NA,NA,NA,NA,0,NA,NA,NA
573,2,D.Turner,00-0038549,CB,CIN,0,16,0,16,0,0,0,0,0,0,0,0,0,NA,0,0,0,0,0,0,0,NA
573,2,R.Moss,00-0038552,CB,DEN,0,17,0,17,0,0,0,0,0,0,0,0,0,0,0,NA,0,0,0,0,0,0
573,1,D.Henley,00-0038553,LB,LAC,0,16,0,16,0,0,0,0,0,0,0,0,0,0,0,NA,0,0,0,0,0,NA
573,4,J.Brown,00-0038554,SAF,SF,0,16,0,16,0,0,0,NA,0,0,0,0,0,0,0,0,0,NA,0,0,0,0
573,1,D.Overshown,00-0038556,LB,DAL,0,6,0,6,NA,NA,NA,NA,NA,NA,NA,NA,NA,NA,0,0,0,0,0,0,NA,NA
573,1,D.Williams,00-0038557,LB,BUF,0,16,0,16,0,0,0,0,NA,0,NA,0,0,0,0,0,0,0,0,0,0,0
573,4,J.Battle,00-0038560,SAF,CIN,0,17,0,17,0,0,0,0,0,0,0,0,0,NA,0,0,0,0,0,0,0,0
573,2,J.Moody,00-0038562,K,WAS,0,9,0,9,0,NA,NA,NA,NA,0,0,NA,NA,NA,NA,NA,0,0,0,0,0,0
573,125,C.Latu,00-0038564,TE,PHI,0,10,0,0,NA,NA,NA,0,0,0,0,0,NA,NA,0,0,0,0,NA,NA,NA,0
573,2,M.Blackmon,00-0038565,CB,IND,0,17,0,17,0,0,0,0,0,0,0,0,0,0,NA,0,0,0,0,0,0,0
573,2,C.Ryland,00-0038567,K,ARI,0,17,0,17,0,0,0,0,0,0,0,NA,0,0,0,0,0,0,0,0,0,0
573,2,C.Phillips,00-0038568,CB,ATL,0,1,0,1,NA,NA,NA,0,NA,NA,NA,NA,NA,NA,NA,NA,NA,NA,NA,NA,NA,NA
573,1,V.Miller,00-0038570,LB,JAX,0,15,0,15,0,0,0,NA,0,0,0,NA,0,0,NA,0,0,0,0,0,0,0
573,4,J.Gaines,00-0038571,G,ARI,0,2,0,2,NA,NA,NA,NA,NA,NA,NA,NA,NA,NA,NA,NA,NA,0,NA,NA,NA,0
573,1,I.McGuire,00-0038574,DE,CLE,0,15,0,15,0,0,0,0,0,0,0,0,NA,0,0,0,0,0,0,NA,NA,0
573,219,C.Jones,00-0038576,WR,CIN,0,14,0,0,0,0,0,0,0,0,0,0,0,NA,0,0,0,0,0,NA,NA,NA
573,1,N.Herbig,00-0038577,LB,PIT,0,15,0,15,NA,0,0,0,NA,0,0,0,0,0,0,0,0,0,0,NA,0,0
573,4,J.Ward,00-0038578,SAF,MIN,0,12,0,12,0,0,NA,0,NA,NA,NA,0,0,0,0,NA,0,0,NA,0,0,0
573,1,Y.Abdullah,00-0038580,LB,JAX,0,6,0,6,NA,0,NA,NA,NA,NA,0,NA,0,0,0,NA,NA,NA,NA,0,NA,NA
573,2,C.Mitchell,00-0038585,CB,IND,0,7,0,7,NA,0,NA,NA,NA,NA,0,0,0,NA,NA,NA,NA,NA,NA,0,0,0
573,4,A.Mafi,00-0038586,G,LV,0,1,0,1,NA,NA,NA,NA,NA,NA,NA,NA,NA,NA,NA,NA,NA,NA,NA,NA,0,NA
573,4,J.Robinson,00-0038587,SAF,ATL,0,1,0,1,NA,NA,NA,NA,NA,NA,NA,NA,NA,NA,NA,NA,NA,NA,NA,NA,NA,0
573,4,J.Howden,00-0038588,SAF,NO,0,12,0,12,NA,NA,0,0,0,0,0,0,0,NA,NA,0,0,0,0,NA,NA,0
573,125,J.Shorter,00-0038590,TE,LV,0,3,0,0,0,NA,NA,0,NA,0,NA,NA,NA,NA,NA,NA,NA,NA,NA,NA,NA,NA
573,1,M.Morris,00-0038591,DE,SEA,0,11,0,11,NA,0,0,NA,NA,0,0,NA,0,0,0,0,NA,0,NA,NA,0,0
573,1,O.Oluwatimi,00-0038593,C,SEA,0,1,0,1,NA,NA,NA,NA,NA,NA,NA,NA,NA,0,NA,NA,NA,NA,NA,NA,NA,NA
573,2,D.Luter,00-0038594,CB,SF,0,9,0,9,NA,0,0,0,NA,NA,0,NA,0,NA,0,NA,0,NA,NA,0,0,NA
573,4,An.Johnson,00-0038596,SAF,JAX,0,16,0,16,0,0,0,0,0,NA,0,NA,0,0,0,0,0,0,0,0,0,0
573,1,H.To'oTo'o,00-0038599,LB,HOU,0,17,0,17,0,0,0,0,0,NA,0,0,0,0,0,0,0,0,0,0,0,0
573,1,O.Pappoe,00-0038600,LB,ARI,0,13,0,13,0,0,0,0,0,0,0,NA,0,NA,NA,NA,NA,0,0,0,0,0
573,2,A.Richards,00-0038601,OT,NO,0,2,0,2,0,NA,NA,NA,NA,NA,NA,NA,NA,NA,NA,NA,NA,0,NA,NA,NA,NA
573,1,C.Smith,00-0038602,S,LV,0,3,0,3,NA,0,NA,0,0,NA,NA,NA,NA,NA,NA,NA,NA,NA,NA,NA,NA,NA
573,1,R.Beal,00-0038603,DE,SF,0,5,0,5,NA,NA,NA,NA,NA,NA,NA,0,0,0,NA,NA,0,NA,0,NA,NA,NA
573,4,J.Skinner,00-0038605,SAF,DEN,0,12,0,12,NA,0,0,NA,0,NA,0,0,0,0,0,NA,0,0,NA,0,0,NA
573,1,L.Wypler,00-0038609,C,CLE,0,5,0,5,NA,NA,0,NA,NA,NA,0,NA,NA,NA,NA,NA,NA,0,NA,0,0,NA
573,4,B.Baringer,00-0038610,P,NE,0,17,0,17,0,0,0,0,0,0,0,0,0,0,0,0,0,NA,0,0,0,0
573,4,J.Reed,00-0038613,SAF,TEN,0,4,0,4,NA,NA,0,NA,NA,NA,NA,NA,0,NA,NA,NA,NA,NA,NA,0,NA,0
573,1,J.Patterson,00-0038615,C,HOU,0,1,0,1,NA,NA,NA,NA,NA,NA,NA,NA,NA,0,NA,NA,NA,NA,NA,NA,NA,NA
573,2,C.Braswell,00-0038616,CB,JAX,0,6,0,6,NA,NA,NA,NA,NA,NA,NA,NA,NA,NA,0,0,0,0,0,NA,NA,0
573,4,E.Hallett,00-0038620,SAF,TEN,0,3,0,3,NA,NA,NA,NA,NA,NA,0,NA,NA,NA,NA,NA,NA,NA,0,NA,NA,0
573,3,D.Stills,00-0038623,DT,ARI,0,15,0,15,0,0,0,0,0,0,0,NA,0,0,0,0,0,0,NA,NA,0,0
573,1,A.Speed,00-0038624,DB,HOU,0,2,0,2,NA,NA,NA,NA,NA,NA,NA,NA,NA,NA,NA,NA,0,0,NA,NA,NA,NA
573,1,D.Winters,00-0038625,LB,SF,0,17,0,17,0,0,0,0,0,0,0,0,0,0,0,0,0,NA,0,0,0,0
573,4,B.Robbins,00-0038626,P,BUF,0,1,0,1,0,NA,NA,NA,NA,NA,NA,NA,NA,NA,NA,NA,NA,NA,NA,NA,NA,NA
573,4,D.Hellams,00-0038628,SAF,ATL,0,7,0,7,NA,0,0,0,NA,0,NA,NA,NA,0,0,0,NA,NA,NA,NA,NA,NA
573,1,A.Jones,00-0038635,DE,BUF,0,2,0,2,NA,NA,NA,NA,NA,NA,NA,NA,NA,NA,NA,NA,NA,NA,NA,0,0,NA
573,2,D.Ivey,00-0038642,CB,CIN,0,10,0,10,NA,NA,0,NA,NA,0,0,0,0,NA,NA,0,0,NA,NA,0,0,0
573,125,B.Willis,00-0038643,TE,SF,0,6,0,0,NA,0,0,0,0,0,NA,NA,NA,NA,NA,NA,NA,NA,NA,NA,0,NA
573,2,A.Austin,00-0038646,CB,NE,0,6,0,6,0,0,0,0,NA,NA,NA,0,NA,NA,NA,0,NA,NA,NA,NA,NA,NA
573,1,J.Graham,00-0038648,LB,SF,0,1,0,1,NA,NA,NA,NA,NA,NA,NA,NA,NA,NA,NA,NA,0,NA,NA,NA,NA,NA
573,3,C.Durden,00-0038653,DT,NE,0,16,0,16,0,0,0,0,0,0,0,0,NA,0,0,0,0,NA,0,0,0,0
573,1,T.Nowaske,00-0038660,LB,DET,0,13,0,13,NA,NA,0,0,0,0,0,NA,NA,0,0,0,0,0,0,0,NA,0
573,138,J.Mims,00-0038678,RB,TEN,0,1,0,0,NA,0,NA,NA,NA,NA,NA,NA,NA,NA,NA,NA,NA,NA,NA,NA,NA,NA
573,2,E.Bonner,00-0038684,CB,MIA,0,10,0,10,NA,NA,NA,NA,0,0,0,0,0,0,0,NA,0,0,NA,NA,NA,0
573,3,B.Pili,00-0038694,DT,SEA,0,7,0,7,NA,NA,NA,0,NA,NA,0,NA,0,NA,0,0,0,NA,NA,NA,NA,0
573,1,K.Smith,00-0038696,DB,NYJ,0,1,0,1,NA,NA,NA,NA,NA,NA,NA,NA,NA,NA,NA,NA,NA,NA,NA,NA,NA,0
573,4,K.Brooks,00-0038703,SAF,TEN,0,6,0,6,NA,NA,NA,NA,0,NA,NA,0,NA,NA,0,NA,NA,NA,0,0,0,NA
573,1,M.Diabate,00-0038711,LB,CLE,0,15,0,15,0,0,0,0,0,0,NA,0,NA,0,NA,0,0,0,0,0,0,0
573,4,R.Hickman,00-0038715,SAF,CLE,0,17,0,17,0,0,0,0,0,0,0,0,NA,0,0,0,0,0,0,0,0,0
573,1,A.Gaye,00-0038724,LB,TEN,0,1,0,1,NA,NA,NA,NA,NA,NA,NA,0,NA,NA,NA,NA,NA,NA,NA,NA,NA,NA
573,4,T.Bass,00-0038731,G,DAL,0,2,0,2,NA,NA,NA,NA,0,NA,NA,NA,NA,NA,0,NA,NA,NA,NA,NA,NA,NA
573,125,P.Fant,00-0038735,TE,DAL,0,1,0,0,NA,NA,NA,NA,NA,NA,NA,NA,0,NA,NA,NA,NA,NA,NA,NA,NA,NA
573,219,J.Moreno-Cropper,00-0038740,WR,DAL,0,2,0,0,NA,NA,NA,NA,0,0,NA,NA,NA,NA,NA,NA,NA,NA,NA,NA,NA,NA
573,1,T.Wheat,00-0038742,DE,DET,0,9,0,9,NA,NA,NA,0,NA,0,0,NA,0,0,NA,0,NA,0,0,NA,NA,0
573,1,P.O'Connell,00-0038764,LB,SEA,0,6,0,6,NA,NA,NA,NA,NA,NA,NA,NA,NA,0,NA,0,0,0,0,NA,NA,0
573,4,T.Okada,00-0038765,SAF,SEA,0,15,0,15,NA,0,0,NA,0,0,0,NA,0,0,0,0,0,0,0,0,0,0
573,1,C.Stoll,00-0038769,LS,SEA,0,1,0,1,NA,NA,NA,NA,NA,NA,NA,NA,0,NA,NA,NA,NA,NA,NA,NA,NA,NA
573,1,J.Redmond,00-0038778,DL,MIN,0,17,0,17,0,0,0,0,0,NA,0,0,0,0,0,0,0,0,0,0,0,0
573,1,E.Leota,00-0038782,LB,NO,0,1,0,1,NA,NA,NA,NA,0,NA,NA,NA,NA,NA,NA,NA,NA,NA,NA,NA,NA,NA
573,2,A.Green,00-0038788,CB,NYG,0,8,0,8,NA,0,0,0,NA,0,0,NA,NA,NA,NA,NA,NA,NA,NA,0,0,0
573,1,T.Incoom,00-0038791,LB,CAR,0,15,0,15,NA,0,0,0,0,0,0,0,0,0,0,0,0,NA,NA,0,0,0
573,3,P.Mustipher,00-0038795,DT,ARI,0,13,0,13,NA,0,0,0,0,0,0,NA,NA,0,0,0,0,0,0,0,NA,NA
573,2,A.Palczewski,00-0038796,OT,DEN,0,2,0,2,NA,NA,NA,0,NA,NA,NA,NA,NA,NA,0,NA,NA,NA,NA,NA,NA,NA
573,1,I.Pace,00-0038807,LB,MIN,0,15,0,15,0,0,0,0,0,NA,NA,0,0,0,0,0,NA,0,0,0,0,0
573,1,E.Deckers,00-0038817,LS,TB,0,1,0,1,NA,NA,NA,NA,NA,NA,NA,NA,NA,NA,NA,NA,NA,NA,NA,0,NA,NA
573,2,L.Haggard,00-0038818,OT,TB,0,1,0,1,NA,NA,0,NA,NA,NA,NA,NA,NA,NA,NA,NA,NA,NA,NA,NA,NA,NA
573,4,C.Izien,00-0038820,SAF,TB,0,9,0,9,NA,0,NA,NA,NA,0,NA,0,NA,0,0,NA,NA,0,0,NA,0,0
573,4,K.Merriweather,00-0038823,SAF,HOU,0,7,0,7,NA,0,0,0,NA,0,0,NA,NA,0,NA,NA,NA,NA,NA,NA,NA,0
573,1,N.Whiteside,00-0038841,DB,DET,0,3,0,3,NA,NA,NA,NA,NA,NA,0,NA,0,NA,NA,NA,NA,NA,NA,0,NA,NA
573,1,C.Murphy,00-0038851,LB,NE,0,6,0,6,0,0,0,0,0,NA,NA,NA,NA,NA,NA,NA,0,NA,NA,NA,NA,NA
573,2,J.Ojukwu,00-0038852,OT,TEN,0,1,0,1,NA,0,NA,NA,NA,NA,NA,NA,NA,NA,NA,NA,NA,NA,NA,NA,NA,NA
573,2,D.Jamison,00-0038877,CB,PIT,0,1,0,1,NA,NA,NA,NA,NA,NA,NA,NA,NA,NA,0,NA,NA,NA,NA,NA,NA,NA
573,1,S.Heyward,00-0038890,LB,CIN,0,9,0,9,0,0,0,0,0,0,0,NA,NA,NA,NA,NA,NA,NA,NA,0,0,NA
573,2,B.Grupe,00-0038905,K,IND,0,16,0,16,0,0,0,0,0,0,0,0,0,0,NA,0,NA,0,0,0,0,0
573,1,D.Thomas,00-0038922,LB,SEA,0,16,0,16,0,NA,0,0,0,0,0,NA,0,0,0,0,0,0,0,0,0,0
573,2,D.Wright,00-0038932,OT,CHI,0,9,0,9,0,0,0,NA,NA,NA,NA,NA,NA,0,0,0,0,0,NA,0,NA,NA
573,2,A.Harrison,00-0038934,OT,JAX,0,5,0,5,NA,NA,NA,0,NA,0,NA,NA,NA,0,NA,NA,0,NA,0,NA,NA,NA
573,1,J.Scruggs,00-0038936,C,HOU,0,3,0,3,NA,NA,NA,NA,0,NA,0,0,NA,NA,NA,NA,NA,NA,NA,NA,NA,NA
573,3,Z.Pickens,00-0038937,DT,KC,0,2,0,2,NA,NA,NA,NA,NA,NA,NA,NA,NA,NA,NA,NA,NA,NA,NA,0,NA,0
573,1,T.Lacy,00-0038940,DE,DET,0,9,0,9,NA,NA,0,0,0,0,NA,NA,0,0,0,0,NA,NA,NA,NA,NA,0
573,1,M.Watts,00-0038958,LB,TB,0,8,0,8,NA,NA,0,0,0,0,NA,0,NA,NA,NA,NA,0,0,0,NA,NA,NA
573,2,N.Brooks,00-0038966,CB,ATL,0,10,0,10,0,0,0,NA,NA,NA,0,0,0,0,0,NA,0,NA,NA,NA,NA,0
573,3,B.Young,00-0038978,DT,PHI,0,14,0,14,0,0,0,0,0,0,NA,0,NA,0,NA,NA,0,0,0,0,0,0
573,1,Z.Harrison,00-0038980,DE,ATL,0,7,0,7,0,0,0,0,NA,0,0,NA,NA,0,NA,NA,NA,NA,NA,NA,NA,NA
573,2,W.Morris,00-0038981,OT,KC,0,2,0,2,NA,NA,NA,0,NA,NA,NA,NA,0,NA,NA,NA,NA,NA,NA,NA,NA,NA
573,1,C.Conner,00-0038982,DB,KC,0,17,0,17,0,0,0,0,0,0,0,0,0,NA,0,0,0,0,0,0,0,0
573,2,K.Clark,00-0038984,CB,ARI,0,12,0,12,NA,0,0,0,0,0,0,NA,0,0,0,0,NA,0,0,NA,NA,NA
573,2,N.Jones,00-0038986,CB,NYG,0,6,0,6,0,NA,NA,0,NA,0,NA,NA,0,NA,0,0,NA,NA,NA,NA,NA,NA
573,3,B.Bresee,00-0038995,DT,NO,0,15,0,15,0,0,0,0,0,0,0,0,0,0,NA,0,0,0,0,0,NA,NA
573,2,D.Banks,00-0039000,CB,NYG,0,14,0,14,NA,0,0,0,0,NA,0,0,0,0,0,NA,0,NA,0,0,0,0
573,2,T.Steen,00-0039001,OT,PHI,0,7,0,7,NA,NA,NA,NA,0,NA,0,NA,NA,NA,0,0,0,0,0,NA,NA,NA
573,4,S.Brown,00-0039002,SAF,PHI,0,15,0,15,0,0,0,0,0,0,NA,0,NA,NA,0,0,0,0,0,0,0,0
573,2,G.Williams,00-0039007,CB,ARI,0,10,0,10,0,0,NA,NA,NA,NA,NA,NA,0,0,0,0,0,0,0,0,NA,NA
573,1,D.Horton,00-0039009,DE,HOU,0,14,0,14,0,0,0,NA,0,NA,0,0,NA,0,0,0,0,0,0,0,NA,0
573,1,N.Smith,00-0039013,LB,PHI,0,12,0,12,0,0,0,NA,NA,NA,NA,NA,NA,0,0,0,0,0,0,0,0,0
573,2,D.Jones,00-0039014,OT,CLE,0,2,0,2,0,0,NA,NA,NA,NA,NA,NA,NA,NA,NA,NA,NA,NA,NA,NA,NA,NA
573,1,J.Campbell,00-0039018,LB,DET,0,17,0,17,0,0,0,0,0,0,0,NA,0,0,0,0,0,0,0,0,0,0
573,1,J.Schmitz,00-0039019,C,NYG,0,3,0,3,NA,NA,NA,0,NA,NA,NA,NA,0,NA,NA,NA,NA,NA,0,NA,NA,NA
573,4,A.Bradford,00-0039020,G,SEA,0,3,0,3,NA,NA,NA,NA,NA,NA,0,NA,NA,NA,0,NA,NA,NA,NA,0,NA,NA
573,1,J.Andrews,00-0039030,C,HOU,0,5,0,5,NA,NA,NA,0,NA,NA,NA,0,NA,NA,NA,0,NA,NA,NA,0,0,NA
573,3,A.Adebawore,00-0039031,DT,IND,0,14,0,14,0,0,0,0,NA,0,0,0,0,0,NA,0,0,0,NA,NA,0,0
573,2,P.Skoronski,00-0039034,OT,TEN,0,4,0,4,NA,NA,0,NA,NA,NA,NA,NA,0,NA,NA,0,0,NA,NA,NA,NA,NA
573,1,D.Hall,00-0039047,LB,SEA,0,14,0,14,0,0,0,0,0,NA,NA,NA,0,0,0,0,0,0,0,0,NA,0
573,4,M.Bergeron,00-0039048,G,ATL,0,4,0,4,NA,NA,0,NA,NA,NA,0,0,NA,NA,NA,NA,NA,NA,NA,NA,NA,0
573,1,S.Dennis,00-0039049,LB,TB,0,16,0,16,0,0,0,0,0,0,0,0,NA,0,0,0,0,0,NA,0,0,0
573,2,J.Hayes,00-0039051,CB,TB,0,13,0,13,NA,0,0,0,NA,0,0,0,NA,0,0,0,0,0,0,NA,NA,0
573,1,M.Mapu,00-0039054,LB,NE,0,15,0,15,0,0,NA,0,NA,0,0,0,0,0,0,0,0,NA,0,0,0,0
573,4,S.Avila,00-0039058,G,LA,0,1,0,1,NA,NA,NA,NA,NA,0,NA,NA,NA,NA,NA,NA,NA,NA,NA,NA,NA,NA
573,4,E.Evans,00-0039059,P,LA,0,17,0,17,0,0,0,0,0,0,0,NA,0,0,0,0,0,0,0,0,0,0
573,1,D.Johnson,00-0039061,DE,LA,0,5,0,5,NA,NA,NA,NA,NA,NA,NA,NA,NA,NA,NA,NA,NA,0,0,0,0,0
573,3,C.Kancey,00-0039063,DT,TB,0,2,0,2,NA,0,NA,NA,NA,NA,NA,NA,NA,NA,NA,NA,NA,NA,NA,NA,NA,0
573,1,Y.Diaby,00-0039068,LB,TB,0,17,0,17,0,0,0,0,0,0,0,0,NA,0,0,0,0,0,0,0,0,0
573,3,G.Dexter,00-0039070,DT,CHI,0,16,0,16,0,0,0,0,NA,0,0,0,0,0,NA,0,0,0,0,0,0,0
573,2,T.Stevenson,00-0039071,CB,CHI,0,12,0,12,0,0,0,0,NA,0,0,NA,0,0,0,0,NA,NA,0,0,NA,NA
573,2,J.Bennett,00-0039072,CB,PHI,0,3,0,3,0,NA,0,NA,NA,NA,NA,NA,NA,NA,NA,NA,NA,NA,NA,NA,NA,0
573,1,N.Hampton,00-0039076,LB,LA,0,5,0,5,0,NA,NA,NA,NA,0,NA,NA,NA,NA,0,0,0,NA,NA,NA,NA,NA
573,1,W.Anderson,00-0039108,DE,HOU,0,17,0,17,0,0,0,0,0,NA,0,0,0,0,0,0,0,0,0,0,0,0
573,2,B.Jones,00-0039109,OT,PIT,0,2,0,2,NA,NA,NA,0,NA,NA,0,NA,NA,NA,NA,NA,NA,NA,NA,NA,NA,NA
573,3,K.Benton,00-0039110,DT,PIT,0,17,0,17,0,0,0,0,NA,0,0,0,0,0,0,0,0,0,0,0,0,0
573,1,T.Tuipulotu,00-0039111,LB,LAC,0,15,0,15,0,0,0,0,NA,0,0,0,0,0,0,NA,0,0,0,0,0,NA
573,1,L.Van Ness,00-0039112,DE,GB,0,6,0,6,0,0,0,NA,NA,0,NA,NA,NA,NA,NA,NA,NA,NA,0,NA,0,NA
573,1,B.Young,00-0039137,LB,LA,0,17,0,17,0,0,0,0,0,0,0,NA,0,0,0,0,0,0,0,0,0,0
573,1,K.Turner,00-0039138,DE,LA,0,17,0,17,0,0,0,0,0,0,0,NA,0,0,0,0,0,0,0,0,0,0
573,2,K.Ringo,00-0039140,CB,PHI,0,14,0,14,NA,0,0,0,0,0,0,0,NA,0,0,0,0,NA,0,0,NA,0
573,4,B.Branch,00-0039141,SAF,DET,0,12,0,12,0,0,0,0,0,0,NA,NA,0,0,0,0,0,0,NA,NA,NA,NA
573,1,W.McDonald,00-0039142,DE,NYJ,0,12,0,12,0,NA,0,0,0,0,0,0,NA,0,0,NA,0,NA,0,0,NA,NA
573,1,I.Foskey,00-0039143,DE,CIN,0,3,0,3,NA,NA,NA,NA,NA,NA,NA,NA,NA,NA,NA,NA,0,NA,NA,0,0,NA
573,4,J.Tippmann,00-0039145,G,NYJ,0,7,0,7,NA,0,NA,0,NA,0,NA,NA,NA,0,0,0,NA,NA,NA,NA,0,NA
573,2,C.Gonzalez,00-0039147,CB,NE,0,14,0,14,NA,NA,NA,0,0,0,0,0,0,0,0,0,0,NA,0,0,0,0
573,1,K.White,00-0039148,DE,SF,0,13,0,13,0,NA,0,0,0,NA,0,NA,NA,0,0,0,0,NA,0,0,0,0
573,4,Q.Martin,00-0039149,SAF,WAS,0,17,0,17,0,0,0,0,0,0,0,0,0,0,0,NA,0,0,0,0,0,0
573,2,E.Forbes,00-0039151,CB,LA,0,17,0,17,0,0,0,0,0,0,0,NA,0,0,0,0,0,0,0,0,0,0
573,1,B.Ojulari,00-0039155,LB,ARI,0,6,0,6,NA,NA,NA,NA,NA,NA,NA,NA,NA,NA,NA,0,0,0,NA,0,0,0
573,2,J.Brents,00-0039156,CB,MIA,0,5,0,5,NA,NA,NA,NA,0,0,0,NA,NA,0,0,NA,NA,NA,NA,NA,NA,NA
573,4,C.Mauch,00-0039157,G,TB,0,1,0,1,NA,0,NA,NA,NA,NA,NA,NA,NA,NA,NA,NA,NA,NA,NA,NA,NA,NA
573,2,J.Porter,00-0039167,CB,PIT,0,14,0,14,0,NA,NA,NA,NA,0,0,0,0,0,0,0,0,0,0,0,0,0
573,2,D.Witherspoon,00-0039169,CB,SEA,0,12,0,12,0,NA,NA,0,NA,NA,NA,NA,0,0,0,0,0,0,0,0,0,0
573,2,J.Bates,00-0039172,K,DET,0,17,0,17,0,0,0,0,0,0,0,NA,0,0,0,0,0,0,0,0,0,0
573,2,C.Godrick,00-0039174,OT,KC,0,3,0,3,NA,NA,NA,NA,NA,NA,NA,NA,NA,NA,NA,NA,NA,NA,0,0,NA,0
573,3,B.Okoye,00-0039176,DT,BAL,0,9,0,9,NA,NA,NA,0,0,0,NA,0,NA,0,0,0,0,NA,0,NA,NA,NA
573,1,A.Ajiake,00-0039178,LB,IND,0,13,0,13,0,NA,0,0,0,0,0,0,NA,NA,NA,0,0,0,0,0,NA,0
573,1,D.Nchami,00-0039207,DE,IND,0,1,0,1,NA,NA,NA,NA,NA,NA,NA,0,NA,NA,NA,NA,NA,NA,NA,NA,NA,NA
573,2,C.Smyth,00-0039229,K,NO,0,6,0,6,NA,NA,NA,NA,NA,NA,NA,NA,NA,NA,NA,NA,0,0,0,0,0,0
573,2,N.Wiggins,00-0039232,CB,BAL,0,17,0,17,0,0,0,0,0,0,NA,0,0,0,0,0,0,0,0,0,0,0
573,2,R.Rosengarten,00-0039233,OT,BAL,0,4,0,4,0,NA,NA,0,NA,NA,NA,NA,NA,NA,NA,0,NA,NA,NA,0,NA,NA
573,2,T.Tampa,00-0039234,CB,BAL,0,16,0,16,0,0,0,0,0,0,NA,0,0,NA,0,0,0,0,0,0,0,0
573,4,S.Kane,00-0039235,SAF,TEN,0,3,0,3,NA,0,0,NA,NA,NA,NA,NA,NA,NA,NA,NA,NA,NA,NA,NA,NA,0
573,4,B.Brade,00-0039241,SAF,NYG,0,2,0,2,NA,0,NA,NA,NA,NA,0,NA,NA,NA,NA,NA,NA,NA,NA,NA,NA,NA
573,4,A.Sam,00-0039267,SAF,PHI,0,1,0,1,NA,NA,NA,NA,NA,NA,NA,NA,NA,NA,NA,NA,NA,0,NA,NA,NA,NA
573,1,B.McGregor,00-0039284,DE,NYJ,0,8,0,8,NA,0,0,NA,0,NA,0,0,NA,0,NA,NA,NA,NA,NA,0,NA,0
573,1,J.Monroe,00-0039285,DB,NYJ,0,2,0,2,NA,NA,NA,NA,NA,NA,NA,NA,NA,NA,NA,NA,NA,NA,NA,0,0,NA
573,1,J.Sirmon,00-0039288,LB,NYJ,0,1,0,1,NA,NA,NA,NA,NA,NA,0,NA,NA,NA,NA,NA,NA,NA,NA,NA,NA,NA
573,3,L.Taylor,00-0039289,DT,NE,0,5,0,5,NA,0,0,NA,NA,NA,NA,NA,NA,NA,NA,NA,NA,NA,0,NA,0,0
573,1,E.Watts,00-0039291,DE,NYJ,0,4,0,4,NA,NA,NA,NA,NA,NA,NA,NA,NA,NA,NA,NA,0,NA,0,NA,0,0
573,2,S.Bartholomew,00-0039292,CB,GB,0,1,0,1,NA,NA,NA,NA,NA,NA,NA,NA,NA,NA,NA,NA,NA,NA,NA,NA,NA,0
573,3,B.Murphy,00-0039309,DT,SEA,0,16,0,16,0,0,0,0,0,0,0,NA,0,NA,0,0,0,0,0,0,0,0
573,2,M.Battle,00-0039312,CB,NE,0,1,0,1,NA,NA,NA,NA,NA,NA,NA,NA,NA,NA,NA,NA,NA,NA,NA,NA,0,NA
573,1,S.Bozeman,00-0039313,LB,NYG,0,4,0,4,NA,0,0,NA,0,NA,NA,NA,NA,NA,NA,0,NA,NA,NA,NA,NA,NA
573,4,R.Rehkow,00-0039323,P,CIN,0,17,0,17,0,0,0,0,0,0,0,0,0,NA,0,0,0,0,0,0,0,0
573,2,C.Roland-Wallace,00-0039324,CB,KC,0,9,0,9,NA,NA,0,0,0,0,0,0,0,NA,0,0,NA,NA,NA,NA,NA,NA
573,1,C.Ravenell,00-0039332,DE,TEN,0,6,0,6,NA,0,0,NA,NA,NA,NA,0,0,NA,NA,NA,NA,NA,NA,0,NA,0
573,2,B.Codrington,00-0039333,CB,BUF,0,4,0,4,0,0,0,NA,NA,0,NA,NA,NA,NA,NA,NA,NA,NA,NA,NA,NA,NA
573,2,T.Fuaga,00-0039339,OT,NO,0,5,0,5,NA,0,NA,0,NA,NA,NA,NA,NA,NA,NA,NA,0,NA,0,NA,NA,0
573,1,L.Latu,00-0039340,DE,IND,0,16,0,16,0,NA,0,0,0,0,0,0,0,0,NA,0,0,0,0,0,0,0
573,2,T.Guyton,00-0039341,OT,DAL,0,4,0,4,NA,0,0,NA,NA,NA,NA,0,NA,NA,NA,0,NA,NA,NA,NA,NA,NA
573,2,K.Lassiter,00-0039343,CB,HOU,0,16,0,16,0,0,0,0,0,NA,0,0,0,0,0,0,0,0,0,0,0,NA
573,2,R.Green,00-0039345,CB,SF,0,14,0,14,0,0,0,NA,0,0,0,0,0,0,0,0,0,NA,0,NA,NA,0
573,1,T.Wallace,00-0039347,LB,CAR,0,12,0,12,0,0,0,0,0,0,0,0,0,0,NA,NA,0,NA,0,NA,NA,NA
573,1,C.Beebe,00-0039348,C,DAL,0,1,0,1,NA,NA,NA,NA,NA,NA,NA,NA,NA,NA,NA,NA,NA,NA,NA,0,NA,NA
573,2,D.Glaze,00-0039349,OT,LV,0,3,0,3,0,NA,NA,NA,NA,NA,NA,NA,NA,NA,0,0,NA,NA,NA,NA,NA,NA
573,2,D.Puni,00-0039351,OT,SF,0,4,0,4,NA,NA,0,NA,NA,0,NA,NA,NA,NA,NA,NA,NA,NA,0,NA,0,NA
573,1,M.Liufau,00-0039352,LB,DAL,0,13,0,13,0,NA,NA,0,0,0,0,0,0,NA,0,0,NA,0,0,0,0,NA
573,2,J.Jones,00-0039353,CB,JAX,0,15,0,15,0,0,NA,0,0,NA,0,NA,0,0,0,0,0,0,0,0,0,0
573,3,M.Jackson,00-0039354,DT,CIN,0,4,0,4,NA,NA,NA,NA,0,NA,NA,NA,NA,NA,0,NA,NA,NA,0,0,NA,NA
573,2,D.Richardson,00-0039357,CB,LV,0,10,0,10,0,0,NA,NA,NA,NA,NA,NA,0,0,0,0,0,NA,0,0,NA,0
573,4,M.McCormick,00-0039358,G,PIT,0,1,0,1,NA,NA,NA,NA,NA,NA,0,NA,NA,NA,NA,NA,NA,NA,NA,NA,NA,NA
573,4,M.Mustapha,00-0039360,SAF,SF,0,12,0,12,NA,NA,NA,NA,NA,0,0,0,0,0,0,0,0,NA,0,0,0,0
573,138,I.Guerendo,00-0039363,RB,SF,0,7,0,0,0,0,0,NA,0,NA,0,NA,0,NA,NA,NA,0,NA,NA,NA,NA,NA
573,2,T.Still,00-0039366,CB,LAC,0,15,0,15,0,0,0,0,0,0,0,0,NA,NA,0,NA,0,0,0,0,0,0
573,1,J.Magee,00-0039368,LB,WAS,0,14,0,14,NA,NA,0,NA,0,0,0,0,0,0,0,NA,0,0,0,0,0,0
573,2,C.Hart,00-0039369,CB,LAC,0,16,0,16,0,0,NA,0,0,0,0,0,0,0,0,NA,0,0,0,0,0,0
573,1,J.Bertrand,00-0039370,LB,ATL,0,9,0,9,NA,NA,0,0,NA,NA,0,0,0,0,0,NA,0,NA,NA,NA,NA,0
573,2,K.Abrams-Draine,00-0039371,CB,DEN,0,11,0,11,0,0,NA,NA,NA,0,NA,0,0,NA,0,NA,0,0,0,NA,0,0
573,2,J.Brownlee,00-0039372,CB,NYJ,0,8,0,8,0,0,NA,NA,NA,0,0,0,NA,0,0,0,NA,NA,NA,NA,NA,NA
573,1,T.Eichenberg,00-0039374,LB,LV,0,14,0,14,0,0,NA,0,NA,0,NA,NA,0,0,0,0,0,0,0,0,0,0
573,2,J.Newton,00-0039375,CB,CIN,0,11,0,11,0,NA,0,0,0,NA,0,0,0,NA,0,0,0,NA,NA,0,NA,NA
573,1,J.Carlies,00-0039377,LB,IND,0,1,0,1,NA,NA,NA,NA,NA,NA,NA,NA,NA,NA,NA,NA,NA,NA,NA,NA,0,NA
573,2,C.Smith-Wade,00-0039380,CB,CAR,0,16,0,16,0,0,0,0,NA,0,0,0,0,0,0,0,0,NA,0,0,0,0
573,2,J.Simpson,00-0039383,CB,GB,0,1,0,1,NA,NA,NA,NA,NA,NA,NA,NA,NA,NA,NA,NA,NA,NA,NA,NA,NA,0
573,2,C.Carson,00-0039387,CB,DAL,0,7,0,7,NA,NA,NA,NA,NA,NA,0,NA,0,NA,0,0,NA,0,0,NA,NA,0
573,1,J.Ford,00-0039388,LB,NO,0,9,0,9,0,NA,0,NA,NA,0,0,NA,NA,0,NA,0,NA,NA,0,0,NA,0
573,3,L.Lee,00-0039389,DT,PIT,0,4,0,4,NA,NA,NA,NA,NA,NA,NA,NA,NA,NA,NA,NA,NA,0,0,NA,0,0
573,1,J.Hill,00-0039395,LB,HOU,0,6,0,6,NA,NA,NA,0,0,NA,0,NA,0,NA,NA,NA,NA,NA,0,0,NA,NA
573,3,M.Wingo,00-0039396,DT,DET,0,2,0,2,NA,0,NA,NA,NA,NA,NA,NA,NA,NA,NA,NA,NA,NA,NA,NA,NA,0
573,3,Z.Logue,00-0039400,DT,BUF,0,2,0,2,NA,0,NA,NA,0,NA,NA,NA,NA,NA,NA,NA,NA,NA,NA,NA,NA,NA
573,3,K.Boyd,00-0039401,DT,NO,0,3,0,3,NA,NA,NA,0,NA,NA,0,NA,NA,NA,NA,NA,NA,NA,NA,NA,NA,0
573,3,J.Crumedy,00-0039402,DT,CAR,0,1,0,1,NA,NA,0,NA,NA,NA,NA,NA,NA,NA,NA,NA,NA,NA,NA,NA,NA,NA
573,2,W.Reichard,00-0039404,K,MIN,0,17,0,17,0,0,0,0,0,NA,0,0,0,0,0,0,0,0,0,0,0,0
573,4,C.Mahogany,00-0039408,G,DET,0,2,0,2,NA,NA,0,0,NA,NA,NA,NA,NA,NA,NA,NA,NA,NA,NA,NA,NA,NA
573,2,C.Little,00-0039409,K,JAX,0,17,0,17,0,0,0,0,0,0,0,NA,0,0,0,0,0,0,0,0,0,0
573,4,E.Klein,00-0039411,G,TB,0,1,0,1,NA,NA,0,NA,NA,NA,NA,NA,NA,NA,NA,NA,NA,NA,NA,NA,NA,NA
573,1,J.Jean-Baptiste,00-0039412,DE,WAS,0,3,0,3,NA,0,0,0,NA,NA,NA,NA,NA,NA,NA,NA,NA,NA,NA,NA,NA,NA
573,4,D.Anthony,00-0039414,SAF,CIN,0,3,0,3,NA,NA,NA,NA,NA,NA,NA,NA,NA,NA,NA,NA,NA,0,NA,0,0,NA
573,1,J.Davis,00-0039416,DB,ARI,0,2,0,2,NA,NA,NA,NA,NA,NA,NA,NA,NA,NA,NA,NA,NA,NA,NA,0,NA,0
573,2,M.Harden,00-0039417,CB,CLE,0,16,0,16,0,0,0,0,0,0,0,0,NA,0,0,0,0,0,0,0,NA,0
573,4,M.Jurgens,00-0039419,G,MIN,0,1,0,1,NA,NA,0,NA,NA,NA,NA,NA,NA,NA,NA,NA,NA,NA,NA,NA,NA,NA
573,1,L.Rodriguez,00-0039421,DL,MIN,0,15,0,15,0,0,0,0,0,NA,0,0,0,0,0,0,0,NA,0,0,0,NA
573,2,N.Thomas,00-0039422,OT,DAL,0,4,0,4,NA,NA,NA,0,0,NA,NA,NA,NA,NA,NA,NA,NA,0,0,NA,NA,NA
573,3,J.Laulu,00-0039423,DT,LV,0,17,0,17,0,0,0,0,0,0,0,NA,0,0,0,0,0,0,0,0,0,0
573,1,J.Williams,00-0039430,LB,TEN,0,11,0,11,0,0,NA,NA,0,0,NA,NA,NA,NA,NA,0,0,0,0,0,0,0
573,1,J.Briggs,00-0039431,DE,NYJ,0,14,0,14,0,0,NA,0,0,NA,0,NA,NA,0,0,0,0,0,0,0,0,0
573,1,T.Bethune,00-0039435,LB,SF,0,12,0,12,0,0,0,NA,NA,0,0,0,0,0,0,NA,NA,NA,NA,0,0,0
573,1,J.Harrell,00-0039436,LB,TEN,0,15,0,15,0,0,0,0,0,NA,0,0,0,NA,0,NA,0,0,0,0,0,0
573,1,K.Eguakun,00-0039442,C,DET,0,2,0,2,NA,NA,NA,NA,NA,NA,NA,NA,NA,NA,NA,NA,NA,NA,NA,0,0,NA
573,1,H.Hatten,00-0039445,LS,DET,0,2,0,2,NA,NA,NA,NA,NA,NA,0,NA,NA,NA,NA,NA,NA,NA,NA,NA,NA,0
573,4,L.Strickland,00-0039448,SAF,DET,0,1,0,1,NA,NA,NA,NA,NA,NA,0,NA,NA,NA,NA,NA,NA,NA,NA,NA,NA,NA
573,2,T.Benedet,00-0039459,OT,CHI,0,5,0,5,NA,NA,NA,0,NA,0,0,NA,0,NA,0,NA,NA,NA,NA,NA,NA,NA
573,1,C.Jones,00-0039460,LB,BAL,0,9,0,9,0,NA,0,0,NA,NA,0,0,0,NA,NA,0,0,NA,NA,NA,0,NA
573,1,R.Steward,00-0039465,DB,DAL,0,16,0,16,NA,0,0,0,0,0,0,0,0,NA,0,0,0,0,0,0,0,0
573,4,J.Colbert,00-0039480,SAF,MIA,0,3,0,3,NA,NA,0,NA,NA,0,NA,NA,NA,0,NA,NA,NA,NA,NA,NA,NA,NA
573,2,S.Duck,00-0039481,CB,MIA,0,1,0,1,0,NA,NA,NA,NA,NA,NA,NA,NA,NA,NA,NA,NA,NA,NA,NA,NA,NA
573,2,I.Johnson,00-0039483,CB,MIA,0,2,0,2,NA,NA,NA,NA,NA,NA,NA,NA,0,NA,NA,NA,NA,NA,0,NA,NA,NA
573,1,A.Meyer,00-0039485,C,MIA,0,1,0,1,NA,NA,NA,NA,NA,NA,NA,NA,NA,NA,NA,NA,NA,NA,NA,NA,0,NA
573,125,H.Rucci,00-0039489,TE,MIA,0,1,0,0,NA,NA,NA,NA,NA,NA,NA,0,NA,NA,NA,NA,NA,NA,NA,NA,NA,NA
573,2,H.Mevis,00-0039498,K,LA,0,9,0,9,NA,NA,NA,NA,NA,NA,NA,NA,NA,0,0,0,0,0,0,0,0,0
573,4,C.Edmonds,00-0039513,SAF,CLE,0,5,0,5,NA,NA,NA,NA,NA,NA,NA,NA,NA,0,0,0,0,NA,NA,NA,NA,0
573,1,W.Putnam,00-0039544,C,LV,0,1,0,1,NA,NA,NA,NA,NA,NA,NA,NA,NA,NA,NA,0,NA,NA,NA,NA,NA,NA
573,2,F.Crum,00-0039568,OT,DEN,0,1,0,1,NA,NA,NA,NA,NA,NA,NA,NA,NA,NA,0,NA,NA,NA,NA,NA,NA,NA
573,2,S.Shrader,00-0039576,K,IND,0,5,0,5,0,0,0,0,0,NA,NA,NA,NA,NA,NA,NA,NA,NA,NA,NA,NA,NA
573,4,D.Tucker,00-0039578,G,IND,0,2,0,2,NA,NA,NA,0,NA,NA,NA,NA,NA,NA,NA,NA,NA,NA,NA,0,NA,NA
573,4,R.Wisdom,00-0039596,SAF,TB,0,3,0,3,0,NA,NA,0,NA,NA,NA,NA,NA,NA,NA,NA,NA,NA,NA,NA,NA,0
573,4,D.Richardson,00-0039601,SAF,CAR,0,6,0,6,0,0,0,NA,NA,NA,NA,NA,0,NA,NA,0,0,NA,NA,NA,NA,NA
573,2,R.Payton,00-0039620,CB,NYG,0,4,0,4,NA,NA,NA,NA,NA,NA,NA,NA,NA,0,NA,0,NA,NA,NA,NA,0,0
573,1,I.Stalbird,00-0039622,LB,NO,0,11,0,11,0,NA,0,NA,0,0,NA,0,NA,0,NA,0,0,NA,0,0,NA,0
573,4,P.Jules,00-0039632,SAF,CIN,0,9,0,9,NA,NA,0,0,NA,NA,0,0,0,NA,0,0,0,NA,NA,NA,NA,0
573,1,M.Njongmeta,00-0039637,LB,CAR,0,9,0,9,NA,NA,0,NA,0,0,0,NA,0,0,0,NA,NA,NA,NA,0,NA,0
573,4,T.Harper,00-0039660,SAF,DET,0,10,0,10,NA,NA,NA,NA,NA,0,0,NA,0,0,0,0,0,0,NA,0,0,NA
573,1,C.Anusiem,00-0039676,DB,LV,0,1,0,1,NA,NA,NA,NA,NA,NA,NA,NA,NA,NA,NA,NA,NA,NA,0,NA,NA,NA
573,4,T.Owens,00-0039681,SAF,WAS,0,11,0,11,NA,NA,0,0,0,NA,0,0,0,0,NA,NA,NA,0,0,0,0,NA
573,4,D.Pettus,00-0039692,SAF,NE,0,11,0,11,0,0,NA,0,0,0,NA,NA,0,0,0,NA,NA,NA,0,NA,0,0
573,219,J.Jones,00-0039710,WR,MIN,0,1,0,0,NA,NA,NA,NA,NA,NA,NA,NA,NA,NA,NA,NA,NA,NA,NA,NA,NA,0
573,2,D.McGlothern,00-0039714,CB,MIN,0,2,0,2,NA,NA,0,NA,NA,NA,NA,NA,NA,0,NA,NA,NA,NA,NA,NA,NA,NA
573,1,G.Murphy,00-0039715,LB,MIN,0,1,0,1,NA,0,NA,NA,NA,NA,NA,NA,NA,NA,NA,NA,NA,NA,NA,NA,NA,NA
573,1,B.Richter,00-0039718,LB,MIN,0,7,0,7,NA,NA,NA,0,0,NA,NA,0,NA,NA,0,NA,0,0,NA,NA,NA,0
573,3,T.Taimani,00-0039720,DT,MIN,0,1,0,1,NA,NA,NA,NA,NA,NA,NA,NA,NA,NA,NA,NA,NA,NA,NA,NA,NA,0
573,2,J.Latham,00-0039731,OT,TEN,0,9,0,9,0,NA,NA,NA,NA,NA,0,NA,0,NA,0,0,NA,0,0,NA,0,0
573,3,R.Orhorhoro,00-0039733,DT,ATL,0,16,0,16,0,0,0,0,NA,0,0,0,0,NA,0,0,0,0,0,0,0,0
573,1,B.Fiske,00-0039734,DE,LA,0,15,0,15,0,NA,0,0,0,0,0,NA,0,0,0,0,0,0,0,NA,0,0
573,4,J.Powers-Johnson,00-0039735,G,LV,0,3,0,3,0,NA,NA,0,NA,NA,0,NA,NA,NA,NA,NA,NA,NA,NA,NA,NA,NA
573,2,M.Goncalves,00-0039736,OT,IND,0,5,0,5,0,NA,NA,NA,NA,NA,NA,0,NA,NA,NA,0,NA,NA,0,0,NA,NA
573,1,J.Hunt,00-0039740,LB,PHI,0,17,0,17,0,0,0,0,0,0,0,0,NA,0,0,0,0,0,0,0,0,0
573,1,P.Wilson,00-0039741,LB,PIT,0,17,0,17,0,0,0,0,NA,0,0,0,0,0,0,0,0,0,0,0,0,0
573,3,J.Jefferson,00-0039743,DT,CIN,0,1,0,1,NA,NA,NA,NA,NA,NA,NA,NA,0,NA,NA,NA,NA,NA,NA,NA,NA,NA
573,1,T.Bortolini,00-0039744,C,IND,0,5,0,5,NA,NA,NA,NA,NA,NA,0,NA,0,0,NA,0,NA,NA,NA,0,NA,NA
573,4,T.Taylor,00-0039745,P,CHI,0,17,0,17,0,0,0,0,NA,0,0,0,0,0,0,0,0,0,0,0,0,0
573,1,T.Davis,00-0039749,DE,LA,0,16,0,16,0,0,0,0,0,0,NA,NA,0,0,0,0,0,0,0,0,0,0
573,2,J.Karty,00-0039750,K,LA,0,8,0,8,0,0,0,0,0,0,0,NA,0,NA,NA,NA,NA,NA,NA,NA,NA,NA
573,1,C.Johnson,00-0039752,DE,CIN,0,8,0,8,NA,NA,NA,NA,NA,NA,NA,NA,0,NA,0,0,0,0,NA,0,0,0
573,4,B.Limmer,00-0039753,G,LA,0,1,0,1,0,NA,NA,NA,NA,NA,NA,NA,NA,NA,NA,NA,NA,NA,NA,NA,NA,NA
573,2,K.Leveston,00-0039755,OT,CLE,0,6,0,6,NA,0,NA,0,0,NA,NA,NA,NA,NA,NA,NA,NA,0,NA,0,0,NA
573,1,J.Andreessen,00-0039763,LB,BUF,0,14,0,14,0,0,NA,0,0,0,NA,0,0,NA,0,0,0,0,0,NA,0,0
573,3,E.Chatman,00-0039764,DT,NYG,0,3,0,3,NA,NA,NA,NA,NA,NA,NA,NA,NA,NA,0,NA,NA,NA,NA,0,NA,0
573,2,C.Woods,00-0039770,CB,NE,0,9,0,9,NA,NA,0,0,NA,0,NA,NA,NA,0,0,0,NA,NA,0,NA,0,0
573,2,J.Wallace,00-0039772,CB,LA,0,9,0,9,NA,NA,NA,0,0,NA,0,NA,NA,0,0,0,NA,0,0,0,NA,NA
573,1,O.Speights,00-0039774,LB,LA,0,16,0,16,0,0,0,0,0,NA,0,NA,0,0,0,0,0,0,0,0,0,0
573,4,J.McCollough,00-0039776,SAF,LA,0,17,0,17,0,0,0,0,0,0,0,NA,0,0,0,0,0,0,0,0,0,0
573,1,A.Goodlow,00-0039783,DE,ARI,0,3,0,3,NA,NA,0,0,NA,0,NA,NA,NA,NA,NA,NA,NA,NA,NA,NA,NA,NA
573,1,J.Dedich,00-0039784,OL,LA,0,1,0,1,NA,NA,NA,NA,NA,NA,NA,NA,NA,NA,NA,NA,NA,NA,NA,0,NA,NA
573,2,Q.Stiggers,00-0039789,CB,NYJ,0,11,0,11,0,0,0,NA,NA,0,NA,0,NA,NA,0,NA,0,0,0,0,0,NA
573,2,O.Fashanu,00-0039790,OT,NYJ,0,2,0,2,NA,NA,0,NA,NA,NA,NA,NA,NA,NA,NA,NA,0,NA,NA,NA,NA,NA
573,2,N.Pritchett,00-0039795,CB,SEA,0,9,0,9,0,NA,NA,0,0,0,0,NA,0,0,NA,0,0,NA,NA,NA,NA,NA
573,2,D.James,00-0039800,CB,NE,0,1,0,1,0,NA,NA,NA,NA,NA,NA,NA,NA,NA,NA,NA,NA,NA,NA,NA,NA,NA
573,2,M.Melton,00-0039807,CB,ARI,0,9,0,9,0,0,0,0,NA,0,0,NA,0,NA,0,0,NA,NA,NA,NA,NA,NA
573,4,I.Adams,00-0039808,G,ARI,0,5,0,5,0,0,NA,NA,0,NA,NA,NA,NA,NA,0,NA,NA,NA,0,NA,NA,NA
573,1,J.Elliss,00-0039809,LB,DEN,0,11,0,11,0,0,0,NA,0,NA,NA,0,0,NA,NA,NA,NA,0,0,0,0,0
573,1,T.Hopper,00-0039812,LB,GB,0,13,0,13,0,0,0,NA,NA,0,0,NA,0,0,0,0,0,0,0,NA,NA,0
573,4,E.Williams,00-0039813,SAF,GB,0,16,0,16,0,0,0,0,NA,0,0,0,0,0,0,0,0,0,0,NA,0,0
573,1,T.Knight,00-0039815,LB,SEA,0,14,0,14,0,0,0,0,0,0,0,NA,0,0,0,NA,0,0,NA,0,0,NA
573,4,K.Oladapo,00-0039818,SAF,GB,0,6,0,6,0,0,NA,NA,NA,NA,0,NA,NA,NA,NA,0,0,NA,NA,NA,NA,0
573,2,A.Phillips,00-0039821,CB,NYG,0,17,0,17,0,0,0,0,0,0,0,0,0,0,0,0,0,NA,0,0,0,0
573,2,E.Jones,00-0039823,CB,ARI,0,1,0,1,NA,NA,NA,NA,NA,NA,NA,NA,NA,NA,NA,NA,NA,NA,NA,NA,NA,0
573,4,J.Hicks,00-0039825,SAF,KC,0,15,0,15,0,0,0,0,0,NA,0,0,0,NA,0,0,0,NA,0,0,0,0
573,1,J.Trotter,00-0039826,LB,PHI,0,13,0,13,0,0,0,0,NA,0,NA,0,NA,0,0,0,NA,0,0,0,NA,0
573,2,W.Rouse,00-0039828,OT,MIN,0,1,0,1,NA,0,NA,NA,NA,NA,NA,NA,NA,NA,NA,NA,NA,NA,NA,NA,NA,NA
573,1,D.Muasau,00-0039829,LB,NYG,0,12,0,12,0,0,NA,0,0,0,0,0,0,NA,NA,NA,NA,NA,0,0,0,0
573,2,K.Hadden,00-0039831,CB,GB,0,3,0,3,NA,0,NA,NA,NA,NA,NA,NA,NA,NA,NA,0,NA,NA,NA,NA,0,NA
573,4,K.Kinchens,00-0039834,SAF,LA,0,17,0,17,0,0,0,0,0,0,0,NA,0,0,0,0,0,0,0,0,0,0
573,3,J.Eboigbe,00-0039835,DT,LAC,0,15,0,15,NA,0,0,0,0,0,NA,0,0,0,0,NA,0,0,0,0,0,0
573,1,B.Jackson,00-0039836,LB,LV,0,2,0,2,NA,0,0,NA,NA,NA,NA,NA,NA,NA,NA,NA,NA,NA,NA,NA,NA,NA
573,4,C.Bullock,00-0039838,SAF,HOU,0,16,0,16,0,0,0,NA,0,NA,0,0,0,0,0,0,0,0,0,0,0,0
573,1,A.Booker,00-0039840,DE,CHI,0,10,0,10,NA,NA,NA,NA,NA,NA,NA,NA,0,0,0,0,0,0,0,0,0,0
573,2,C.DeJean,00-0039841,CB,PHI,0,16,0,16,0,0,0,0,0,0,0,0,NA,0,0,0,0,0,0,0,0,NA
573,2,K.Suamataia,00-0039844,OT,KC,0,5,0,5,NA,NA,NA,NA,0,NA,NA,NA,NA,NA,0,0,NA,NA,NA,0,NA,0
573,4,T.Smith,00-0039846,SAF,TB,0,16,0,16,0,0,0,0,0,0,0,0,NA,0,0,0,0,0,NA,0,0,0
573,1,E.Cooper,00-0039850,LB,GB,0,16,0,16,0,0,0,0,NA,0,0,0,0,0,0,0,0,0,0,0,0,NA
573,1,J.Verse,00-0039852,LB,LA,0,17,0,17,0,0,0,0,0,0,0,NA,0,0,0,0,0,0,0,0,0,0
573,1,D.Robinson,00-0039854,DL,ARI,0,15,0,15,0,0,0,0,NA,NA,0,NA,0,0,0,0,0,0,0,0,0,0
573,2,B.Fisher,00-0039857,OT,HOU,0,4,0,4,0,NA,NA,NA,NA,NA,0,NA,NA,0,NA,NA,NA,NA,0,NA,NA,NA
573,1,C.Gray,00-0039858,LB,TEN,0,16,0,16,0,0,0,0,0,0,0,0,0,NA,0,0,0,0,0,NA,0,0
573,1,B.Dorlus,00-0039859,DE,ATL,0,14,0,14,NA,0,0,0,NA,0,0,0,0,0,0,0,0,NA,0,0,0,NA
573,2,K.McKinstry,00-0039860,CB,NO,0,17,0,17,0,0,0,0,0,0,0,0,0,0,NA,0,0,0,0,0,0,0
573,4,T.Nubin,00-0039861,SAF,NYG,0,13,0,13,0,0,0,0,0,0,0,0,0,0,NA,NA,0,NA,0,0,NA,NA
573,4,D.Taylor-Demerson,00-0039864,SAF,ARI,0,12,0,12,0,0,0,0,0,0,0,NA,0,0,NA,NA,NA,NA,NA,0,0,0
573,4,J.Bullard,00-0039867,SAF,GB,0,17,0,17,0,0,0,0,NA,0,0,0,0,0,0,0,0,0,0,0,0,0
573,2,T.Fautanu,00-0039871,OT,PIT,0,2,0,2,NA,NA,0,NA,NA,NA,NA,NA,NA,0,NA,NA,NA,NA,NA,NA,NA,NA
573,4,C.Bishop,00-0039872,SAF,BUF,0,16,0,16,0,0,0,0,0,0,NA,0,0,0,0,0,0,0,0,0,0,NA
573,1,S.Van Pran-Granger,00-0039876,C,BUF,0,1,0,1,NA,NA,NA,NA,NA,NA,NA,NA,NA,NA,NA,NA,NA,NA,NA,NA,NA,0
573,1,J.Solomon,00-0039879,DE,BUF,0,12,0,12,0,0,NA,0,NA,0,NA,0,0,0,0,0,0,NA,0,NA,NA,0
573,3,T.Sweat,00-0039886,DT,TEN,0,12,0,12,0,NA,NA,NA,NA,NA,0,0,0,NA,0,0,0,0,0,0,0,0
573,2,Q.Mitchell,00-0039888,CB,PHI,0,16,0,16,0,0,0,0,0,0,0,0,NA,0,0,0,0,0,0,0,0,NA
573,3,M.Smith,00-0039889,DT,JAX,0,11,0,11,NA,0,NA,0,NA,0,0,NA,0,0,0,0,0,0,0,NA,NA,NA
573,3,M.Hall,00-0039895,DT,CLE,0,7,0,7,NA,NA,NA,NA,NA,NA,NA,NA,NA,NA,0,0,0,0,0,NA,0,0
573,1,Z.Frazier,00-0039896,C,PIT,0,5,0,5,NA,0,0,NA,NA,NA,0,NA,NA,NA,NA,NA,0,NA,NA,NA,0,NA
573,2,J.Alt,00-0039897,OT,LAC,0,1,0,1,NA,NA,NA,NA,NA,NA,NA,0,NA,NA,NA,NA,NA,NA,NA,NA,NA,NA
573,2,M.Sainristil,00-0039898,CB,WAS,0,17,0,17,0,0,0,0,0,0,0,0,0,0,0,NA,0,0,0,0,0,0
573,2,P.Paul,00-0039899,OT,MIA,0,6,0,6,NA,0,NA,0,NA,NA,NA,0,NA,NA,NA,NA,NA,0,NA,NA,0,0
573,1,M.Kneeland,00-0039900,DE,DAL,0,7,0,7,0,0,0,0,NA,0,NA,0,0,NA,NA,NA,NA,NA,NA,NA,NA,NA
573,1,C.Braswell,00-0039902,LB,TB,0,13,0,13,NA,NA,0,0,0,0,0,0,NA,0,0,0,0,0,NA,0,0,NA
573,2,T.Arnold,00-0039903,CB,DET,0,8,0,8,0,0,0,0,0,NA,NA,NA,0,0,NA,NA,0,NA,NA,NA,NA,NA
573,2,J.Morgan,00-0039904,OT,GB,0,3,0,3,NA,NA,0,0,NA,NA,NA,NA,NA,NA,NA,NA,NA,NA,NA,NA,NA,0
573,1,G.Barton,00-0039905,C,TB,0,8,0,8,0,NA,0,NA,NA,NA,NA,0,NA,NA,0,0,NA,0,NA,0,0,NA
573,3,J.Newton,00-0039906,DT,WAS,0,13,0,13,0,0,0,0,0,0,0,0,NA,0,0,NA,NA,NA,0,0,0,NA
573,3,K.Jenkins,00-0039908,DT,CIN,0,12,0,12,0,0,0,0,0,0,0,NA,0,NA,0,0,NA,0,0,NA,NA,NA
573,1,C.Robinson,00-0039911,LB,MIA,0,12,0,12,0,0,NA,NA,0,0,0,NA,0,NA,0,NA,0,0,0,0,0,NA
573,2,B.Coleman,00-0039913,OT,WAS,0,4,0,4,NA,NA,NA,NA,NA,NA,NA,NA,NA,NA,0,NA,0,NA,NA,0,0,NA
573,1,D.Turner,00-0039924,LB,MIN,0,17,0,17,0,0,0,0,0,NA,0,0,0,0,0,0,0,0,0,0,0,0
573,2,A.Mims,00-0039925,OT,CIN,0,5,0,5,0,0,NA,0,NA,0,0,NA,NA,NA,NA,NA,NA,NA,NA,NA,NA,NA
573,1,J.Sundell,00-0039926,C,SEA,0,3,0,3,NA,NA,0,NA,0,0,NA,NA,NA,NA,NA,NA,NA,NA,NA,NA,NA,NA
573,2,J.McAtamney,00-0039934,K,NYG,0,4,0,4,NA,NA,NA,0,0,0,0,NA,NA,NA,NA,NA,NA,NA,NA,NA,NA,NA
573,1,J.Sheriff,00-0039944,LB,SEA,0,1,0,1,NA,NA,NA,NA,NA,NA,NA,NA,NA,NA,NA,0,NA,NA,NA,NA,NA,NA
573,1,T.Maguranyanga,00-0040004,DE,WAS,0,1,0,1,NA,NA,NA,NA,NA,NA,NA,NA,NA,NA,NA,NA,0,NA,NA,NA,NA,NA
573,4,T.Booker,00-0040007,G,DAL,0,5,0,5,NA,NA,NA,NA,NA,NA,0,NA,0,NA,0,0,NA,NA,NA,NA,0,NA
573,2,S.Revel,00-0040008,CB,DAL,0,7,0,7,NA,NA,NA,NA,NA,NA,NA,NA,NA,NA,0,0,0,0,0,0,0,NA
573,1,B.Sorrell,00-0040010,DE,GB,0,8,0,8,NA,0,NA,NA,NA,0,NA,0,NA,0,0,NA,NA,0,NA,0,NA,0
573,1,S.James,00-0040011,LB,DAL,0,14,0,14,NA,NA,NA,0,0,0,0,0,0,NA,0,0,0,0,0,0,0,0
573,1,C.Oliver,00-0040012,LB,GB,0,1,0,1,NA,NA,NA,NA,NA,NA,NA,NA,NA,NA,NA,NA,NA,NA,NA,NA,NA,0
573,1,S.Mondon,00-0040013,LB,PHI,0,8,0,8,NA,NA,NA,NA,NA,0,NA,NA,NA,0,0,0,NA,0,0,NA,0,0
573,3,W.Brinson,00-0040016,DT,GB,0,8,0,8,NA,NA,NA,NA,NA,NA,0,NA,NA,NA,0,0,0,0,0,0,NA,0
573,3,J.Toia,00-0040019,DT,DAL,0,3,0,3,0,NA,NA,NA,NA,0,NA,NA,0,NA,NA,NA,NA,NA,NA,NA,NA,NA
573,2,M.Robinson,00-0040020,CB,TEN,0,6,0,6,NA,NA,NA,NA,NA,NA,NA,NA,NA,NA,0,0,NA,0,NA,0,0,0
573,2,B.Johnson,00-0040027,CB,PHI,0,2,0,2,NA,NA,NA,NA,NA,NA,NA,NA,NA,NA,NA,NA,NA,NA,NA,0,NA,0
573,2,J.Baldwin,00-0040033,CB,GB,0,1,0,1,NA,NA,NA,NA,NA,NA,NA,NA,NA,NA,NA,NA,NA,NA,NA,NA,NA,0
573,1,J.Johnson,00-0040037,LB,GB,0,1,0,1,NA,NA,NA,NA,NA,NA,NA,NA,NA,NA,NA,NA,NA,NA,NA,NA,NA,0
573,3,N.Stackhouse,00-0040041,DT,GB,0,7,0,7,0,NA,NA,0,NA,0,0,NA,0,NA,NA,NA,0,NA,NA,NA,NA,0
573,2,Z.Childress,00-0040044,CB,DAL,0,2,0,2,NA,0,NA,NA,NA,NA,NA,NA,0,NA,NA,NA,NA,NA,NA,NA,NA,NA
573,4,A.Clark,00-0040045,SAF,DAL,0,9,0,9,NA,NA,NA,NA,0,0,0,0,NA,NA,0,0,0,NA,0,NA,0,NA
573,125,N.Kallerup,00-0040058,TE,SEA,0,4,0,0,NA,NA,NA,NA,NA,NA,NA,NA,NA,0,0,NA,0,NA,0,NA,NA,NA
573,1,C.O'Toole,00-0040061,LB,SEA,0,4,0,4,NA,NA,NA,NA,NA,NA,NA,NA,0,0,NA,NA,NA,NA,NA,0,0,NA
573,1,J.Woodard,00-0040066,LB,MIA,0,1,0,1,NA,NA,NA,NA,NA,NA,NA,NA,NA,NA,NA,NA,NA,NA,NA,NA,NA,0
573,2,E.Jones,00-0040068,OT,BAL,0,1,0,1,NA,NA,NA,NA,NA,NA,NA,NA,NA,NA,NA,NA,0,NA,NA,NA,NA,NA
573,1,T.Buchanan,00-0040069,LB,BAL,0,14,0,14,0,0,0,0,0,0,NA,0,0,0,0,0,0,0,0,NA,NA,NA
573,2,M.McWilliams,00-0040071,CB,PHI,0,2,0,2,NA,NA,NA,0,NA,NA,NA,NA,NA,NA,NA,NA,NA,NA,NA,NA,NA,0
573,1,J.Bassa,00-0040072,LB,KC,0,8,0,8,NA,0,0,NA,NA,0,NA,0,0,NA,NA,NA,NA,NA,NA,0,0,0
573,2,T.Loop,00-0040074,K,BAL,0,17,0,17,0,0,0,0,0,0,NA,0,0,0,0,0,0,0,0,0,0,0
573,219,L.Wester,00-0040075,WR,BAL,0,14,0,0,0,0,0,NA,0,0,NA,NA,0,0,0,0,NA,0,0,0,0,0
573,3,A.Peebles,00-0040076,DT,BAL,0,4,0,4,0,0,0,0,NA,NA,NA,NA,NA,NA,NA,NA,NA,NA,NA,NA,NA,NA
573,1,K.Knowles,00-0040089,DB,KC,0,9,0,9,NA,0,0,NA,NA,NA,NA,NA,0,NA,0,0,NA,0,0,0,NA,0
573,2,E.Pole,00-0040092,OT,KC,0,2,0,2,NA,NA,NA,NA,NA,NA,NA,NA,NA,NA,NA,NA,NA,0,NA,0,NA,NA
573,1,J.Higgins,00-0040100,LB,BAL,0,7,0,7,NA,NA,0,0,0,NA,NA,0,NA,0,NA,NA,NA,NA,NA,NA,0,0
573,4,K.Jackson,00-0040104,SAF,BAL,0,10,0,10,NA,NA,NA,NA,NA,0,NA,0,0,0,0,NA,0,0,NA,0,0,0
573,4,R.Lowery,00-0040106,SAF,BAL,0,1,0,1,NA,NA,NA,NA,0,NA,NA,NA,NA,NA,NA,NA,NA,NA,NA,NA,NA,NA
573,1,C.Martin,00-0040108,LB,BAL,0,2,0,2,NA,NA,NA,NA,NA,NA,NA,NA,NA,NA,0,0,NA,NA,NA,NA,NA,NA
573,2,J.Simmons,00-0040116,OT,KC,0,5,0,5,0,0,0,NA,NA,NA,NA,NA,NA,NA,0,NA,0,NA,NA,NA,NA,NA
573,1,C.McDonald,00-0040118,LB,KC,0,11,0,11,0,NA,0,0,NA,0,0,0,NA,NA,NA,0,0,0,NA,NA,0,0
573,2,A.Membou,00-0040123,OT,NYJ,0,7,0,7,NA,NA,NA,0,0,NA,0,NA,NA,NA,NA,NA,0,0,0,0,NA,NA
573,2,K.Banks,00-0040125,OT,NO,0,6,0,6,NA,NA,0,NA,NA,0,NA,NA,0,NA,NA,NA,0,NA,0,NA,NA,0
573,3,K.Grant,00-0040127,DT,MIA,0,17,0,17,0,0,0,0,0,0,0,0,0,0,0,NA,0,0,0,0,0,0
573,2,A.Thomas,00-0040133,CB,NYJ,0,8,0,8,NA,0,0,NA,NA,NA,0,0,NA,0,NA,0,0,0,NA,NA,NA,NA
573,1,N.Martin,00-0040135,LB,SF,0,4,0,4,NA,NA,NA,NA,NA,NA,0,NA,NA,NA,0,0,0,NA,NA,NA,NA,NA
573,1,P.Umanmielen,00-0040136,LB,CAR,0,14,0,14,0,0,NA,0,0,0,0,NA,NA,0,0,0,0,NA,0,0,0,0
573,1,J.Burch,00-0040137,LB,ARI,0,13,0,13,0,0,0,0,NA,0,NA,NA,0,0,NA,0,0,0,0,NA,0,0
573,4,D.Fairchild,00-0040140,G,CIN,0,6,0,6,NA,NA,0,0,NA,NA,NA,0,NA,NA,0,0,NA,NA,0,NA,NA,NA
573,4,K.Winston,00-0040141,SAF,TEN,0,8,0,8,NA,NA,NA,NA,NA,NA,0,0,0,NA,0,0,0,0,0,NA,NA,NA
573,2,J.Parrish,00-0040143,CB,TB,0,16,0,16,0,0,0,0,0,0,0,0,NA,NA,0,0,0,0,0,0,0,0
573,3,J.Caldwell,00-0040144,DT,LAC,0,13,0,13,NA,0,0,0,NA,0,0,NA,0,0,0,NA,NA,0,0,0,0,0
573,4,J.Wilson,00-0040147,G,NE,0,4,0,4,0,0,NA,NA,NA,NA,NA,0,NA,0,NA,NA,NA,NA,NA,NA,NA,NA
573,4,X.Watts,00-0040148,SAF,ATL,0,17,0,17,0,0,0,0,NA,0,0,0,0,0,0,0,0,0,0,0,0,0
573,2,J.Smith,00-0040149,CB,HOU,0,3,0,3,0,0,NA,NA,NA,NA,NA,NA,0,NA,NA,NA,NA,NA,NA,NA,NA,NA
573,4,C.Rogers,00-0040150,G,LV,0,1,0,1,NA,NA,NA,NA,NA,NA,NA,NA,NA,NA,NA,NA,NA,NA,NA,NA,NA,0
573,2,U.Stout,00-0040152,CB,SF,0,16,0,16,0,0,0,0,0,0,NA,0,0,0,0,0,0,NA,0,0,0,0
573,1,S.Jones,00-0040153,DE,DEN,0,1,0,1,NA,NA,NA,NA,NA,NA,NA,NA,NA,NA,NA,NA,NA,NA,NA,NA,NA,0
573,1,D.Stutsman,00-0040155,LB,NO,0,16,0,16,0,0,0,0,NA,0,0,0,0,0,NA,0,0,0,0,0,0,0
573,4,B.Bowman,00-0040156,SAF,ATL,0,6,0,6,0,0,0,0,NA,NA,NA,NA,NA,0,0,NA,NA,NA,NA,NA,NA,NA
573,1,B.Carter,00-0040157,LB,CIN,0,16,0,16,0,NA,0,0,0,0,0,0,0,NA,0,0,0,0,0,0,0,0
573,4,L.Ransom,00-0040159,SAF,CAR,0,15,0,15,0,0,0,0,0,0,0,0,0,0,NA,0,0,NA,0,0,NA,0
573,1,J.Sawyer,00-0040160,LB,PIT,0,16,0,16,0,0,0,0,NA,0,0,NA,0,0,0,0,0,0,0,0,0,0
573,1,K.Kennard,00-0040161,LB,LAC,0,2,0,2,NA,NA,0,NA,NA,0,NA,NA,NA,NA,NA,NA,NA,NA,NA,NA,NA,NA
573,2,J.Travis,00-0040163,OT,IND,0,2,0,2,NA,NA,NA,NA,NA,NA,NA,NA,NA,NA,NA,NA,NA,NA,0,0,NA,NA
573,2,Q.Riley,00-0040166,CB,NO,0,16,0,16,NA,0,0,0,0,0,0,0,0,0,NA,0,0,0,0,0,0,0
573,1,R.Hyppolite,00-0040167,LB,CHI,0,3,0,3,0,0,NA,NA,NA,NA,NA,NA,NA,NA,NA,0,NA,NA,NA,NA,NA,NA
573,1,Q.Robinson,00-0040168,LB,DEN,0,6,0,6,NA,NA,NA,NA,NA,0,0,NA,0,NA,0,NA,0,NA,NA,0,NA,NA
573,3,T.Hemingway,00-0040169,DT,LV,0,7,0,7,NA,NA,NA,NA,NA,NA,NA,NA,NA,0,0,NA,NA,0,0,0,0,0
573,3,J.Farmer,00-0040171,DT,NE,0,11,0,11,0,NA,0,0,0,0,0,0,0,0,NA,NA,0,NA,0,NA,NA,NA
573,3,T.Ingram-Dawkins,00-0040173,DT,MIN,0,9,0,9,0,0,0,NA,0,NA,NA,NA,NA,NA,0,0,0,NA,0,0,NA,NA
573,3,C.Jackson,00-0040174,DT,CAR,0,4,0,4,NA,NA,0,0,NA,NA,NA,NA,NA,NA,NA,NA,NA,NA,NA,NA,0,0
573,3,J.Phillips,00-0040175,DT,MIA,0,14,0,14,0,0,NA,0,0,0,0,0,0,0,0,NA,0,NA,0,NA,0,0
573,1,B.Swinson,00-0040176,LB,NE,0,1,0,1,NA,NA,NA,NA,NA,NA,NA,NA,NA,NA,NA,0,NA,NA,NA,NA,NA,NA
573,2,J.Marshall,00-0040178,CB,MIA,0,9,0,9,0,0,0,NA,NA,NA,NA,NA,NA,0,0,NA,NA,0,NA,0,0,0
573,2,J.Rivers,00-0040180,OT,CIN,0,2,0,2,NA,NA,NA,NA,NA,0,0,NA,NA,NA,NA,NA,NA,NA,NA,NA,NA,NA
573,4,M.Mbow,00-0040181,G,NYG,0,2,0,2,NA,NA,NA,NA,NA,NA,NA,NA,0,NA,NA,NA,NA,NA,NA,NA,NA,0
573,4,D.Trader,00-0040182,SAF,MIA,0,15,0,15,0,0,0,0,0,0,NA,0,0,0,NA,NA,0,0,0,0,0,0
573,1,E.Roberts,00-0040183,DE,TB,0,12,0,12,NA,0,0,0,0,0,0,0,NA,0,NA,0,0,0,NA,NA,NA,0
573,4,M.Sigle,00-0040185,SAF,SF,0,13,0,13,0,0,0,0,0,0,0,0,NA,NA,0,0,0,NA,NA,0,0,NA
573,1,F.Mauigoa,00-0040186,LB,NYJ,0,12,0,12,0,0,0,0,0,0,0,0,NA,NA,0,0,0,0,NA,NA,NA,NA
573,1,Y.Black,00-0040188,DE,PIT,0,12,0,12,0,0,0,NA,NA,NA,NA,0,NA,0,0,0,0,0,NA,0,0,0
573,2,J.Hancock,00-0040192,CB,BUF,0,9,0,9,NA,NA,NA,0,NA,0,NA,0,0,NA,NA,0,0,0,NA,0,NA,0
573,4,M.Frazier,00-0040193,G,DET,0,1,0,1,NA,NA,NA,NA,NA,NA,NA,NA,NA,NA,NA,NA,NA,0,NA,NA,NA,NA
573,2,D.Burke,00-0040195,CB,ARI,0,14,0,14,NA,0,0,0,0,NA,NA,NA,0,0,0,0,0,0,0,0,0,0
573,1,T.Baron,00-0040196,DE,NYJ,0,4,0,4,NA,NA,0,0,0,NA,NA,NA,NA,NA,0,NA,NA,NA,NA,NA,NA,NA
573,2,D.Strong,00-0040197,CB,BUF,0,4,0,4,0,0,0,0,NA,NA,NA,NA,NA,NA,NA,NA,NA,NA,NA,NA,NA,NA
573,3,J.Pegues,00-0040199,DT,LV,0,7,0,7,NA,NA,NA,0,0,NA,NA,NA,NA,NA,NA,0,0,0,NA,NA,0,0
573,2,A.Borregales,00-0040200,K,NE,0,17,0,17,0,0,0,0,0,0,0,0,0,0,0,0,0,NA,0,0,0,0
573,2,M.Harris,00-0040201,CB,TEN,0,11,0,11,NA,0,NA,0,0,NA,NA,0,0,NA,0,0,0,0,0,0,NA,NA
573,4,J.Reed,00-0040204,SAF,HOU,0,2,0,2,NA,NA,NA,NA,NA,NA,NA,NA,NA,NA,NA,0,0,NA,NA,NA,NA,NA
573,4,B.Taylor,00-0040212,G,LAC,0,1,0,1,NA,NA,NA,NA,NA,NA,NA,NA,NA,NA,NA,NA,NA,NA,NA,NA,NA,0
573,4,R.Lane,00-0040213,SAF,JAX,0,14,0,14,0,0,0,0,0,0,NA,NA,NA,0,NA,0,0,0,0,0,0,0
573,1,K.King,00-0040214,LB,NYJ,0,9,0,9,NA,NA,0,0,0,NA,NA,NA,NA,0,0,0,0,0,NA,0,NA,NA
573,1,K.Medrano,00-0040216,LB,WAS,0,4,0,4,NA,NA,NA,NA,NA,NA,NA,NA,NA,NA,0,NA,0,0,NA,0,NA,NA
573,4,R.Mickens,00-0040221,SAF,LAC,0,10,0,10,NA,NA,0,NA,NA,0,0,0,0,0,0,NA,NA,0,0,NA,NA,0
573,4,J.Crawshaw,00-0040223,P,DEN,0,17,0,17,0,0,0,0,0,0,0,0,0,0,0,NA,0,0,0,0,0,0
573,2,J.Nelson,00-0040224,OT,ATL,0,1,0,1,NA,NA,NA,NA,NA,NA,NA,NA,NA,NA,NA,NA,NA,0,NA,NA,NA,NA
573,125,T.Fidone,00-0040225,TE,NYG,0,1,0,0,NA,NA,NA,NA,NA,NA,0,NA,NA,NA,NA,NA,NA,NA,NA,NA,NA,NA
573,1,C.Lindenberg,00-0040228,LB,LV,0,6,0,6,NA,0,NA,NA,NA,0,NA,NA,0,0,NA,NA,0,NA,0,NA,NA,NA
573,4,K.Crawford,00-0040230,SAF,ARI,0,11,0,11,NA,0,0,0,0,0,NA,NA,NA,0,0,NA,0,0,0,0,NA,NA
573,1,C.Bruener,00-0040231,LB,PIT,0,12,0,12,0,0,NA,0,NA,0,0,0,NA,0,NA,0,NA,0,0,0,NA,0
573,219,D.Lovett,00-0040241,WR,DET,0,2,0,0,NA,NA,NA,NA,NA,0,NA,NA,NA,0,NA,NA,NA,NA,NA,NA,NA,NA
573,2,K.Black,00-0040243,CB,NYG,0,5,0,5,NA,NA,NA,NA,NA,NA,NA,0,0,0,0,0,NA,NA,NA,NA,NA,NA
573,1,J.Ashby,00-0040246,LS,NE,0,6,0,6,NA,NA,NA,NA,NA,0,0,NA,0,NA,NA,NA,NA,NA,0,0,NA,0
573,3,Z.Biggers,00-0040248,DT,MIA,0,7,0,7,NA,NA,NA,NA,NA,NA,NA,NA,NA,0,0,NA,0,NA,0,0,0,0
573,1,F.Diggs,00-0040249,LB,NO,0,2,0,2,NA,0,0,NA,NA,NA,NA,NA,NA,NA,NA,NA,NA,NA,NA,NA,NA,NA
573,2,T.Bridges,00-0040251,CB,DAL,0,8,0,8,NA,NA,0,NA,NA,NA,0,0,0,NA,NA,NA,0,0,NA,0,NA,0
573,1,K.Minor,00-0040252,DB,NE,0,1,0,1,NA,NA,NA,NA,NA,NA,NA,NA,NA,NA,NA,NA,NA,NA,NA,NA,0,NA
573,1,A.Huntington,00-0040255,DE,CLE,0,9,0,9,0,0,0,0,0,NA,0,NA,NA,0,0,NA,NA,NA,NA,NA,0,NA
573,2,D.Jones,00-0040258,CB,CLE,0,2,0,2,NA,NA,NA,NA,NA,NA,0,0,NA,NA,NA,NA,NA,NA,NA,NA,NA,NA
573,1,E.Mascarenas-Arnold,00-0040261,LB,CLE,0,7,0,7,NA,NA,0,NA,0,NA,0,NA,NA,0,NA,NA,0,NA,0,NA,NA,0
573,4,D.McMillon,00-0040263,SAF,CLE,0,12,0,12,0,NA,0,NA,0,0,0,0,NA,0,0,NA,0,NA,NA,0,0,0
573,2,R.Fitzgerald,00-0040279,K,CAR,0,17,0,17,0,0,0,0,0,0,0,0,0,0,0,0,0,NA,0,0,0,0
573,1,B.Martin-Scott,00-0040289,LB,CAR,0,11,0,11,NA,0,0,NA,0,0,0,0,NA,0,0,0,NA,NA,NA,NA,0,0
573,4,T.Thomas,00-0040295,SAF,CAR,0,1,0,1,NA,NA,NA,NA,0,NA,NA,NA,NA,NA,NA,NA,NA,NA,NA,NA,NA,NA
573,2,C.Thornton,00-0040296,CB,CAR,0,7,0,7,0,NA,0,NA,0,NA,NA,0,NA,0,0,0,NA,NA,NA,NA,NA,NA
573,3,R.Barber,00-0040314,DT,WAS,0,1,0,1,NA,NA,NA,NA,NA,NA,NA,NA,NA,NA,NA,NA,NA,NA,NA,NA,0,NA
573,1,A.Kaho,00-0040318,LB,WAS,0,3,0,3,NA,NA,NA,NA,NA,NA,NA,NA,NA,0,NA,NA,NA,NA,0,NA,NA,0
573,1,B.Combs,00-0040326,LB,JAX,0,7,0,7,NA,NA,NA,NA,NA,NA,NA,NA,0,NA,0,0,0,NA,0,0,NA,0
573,1,E.Downs,00-0040328,DE,KC,0,1,0,1,NA,NA,NA,NA,NA,NA,NA,NA,NA,NA,NA,NA,NA,NA,NA,NA,NA,0
573,1,B.Green,00-0040329,DE,JAX,0,8,0,8,NA,NA,NA,NA,NA,0,0,NA,NA,NA,0,NA,0,0,0,0,NA,0
573,1,C.Silmon-Craig,00-0040339,DB,JAX,0,1,0,1,NA,NA,NA,NA,NA,NA,NA,NA,NA,NA,NA,NA,NA,0,NA,NA,NA,NA
573,1,D.Striggow,00-0040342,DE,JAX,0,8,0,8,NA,NA,NA,NA,NA,0,NA,NA,0,0,0,0,0,0,NA,NA,NA,0
573,2,J.Edwards,00-0040347,CB,IND,0,9,0,9,NA,NA,NA,0,0,0,0,0,NA,NA,NA,NA,NA,NA,0,0,0,0
573,219,C.Owen,00-0040352,WR,IND,0,2,0,0,NA,NA,NA,NA,NA,NA,NA,NA,NA,NA,NA,NA,NA,NA,0,0,NA,NA
573,4,T.Washington,00-0040357,SAF,IND,0,2,0,2,NA,NA,NA,NA,0,NA,NA,0,NA,NA,NA,NA,NA,NA,NA,NA,NA,NA
573,1,K.Jenkins,00-0040362,LB,BUF,0,3,0,3,NA,0,0,NA,NA,NA,NA,NA,NA,NA,NA,NA,NA,NA,NA,NA,NA,0
573,3,H.Cross,00-0040369,DT,CIN,0,3,0,3,NA,NA,0,NA,NA,NA,NA,NA,NA,NA,NA,NA,NA,NA,NA,0,NA,0
573,3,E.Gregory,00-0040371,DT,NE,0,5,0,5,NA,NA,NA,NA,NA,NA,NA,NA,NA,NA,0,NA,0,NA,NA,0,0,0
573,2,B.Lux,00-0040372,CB,CIN,0,1,0,1,NA,NA,NA,NA,NA,NA,NA,NA,NA,NA,NA,NA,NA,NA,NA,NA,0,NA
573,1,W.Wagner,00-0040379,LS,CIN,0,2,0,2,0,NA,0,NA,NA,NA,NA,NA,NA,NA,NA,NA,NA,NA,NA,NA,NA,NA
573,2,J.Fryar,00-0040382,OT,ARI,0,4,0,4,NA,NA,NA,NA,NA,NA,NA,NA,NA,NA,NA,0,NA,NA,NA,0,0,0
573,1,E.Simmons,00-0040384,DL,TB,0,4,0,4,NA,NA,NA,0,NA,0,NA,NA,NA,0,NA,NA,NA,NA,NA,NA,0,NA
573,4,D.Clark,00-0040396,SAF,NYJ,0,7,0,7,NA,NA,0,NA,NA,NA,NA,NA,NA,0,0,NA,NA,NA,0,0,0,0
573,2,J.Clark,00-0040397,CB,NYJ,0,3,0,3,NA,NA,NA,NA,NA,NA,NA,NA,NA,NA,NA,NA,NA,NA,0,0,0,NA
573,3,P.Page,00-0040404,DT,NYJ,0,2,0,2,NA,NA,NA,NA,NA,NA,NA,NA,NA,NA,NA,NA,NA,NA,NA,NA,0,0
573,1,J.Weston,00-0040408,LB,NYJ,0,2,0,2,NA,NA,NA,NA,NA,NA,0,NA,NA,0,NA,NA,NA,NA,NA,NA,NA,NA
573,1,A.Brinkman,00-0040409,LS,HOU,0,1,0,1,NA,NA,NA,NA,NA,NA,NA,NA,NA,NA,NA,NA,NA,NA,NA,0,NA,NA
573,2,A.Huzzie,00-0040411,CB,HOU,0,1,0,1,NA,NA,NA,NA,NA,NA,NA,NA,NA,NA,NA,NA,NA,NA,NA,NA,NA,0
573,1,J.Bullock,00-0040416,LB,TB,0,8,0,8,0,0,NA,0,0,NA,NA,0,NA,NA,0,NA,NA,0,NA,0,NA,NA
573,2,B.Chukwuma,00-0040417,OT,TB,0,1,0,1,NA,NA,NA,NA,NA,NA,NA,NA,NA,NA,NA,NA,NA,0,NA,NA,NA,NA
573,219,D.Cambre,00-0040431,WR,NYG,0,3,0,0,NA,NA,NA,NA,NA,NA,NA,NA,NA,NA,0,NA,NA,NA,0,NA,NA,0
573,1,K.Reid,00-0040449,LB,DEN,0,4,0,4,NA,NA,NA,0,0,0,NA,0,NA,NA,NA,NA,NA,NA,NA,NA,NA,NA
573,4,X.Truss,00-0040451,G,NO,0,1,0,1,NA,NA,0,NA,NA,NA,NA,NA,NA,NA,NA,NA,NA,NA,NA,NA,NA,NA
573,1,M.Wax,00-0040460,LB,LAC,0,12,0,12,NA,0,0,0,0,0,0,0,NA,0,0,NA,0,0,NA,NA,NA,0
573,2,N.Reed,00-0040471,CB,LAC,0,3,0,3,NA,NA,NA,NA,NA,NA,NA,NA,0,0,0,NA,NA,NA,NA,NA,NA,NA
573,138,U.Bentley,00-0040476,RB,IND,0,1,0,0,0,NA,NA,NA,NA,NA,NA,NA,NA,NA,NA,NA,NA,NA,NA,NA,NA,NA
573,2,G.Vance,00-0040489,CB,LV,0,4,0,4,NA,NA,NA,NA,NA,NA,NA,NA,0,NA,NA,NA,0,NA,NA,NA,0,0
573,1,T.Batty,00-0040492,DE,MIN,0,9,0,9,NA,NA,NA,NA,NA,NA,0,0,0,0,NA,0,NA,NA,0,0,0,0
573,1,C.Chambliss,00-0040496,LB,MIN,0,5,0,5,0,NA,0,NA,NA,NA,NA,NA,0,NA,NA,0,NA,NA,NA,0,NA,NA
573,4,J.Huber,00-0040500,G,MIN,0,2,0,2,NA,NA,0,NA,0,NA,NA,NA,NA,NA,NA,NA,NA,NA,NA,NA,NA,NA
573,1,A.Keys,00-0040501,LB,MIN,0,7,0,7,NA,NA,0,NA,0,NA,0,0,NA,NA,NA,NA,0,0,0,NA,NA,NA
573,1,D.Mausi,00-0040503,LB,TEN,0,10,0,10,0,0,0,NA,0,0,NA,NA,0,NA,NA,0,NA,0,NA,0,0,NA
573,219,M.Price,00-0040506,WR,MIN,0,16,0,0,0,0,0,0,0,NA,0,0,0,0,0,0,0,0,0,0,0,NA
573,4,S.Castro,00-0040527,SAF,PIT,0,4,0,4,NA,NA,NA,NA,NA,0,NA,NA,NA,NA,NA,0,0,NA,NA,NA,0,NA
573,2,B.Sauls,00-0040530,K,NYG,0,3,0,3,NA,NA,NA,NA,NA,NA,NA,NA,NA,NA,NA,NA,NA,NA,NA,0,0,0
573,4,T.Simpkins,00-0040541,G,NO,0,3,0,3,NA,NA,0,NA,0,NA,NA,NA,NA,NA,NA,NA,NA,NA,NA,0,NA,NA
573,2,C.Bryant,00-0040546,CB,ATL,0,6,0,6,NA,NA,NA,NA,NA,NA,NA,NA,NA,NA,0,0,NA,NA,0,0,0,0
573,1,E.Ponder,00-0040574,LB,NE,0,14,0,14,0,0,NA,NA,0,0,0,0,0,0,0,0,0,NA,NA,0,0,0
573,1,J.Walker,00-0040577,DE,ATL,0,14,0,14,0,0,0,0,NA,0,NA,NA,0,0,0,0,0,NA,0,0,0,0
573,1,J.Pearce,00-0040578,DE,ATL,0,15,0,15,0,0,NA,NA,NA,0,0,0,0,0,0,0,0,0,0,0,0,0
573,1,C.Schwesinger,00-0040579,LB,CLE,0,16,0,16,0,0,0,0,0,0,0,0,NA,0,0,0,0,0,0,0,0,NA
573,1,J.Stewart,00-0040580,LB,LA,0,15,0,15,0,0,NA,0,0,0,0,NA,0,0,0,0,0,0,0,0,NA,0
573,3,T.Hamilton,00-0040585,DT,LA,0,9,0,9,NA,0,NA,0,0,0,0,NA,NA,NA,NA,0,0,NA,NA,0,0,NA
573,1,J.Harvey,00-0040604,DE,LV,0,1,0,1,NA,NA,NA,NA,NA,NA,NA,NA,NA,NA,NA,NA,NA,NA,NA,NA,NA,0
573,1,S.Dolac,00-0040613,LB,LA,0,12,0,12,0,0,0,0,0,0,NA,NA,NA,0,NA,0,NA,0,NA,0,0,0
573,1,E.Williams,00-0040624,DE,MIN,0,4,0,4,NA,NA,NA,0,NA,NA,0,NA,NA,0,NA,NA,NA,NA,NA,0,NA,NA
573,1,N.Jackson,00-0040625,LB,TB,0,2,0,2,NA,NA,NA,NA,NA,NA,NA,NA,NA,NA,0,NA,NA,NA,0,NA,NA,NA
573,219,D.Campbell,00-0040629,WR,CAR,0,1,0,0,NA,NA,0,NA,NA,NA,NA,NA,NA,NA,NA,NA,NA,NA,NA,NA,NA,NA
573,1,J.Turner,00-0040634,LB,DEN,0,4,0,4,NA,NA,NA,NA,NA,NA,NA,0,NA,NA,0,NA,NA,NA,NA,0,NA,0
573,2,K.Martin,00-0040636,CB,BAL,0,8,0,8,0,0,0,0,0,NA,NA,0,NA,0,0,NA,NA,NA,NA,NA,NA,NA
573,4,G.Zabel,00-0040639,G,SEA,0,5,0,5,NA,NA,NA,NA,0,NA,0,NA,NA,NA,NA,0,NA,NA,NA,0,NA,0
573,1,A.Gillotte,00-0040640,DE,KC,0,16,0,16,0,0,0,0,0,NA,0,0,0,NA,0,0,0,0,0,0,0,0
573,2,D.Porter,00-0040641,CB,LV,0,11,0,11,NA,NA,0,NA,0,NA,NA,NA,0,0,0,NA,0,0,0,0,0,0
573,3,V.Broughton,00-0040642,DT,NO,0,1,0,1,NA,0,NA,NA,NA,NA,NA,NA,NA,NA,NA,NA,NA,NA,NA,NA,NA,NA
573,4,J.Sanker,00-0040643,SAF,NO,0,16,0,16,NA,0,0,0,0,0,0,0,0,0,NA,0,0,0,0,0,0,0
573,1,C.Simon,00-0040645,LB,ARI,0,14,0,14,0,NA,0,0,NA,0,0,NA,0,0,0,0,0,0,NA,0,0,0
573,1,R.Mills,00-0040647,DE,SEA,0,2,0,2,NA,NA,NA,NA,NA,NA,NA,NA,NA,NA,NA,NA,NA,NA,NA,0,0,NA
573,138,R.Ouzts,00-0040649,RB,SEA,0,4,0,0,NA,0,NA,NA,NA,NA,NA,NA,0,0,NA,NA,NA,0,NA,NA,NA,NA
573,4,B.Cabeldue,00-0040650,G,SEA,0,1,0,1,NA,NA,NA,NA,NA,NA,NA,NA,NA,NA,NA,NA,NA,0,NA,NA,NA,NA
573,4,K.Kroeger,00-0040654,P,NO,0,17,0,17,0,0,0,0,0,0,0,0,0,0,NA,0,0,0,0,0,0,0
573,1,M.Williams,00-0040660,DE,SF,0,9,0,9,0,0,0,0,0,0,0,0,0,NA,NA,NA,NA,NA,NA,NA,NA,NA
573,4,D.Jackson,00-0040661,G,MIN,0,5,0,5,NA,NA,0,NA,NA,NA,NA,0,0,0,0,NA,NA,NA,NA,NA,NA,NA
573,3,T.Robinson,00-0040662,DT,PHI,0,3,0,3,NA,NA,NA,NA,NA,0,NA,NA,NA,NA,NA,NA,NA,NA,0,NA,NA,0
573,2,N.Williams,00-0040670,CB,KC,0,16,0,16,0,0,0,0,0,0,0,NA,0,NA,0,0,0,0,0,0,0,0
573,3,T.Williams,00-0040672,DT,DET,0,13,0,13,0,0,NA,NA,0,0,0,NA,0,NA,0,0,0,0,0,NA,0,0
573,1,A.Carter,00-0040677,LB,NYG,0,15,0,15,0,0,0,0,0,NA,0,0,0,NA,0,0,0,NA,0,0,0,0
573,3,D.Harmon,00-0040678,DT,PIT,0,12,0,12,NA,NA,0,0,NA,0,0,0,0,0,0,0,NA,NA,NA,0,0,0
573,3,M.Graham,00-0040685,DT,CLE,0,17,0,17,0,0,0,0,0,0,0,0,NA,0,0,0,0,0,0,0,0,0
573,2,J.Conerly,00-0040686,OT,WAS,0,7,0,7,0,NA,0,NA,NA,NA,0,0,NA,0,NA,NA,0,NA,0,NA,NA,NA
573,4,M.Starks,00-0040688,SAF,BAL,0,17,0,17,0,0,0,0,0,0,NA,0,0,0,0,0,0,0,0,0,0,0
573,3,D.Alexander,00-0040694,DT,NYG,0,11,0,11,NA,0,0,NA,0,NA,0,0,0,0,0,0,NA,NA,NA,NA,0,0
573,2,W.Campbell,00-0040699,OT,NE,0,6,0,6,0,0,0,NA,NA,NA,0,NA,0,NA,0,NA,NA,NA,NA,NA,NA,NA
573,3,W.Nolen,00-0040706,DT,ARI,0,6,0,6,NA,NA,NA,NA,NA,NA,NA,NA,0,0,0,0,NA,NA,0,0,NA,NA
573,1,J.Campbell,00-0040708,LB,PHI,0,16,0,16,0,0,0,0,0,0,0,0,NA,0,0,0,NA,0,0,0,0,0
573,2,M.Hairston,00-0040709,CB,BUF,0,8,0,8,NA,NA,NA,NA,NA,NA,NA,0,0,0,NA,0,NA,0,0,NA,0,0
573,3,D.Walker,00-0040710,DT,BUF,0,15,0,15,NA,0,0,0,0,0,NA,0,0,0,0,0,0,0,0,0,0,NA
573,3,C.West,00-0040711,DT,SF,0,10,0,10,NA,NA,0,NA,NA,0,NA,NA,NA,0,0,0,0,NA,0,0,0,0
573,4,C.Woodson,00-0040716,SAF,NE,0,17,0,17,0,0,0,0,0,0,0,0,0,0,0,0,0,NA,0,0,0,0
573,2,J.Barron,00-0040720,CB,DEN,0,16,0,16,0,0,0,0,0,NA,0,0,0,0,0,NA,0,0,0,0,0,0
573,3,A.Collins,00-0040721,DT,SF,0,11,0,11,0,0,NA,NA,0,0,0,0,NA,NA,NA,0,0,NA,NA,0,0,0
573,1,M.Green,00-0040722,LB,BAL,0,17,0,17,0,0,0,0,0,0,NA,0,0,0,0,0,0,0,0,0,0,0
573,1,J.Kiser,00-0040723,LB,JAX,0,6,0,6,NA,NA,NA,0,0,NA,NA,NA,0,NA,NA,NA,0,0,0,NA,NA,NA
573,3,T.Sanders,00-0040724,DT,BUF,0,10,0,10,NA,0,NA,0,NA,NA,NA,NA,NA,NA,0,0,0,0,0,0,0,0
573,1,D.Ezeiruaku,00-0040725,DE,DAL,0,17,0,17,0,0,0,0,0,0,0,0,0,NA,0,0,0,0,0,0,0,0
573,2,A.Belton,00-0040726,OT,GB,0,2,0,2,NA,0,NA,NA,NA,NA,NA,NA,NA,NA,NA,NA,NA,NA,0,NA,NA,NA
573,4,T.Ratledge,00-0040728,G,DET,0,5,0,5,NA,NA,NA,0,NA,NA,NA,NA,0,NA,NA,NA,NA,0,NA,0,NA,0
573,2,T.Amos,00-0040731,CB,WAS,0,10,0,10,0,0,0,0,0,0,0,0,0,0,NA,NA,NA,NA,NA,NA,NA,NA
573,4,N.Emmanwori,00-0040733,SAF,SEA,0,14,0,14,0,NA,NA,NA,0,0,0,NA,0,0,0,0,0,0,0,0,0,0
573,1,D.Knight,00-0040738,LB,CIN,0,17,0,17,0,0,0,0,0,0,0,0,0,NA,0,0,0,0,0,0,0,0
573,2,O.Trapilo,00-0040740,OT,CHI,0,2,0,2,NA,NA,NA,NA,NA,NA,NA,NA,NA,NA,NA,NA,NA,NA,0,NA,0,NA
573,3,S.Turner,00-0040741,DT,CHI,0,2,0,2,NA,NA,NA,0,NA,0,NA,NA,NA,NA,NA,NA,NA,NA,NA,NA,NA,NA
573,2,J.Savaiinaea,00-0040742,OT,MIA,0,4,0,4,0,0,0,NA,NA,NA,NA,NA,NA,NA,NA,NA,NA,NA,NA,NA,0,NA
573,1,J.Tuimoloau,00-0040744,DE,IND,0,11,0,11,NA,NA,NA,0,0,NA,0,0,0,0,NA,0,0,0,0,NA,NA,0
573,2,A.Ersery,00-0040745,OT,HOU,0,6,0,6,NA,NA,0,NA,NA,NA,NA,NA,0,NA,NA,NA,0,0,0,0,NA,NA
573,1,N.Scourton,00-0040746,LB,CAR,0,15,0,15,NA,0,0,0,0,NA,0,0,0,0,0,0,0,NA,0,0,0,0
573,2,B.Morrison,00-0040747,CB,TB,0,9,0,9,NA,0,0,0,NA,NA,NA,0,NA,0,0,NA,NA,NA,NA,0,0,0
573,3,O.Norman-Lott,00-0040748,DT,KC,0,2,0,2,NA,0,0,NA,NA,NA,NA,NA,NA,NA,NA,NA,NA,NA,NA,NA,NA,NA
573,4,A.Mukuba,00-0040749,SAF,PHI,0,11,0,11,0,0,0,0,0,0,0,0,NA,0,0,0,NA,NA,NA,NA,NA,NA
573,2,W.Johnson,00-0040751,CB,ARI,0,11,0,11,0,0,NA,NA,0,0,0,NA,0,NA,NA,NA,0,0,0,0,0,NA
573,1,O.Oladejo,00-0040752,LB,TEN,0,6,0,6,0,0,0,0,0,0,NA,NA,NA,NA,NA,NA,NA,NA,NA,NA,NA,NA
573,1,S.Stewart,00-0040756,DE,CIN,0,6,0,6,NA,0,NA,NA,NA,NA,NA,0,0,NA,NA,NA,NA,NA,NA,0,0,0
2010,76,N.Mullens,00-0033319,QB,JAX,-0.04000000000000006,4,0,0,NA,NA,NA,NA,NA,NA,NA,NA,NA,NA,NA,NA,-0.30000000000000004,0.01999999999999999,-0.2,NA,NA,0.44
2011,77,K.Slovis,00-0039577,QB,ARI,-0.08,2,0,0,NA,NA,NA,NA,NA,NA,NA,NA,NA,0,NA,-0.08,NA,NA,NA,NA,NA,NA
2012,78,J.Stidham,00-0035264,QB,DEN,-0.1,1,0,0,NA,NA,NA,NA,NA,NA,NA,-0.1,NA,NA,NA,NA,NA,NA,NA,NA,NA,NA
2012,78,A.Martinez,00-0038658,QB,SF,-0.1,1,0,0,NA,NA,NA,NA,NA,NA,NA,NA,-0.1,NA,NA,NA,NA,NA,NA,NA,NA,NA
2014,150,N.Miller-Hines,00-0034367,RB,NO,-0.2,4,0,0,NA,NA,NA,NA,NA,0,0,-0.2,NA,NA,NA,NA,NA,NA,NA,NA,NA,0
2014,150,T.Homer,00-0035594,RB,CHI,-0.2,8,0,0,NA,NA,NA,NA,NA,NA,0,0,0,NA,-0.2,NA,0,0,NA,NA,0,0
2016,80,K.Allen,00-0034577,QB,DET,-0.30000000000000004,2,0,0,NA,NA,NA,-0.2,NA,NA,NA,NA,NA,-0.1,NA,NA,NA,NA,NA,NA,NA,NA
2017,81,J.Garoppolo,00-0031345,QB,LA,-1,3,0,0,NA,NA,NA,NA,NA,NA,-0.30000000000000004,NA,NA,NA,NA,NA,NA,-0.4,NA,NA,NA,-0.30000000000000004
2018,35,J.Gillan,00-0035042,P,NYG,-1.3,16,0,15,0,0,0,0,0,0,0,0,0,0,0,0,-1.3,NA,NA,0,0,0
2019,36,B.Mann,00-0036313,P,PHI,-3.4000000000000004,17,0,16,0,0,0,-3.4000000000000004,0,0,0,0,NA,0,0,0,0,0,0,0,0,0
2020,1,NA,NA,NA,TB,NA,18,0,18,NA,NA,NA,NA,NA,NA,NA,NA,NA,NA,NA,NA,NA,NA,NA,NA,NA,NA
